USE dop;

-- Educational Context
insert into Taxon(id, name, level) values (1, 'PRESCHOOLEDUCATION', 'EDUCATIONAL_CONTEXT');
insert into EducationalContext(id) values (1);
insert into Taxon(id, name, level) values (2, 'BASICEDUCATION', 'EDUCATIONAL_CONTEXT');
insert into EducationalContext(id) values (2);
insert into Taxon(id, name, level) values (3, 'SECONDARYEDUCATION', 'EDUCATIONAL_CONTEXT');
insert into EducationalContext(id) values (3);
insert into Taxon(id, name, level) values (4, 'VOCATIONALEDUCATION', 'EDUCATIONAL_CONTEXT');
insert into EducationalContext(id) values (4);


-- Domain

-- Preschool
insert into Taxon(id, name, level) values (100, 'Me_and_the_environment', 'DOMAIN');
insert into Domain(id, educationalContext) values (100, 1);
insert into Taxon(id, name, level) values (101, 'Language_and_speech', 'DOMAIN');
insert into Domain(id, educationalContext) values (101, 1);
insert into Taxon(id, name, level) values (102, 'Estonian', 'DOMAIN');
insert into Domain(id, educationalContext) values (102, 1);
insert into Taxon(id, name, level) values (103, 'Mathematics', 'DOMAIN');
insert into Domain(id, educationalContext) values (103, 1);
insert into Taxon(id, name, level) values (104, 'Arts', 'DOMAIN');
insert into Domain(id, educationalContext) values (104, 1);
insert into Taxon(id, name, level) values (105, 'Music', 'DOMAIN');
insert into Domain(id, educationalContext) values (105, 1);
insert into Taxon(id, name, level) values (106, 'Movement', 'DOMAIN');
insert into Domain(id, educationalContext) values (106, 1);

-- Basicschool
INSERT INTO Taxon(id, name, level) VALUES (107, 'keel_ja_kirjandus', 'DOMAIN');
INSERT INTO Domain(id, educationalContext) VALUES (107, 2);
INSERT INTO Taxon(id, name, level) VALUES (108, 'võõrkeeled', 'DOMAIN');
INSERT INTO Domain(id, educationalContext) VALUES (108, 2);
INSERT INTO Taxon(id, name, level) VALUES (109, 'matemaatika', 'DOMAIN');
INSERT INTO Domain(id, educationalContext) VALUES (109, 2);
INSERT INTO Taxon(id, name, level) VALUES (110, 'loodusained', 'DOMAIN');
INSERT INTO Domain(id, educationalContext) VALUES (110, 2);
INSERT INTO Taxon(id, name, level) VALUES (111, 'sotsiaalained', 'DOMAIN');
INSERT INTO Domain(id, educationalContext) VALUES (111, 2);
INSERT INTO Taxon(id, name, level) VALUES (112, 'kunstiained', 'DOMAIN');
INSERT INTO Domain(id, educationalContext) VALUES (112, 2);
INSERT INTO Taxon(id, name, level) VALUES (113, 'tehnoloogia', 'DOMAIN');
INSERT INTO Domain(id, educationalContext) VALUES (113, 2);
INSERT INTO Taxon(id, name, level) VALUES (114, 'kehaline_kasvatus', 'DOMAIN');
INSERT INTO Domain(id, educationalContext) VALUES (114, 2);
INSERT INTO Taxon(id, name, level) VALUES (115, 'valikõppeained', 'DOMAIN');
INSERT INTO Domain(id, educationalContext) VALUES (115, 2);

-- Secondary school
INSERT INTO Taxon(id, name, level) VALUES (118, 'keel_ja_kirjandus', 'DOMAIN');
INSERT INTO Domain(id, educationalContext) VALUES (118, 3);
INSERT INTO Taxon(id, name, level) VALUES (119, 'võõrkeeled', 'DOMAIN');
INSERT INTO Domain(id, educationalContext) VALUES (119, 3);
INSERT INTO Taxon(id, name, level) VALUES (120, 'matemaatika', 'DOMAIN');
INSERT INTO Domain(id, educationalContext) VALUES (120, 3);
INSERT INTO Taxon(id, name, level) VALUES (121, 'loodusained', 'DOMAIN');
INSERT INTO Domain(id, educationalContext) VALUES (121, 3);
INSERT INTO Taxon(id, name, level) VALUES (122, 'sotsiaalained', 'DOMAIN');
INSERT INTO Domain(id, educationalContext) VALUES (122, 3);
INSERT INTO Taxon(id, name, level) VALUES (123, 'kunstiained', 'DOMAIN');
INSERT INTO Domain(id, educationalContext) VALUES (123, 3);
INSERT INTO Taxon(id, name, level) VALUES (124, 'kehaline_kasvatus', 'DOMAIN');
INSERT INTO Domain(id, educationalContext) VALUES (124, 3);
INSERT INTO Taxon(id, name, level) VALUES (125, 'valikõppeained', 'DOMAIN');
INSERT INTO Domain(id, educationalContext) VALUES (125, 3);


-- Computer Science
insert into Taxon(id, name, level) values (129, 'Computer_science', 'DOMAIN');
insert into Domain(id, educationalContext) values (129, 4);


-- Subject


-- Basic Education

INSERT INTO Taxon(id, name, level) VALUES (1000, 'eesti_keel', 'SUBJECT');
INSERT INTO Subject(id, domain) VALUES (1000, 107);
INSERT INTO Taxon(id, name, level) VALUES (1001, 'kirjandus', 'SUBJECT');
INSERT INTO Subject(id, domain) VALUES (1001, 107);
INSERT INTO Taxon(id, name, level) VALUES (1002, 'vene_keel', 'SUBJECT');
INSERT INTO Subject(id, domain) VALUES (1002, 107);
INSERT INTO Taxon(id, name, level) VALUES (1003, 'eesti_keel_teise_keelena', 'SUBJECT');
INSERT INTO Subject(id, domain) VALUES (1003, 108);
INSERT INTO Taxon(id, name, level) VALUES (1004, 'inglise_keel', 'SUBJECT');
INSERT INTO Subject(id, domain) VALUES (1004, 108);
INSERT INTO Taxon(id, name, level) VALUES (1005, 'vene_keel', 'SUBJECT');
INSERT INTO Subject(id, domain) VALUES (1005, 108);
INSERT INTO Taxon(id, name, level) VALUES (1006, 'saksa_keel', 'SUBJECT');
INSERT INTO Subject(id, domain) VALUES (1006, 108);
INSERT INTO Taxon(id, name, level) VALUES (1007, 'prantsuse_keel', 'SUBJECT');
INSERT INTO Subject(id, domain) VALUES (1007, 108);
INSERT INTO Taxon(id, name, level) VALUES (1008, 'muu_võõrkeel', 'SUBJECT');
INSERT INTO Subject(id, domain) VALUES (1008, 108);
INSERT INTO Taxon(id, name, level) VALUES (1009, 'matemaatika', 'SUBJECT');
INSERT INTO Subject(id, domain) VALUES (1009, 109);
INSERT INTO Taxon(id, name, level) VALUES (1010, 'loodusõpetus', 'SUBJECT');
INSERT INTO Subject(id, domain) VALUES (1010, 110);
INSERT INTO Taxon(id, name, level) VALUES (1011, 'bioloogia', 'SUBJECT');
INSERT INTO Subject(id, domain) VALUES (1011, 110);
INSERT INTO Taxon(id, name, level) VALUES (1012, 'geograafia', 'SUBJECT');
INSERT INTO Subject(id, domain) VALUES (1012, 110);
INSERT INTO Taxon(id, name, level) VALUES (1013, 'füüsika', 'SUBJECT');
INSERT INTO Subject(id, domain) VALUES (1013, 110);
INSERT INTO Taxon(id, name, level) VALUES (1014, 'keemia', 'SUBJECT');
INSERT INTO Subject(id, domain) VALUES (1014, 110);
INSERT INTO Taxon(id, name, level) VALUES (1015, 'Inimeseõpetus', 'SUBJECT');
INSERT INTO Subject(id, domain) VALUES (1015, 111);
INSERT INTO Taxon(id, name, level) VALUES (1016, 'ajalugu', 'SUBJECT');
INSERT INTO Subject(id, domain) VALUES (1016, 111);
INSERT INTO Taxon(id, name, level) VALUES (1017, 'ühiskonnaõpetus', 'SUBJECT');
INSERT INTO Subject(id, domain) VALUES (1017, 111);
INSERT INTO Taxon(id, name, level) VALUES (1018, 'kunst', 'SUBJECT');
INSERT INTO Subject(id, domain) VALUES (1018, 112);
INSERT INTO Taxon(id, name, level) VALUES (1019, 'muusika', 'SUBJECT');
INSERT INTO Subject(id, domain) VALUES (1019, 112);
INSERT INTO Taxon(id, name, level) VALUES (1020, 'tööõpetus', 'SUBJECT');
INSERT INTO Subject(id, domain) VALUES (1020, 113);
INSERT INTO Taxon(id, name, level) VALUES (1021, 'käsitöö', 'SUBJECT');
INSERT INTO Subject(id, domain) VALUES (1021, 113);
INSERT INTO Taxon(id, name, level) VALUES (1022, 'kodundus', 'SUBJECT');
INSERT INTO Subject(id, domain) VALUES (1022, 113);
INSERT INTO Taxon(id, name, level) VALUES (1023, 'tehnoloogiaõpetus', 'SUBJECT');
INSERT INTO Subject(id, domain) VALUES (1023, 113);
INSERT INTO Taxon(id, name, level) VALUES (1024, 'kehaline_kasvatus', 'SUBJECT');
INSERT INTO Subject(id, domain) VALUES (1024, 114);
INSERT INTO Taxon(id, name, level) VALUES (1025, 'usundiõpetus', 'SUBJECT');
INSERT INTO Subject(id, domain) VALUES (1025, 115);
INSERT INTO Taxon(id, name, level) VALUES (1026, 'informaatika', 'SUBJECT');
INSERT INTO Subject(id, domain) VALUES (1026, 115);
INSERT INTO Taxon(id, name, level) VALUES (1027, 'karjääriõpetus', 'SUBJECT');
INSERT INTO Subject(id, domain) VALUES (1027, 115);
INSERT INTO Taxon(id, name, level) VALUES (1028, 'ettevõtlusõpetus', 'SUBJECT');
INSERT INTO Subject(id, domain) VALUES (1028, 115);

-- End of Basic Education Subjects

-- Secondary Education

INSERT INTO Taxon(id, name, level) VALUES (1050, 'eesti_keel', 'SUBJECT');
INSERT INTO Subject(id, domain) VALUES (1050, 118);
INSERT INTO Taxon(id, name, level) VALUES (1051, 'kirjandus', 'SUBJECT');
INSERT INTO Subject(id, domain) VALUES (1051, 118);
INSERT INTO Taxon(id, name, level) VALUES (1052, 'vene_keel', 'SUBJECT');
INSERT INTO Subject(id, domain) VALUES (1052, 118);
INSERT INTO Taxon(id, name, level) VALUES (1053, 'valikkursused', 'SUBJECT');
INSERT INTO Subject(id, domain) VALUES (1053, 118);
INSERT INTO Taxon(id, name, level) VALUES (1054, 'eesti_keel_teise_keelena', 'SUBJECT');
INSERT INTO Subject(id, domain) VALUES (1054, 119);
INSERT INTO Taxon(id, name, level) VALUES (1055, 'inglise_keel', 'SUBJECT');
INSERT INTO Subject(id, domain) VALUES (1055, 119);
INSERT INTO Taxon(id, name, level) VALUES (1056, 'vene_keel', 'SUBJECT');
INSERT INTO Subject(id, domain) VALUES (1056, 119);
INSERT INTO Taxon(id, name, level) VALUES (1057, 'saksa_keel', 'SUBJECT');
INSERT INTO Subject(id, domain) VALUES (1057, 119);
INSERT INTO Taxon(id, name, level) VALUES (1058, 'prantsuse_keel', 'SUBJECT');
INSERT INTO Subject(id, domain) VALUES (1058, 119);
INSERT INTO Taxon(id, name, level) VALUES (1059, 'muu_võõrkeel', 'SUBJECT');
INSERT INTO Subject(id, domain) VALUES (1059, 119);
INSERT INTO Taxon(id, name, level) VALUES (1060, 'matemaatika', 'SUBJECT');
INSERT INTO Subject(id, domain) VALUES (1060, 120);
INSERT INTO Taxon(id, name, level) VALUES (1061, 'bioloogia', 'SUBJECT');
INSERT INTO Subject(id, domain) VALUES (1061, 121);
INSERT INTO Taxon(id, name, level) VALUES (1062, 'geograafia', 'SUBJECT');
INSERT INTO Subject(id, domain) VALUES (1062, 121);
INSERT INTO Taxon(id, name, level) VALUES (1063, 'keemia', 'SUBJECT');
INSERT INTO Subject(id, domain) VALUES (1063, 121);
INSERT INTO Taxon(id, name, level) VALUES (1064, 'füüsika', 'SUBJECT');
INSERT INTO Subject(id, domain) VALUES (1064, 121);
INSERT INTO Taxon(id, name, level) VALUES (1065, 'valikkursused', 'SUBJECT');
INSERT INTO Subject(id, domain) VALUES (1065, 121);
INSERT INTO Taxon(id, name, level) VALUES (1066, 'ajalugu', 'SUBJECT');
INSERT INTO Subject(id, domain) VALUES (1066, 122);
INSERT INTO Taxon(id, name, level) VALUES (1067, 'ühiskonnaõpetus', 'SUBJECT');
INSERT INTO Subject(id, domain) VALUES (1067, 122);
INSERT INTO Taxon(id, name, level) VALUES (1068, 'inimeseõpetus', 'SUBJECT');
INSERT INTO Subject(id, domain) VALUES (1068, 122);
INSERT INTO Taxon(id, name, level) VALUES (1069, 'valikkursused', 'SUBJECT');
INSERT INTO Subject(id, domain) VALUES (1069, 122);
INSERT INTO Taxon(id, name, level) VALUES (1070, 'muusika', 'SUBJECT');
INSERT INTO Subject(id, domain) VALUES (1070, 123);
INSERT INTO Taxon(id, name, level) VALUES (1071, 'kunst', 'SUBJECT');
INSERT INTO Subject(id, domain) VALUES (1071, 123);
INSERT INTO Taxon(id, name, level) VALUES (1072, 'kehaline_kasvatus', 'SUBJECT');
INSERT INTO Subject(id, domain) VALUES (1072, 124);
INSERT INTO Taxon(id, name, level) VALUES (1073, 'valikkursused', 'SUBJECT');
INSERT INTO Subject(id, domain) VALUES (1073, 124);
INSERT INTO Taxon(id, name, level) VALUES (1074, 'usundiõpetus', 'SUBJECT');
INSERT INTO Subject(id, domain) VALUES (1074, 125);
INSERT INTO Taxon(id, name, level) VALUES (1075, 'riigikaitse', 'SUBJECT');
INSERT INTO Subject(id, domain) VALUES (1075, 125);
INSERT INTO Taxon(id, name, level) VALUES (1076, 'majandus-_ja_ettevõtlusõpe', 'SUBJECT');
INSERT INTO Subject(id, domain) VALUES (1076, 125);
INSERT INTO Taxon(id, name, level) VALUES (1077, 'filosoofia', 'SUBJECT');
INSERT INTO Subject(id, domain) VALUES (1077, 125);
INSERT INTO Taxon(id, name, level) VALUES (1078, 'karjääriõpetus', 'SUBJECT');
INSERT INTO Subject(id, domain) VALUES (1078, 125);
INSERT INTO Taxon(id, name, level) VALUES (1079, 'uurimistöö_alused', 'SUBJECT');
INSERT INTO Subject(id, domain) VALUES (1079, 125);
INSERT INTO Taxon(id, name, level) VALUES (1080, 'muud_valikõppeained', 'SUBJECT');
INSERT INTO Subject(id, domain) VALUES (1080, 125);

-- End of Secondary Education Subjects

-- Specialization

-- Start of Specialization for Computer Science

insert into Taxon(id, name, level) values (20000, 'Computers_and_Networks', 'SPECIALIZATION');
insert into Specialization(id, domain) values (20000, 129);

-- End of Specialization for Computer Science
-- End of Secondary Education Subjects



-- Module

-- Start of Module for Computer And Networks

insert into Taxon(id, name, level) values (20100, 'Majanduse_alused', 'MODULE');
insert into Module(id, specialization) values (20100, 20000);
insert into Taxon(id, name, level) values (20101, 'Ettevõtluse_alused', 'MODULE');
insert into Module(id, specialization) values (20101, 20000);
insert into Taxon(id, name, level) values (20102, 'Õiguse_alused', 'MODULE');
insert into Module(id, specialization) values (20102, 20000);
insert into Taxon(id, name, level) values (20103, 'IT_õigus', 'MODULE');
insert into Module(id, specialization) values (20103, 20000);
insert into Taxon(id, name, level) values (20104, 'Kommunikatsioon', 'MODULE');
insert into Module(id, specialization) values (20104, 20000);

-- End of Module for Computer And Networks



-- Topic

-- Start of topics for Preschool

insert into Taxon(id, name, level) values (10100, 'Preschool_Topic1', 'TOPIC');
insert into Topic(id, domain) values (10100, 100);
insert into Taxon(id, name, level) values (10101, 'Preschool_Topic2', 'TOPIC');
insert into Topic(id, domain) values (10101, 100);

-- End of topics for Preschool

-- Start of topics for Basic Education


INSERT INTO Taxon(id, name, level) VALUES (30000, 'keel_ja_ühiskond', 'TOPIC');
INSERT INTO Topic(id, subject) VALUES (30000, 1000);
INSERT INTO Taxon(id, name, level) VALUES (30001, 'kirjutamine', 'TOPIC');
INSERT INTO Topic(id, subject) VALUES (30001, 1000);
INSERT INTO Taxon(id, name, level) VALUES (30002, 'lugemine', 'TOPIC');
INSERT INTO Topic(id, subject) VALUES (30002, 1000);
INSERT INTO Taxon(id, name, level) VALUES (30003, 'meedia_ja_mõjutamine', 'TOPIC');
INSERT INTO Topic(id, subject) VALUES (30003, 1000);
INSERT INTO Taxon(id, name, level) VALUES (30004, 'praktiline_eesti_keel', 'TOPIC');
INSERT INTO Topic(id, subject) VALUES (30004, 1000);
INSERT INTO Taxon(id, name, level) VALUES (30005, 'suuline_ja_kirjalik_suhtlus', 'TOPIC');
INSERT INTO Topic(id, subject) VALUES (30005, 1000);
INSERT INTO Taxon(id, name, level) VALUES (30006, 'suuline_keelekasutus', 'TOPIC');
INSERT INTO Topic(id, subject) VALUES (30006, 1000);
INSERT INTO Taxon(id, name, level) VALUES (30007, 'teksti_keel_ja_stiil', 'TOPIC');
INSERT INTO Topic(id, subject) VALUES (30007, 1000);
INSERT INTO Taxon(id, name, level) VALUES (30008, 'teksti_vastuvõtt', 'TOPIC');
INSERT INTO Topic(id, subject) VALUES (30008, 1000);
INSERT INTO Taxon(id, name, level) VALUES (30009, 'tekstiloome', 'TOPIC');
INSERT INTO Topic(id, subject) VALUES (30009, 1000);
INSERT INTO Taxon(id, name, level) VALUES (30010, 'õigekeelsus_ja_keelehoole', 'TOPIC');
INSERT INTO Topic(id, subject) VALUES (30010, 1000);
INSERT INTO Taxon(id, name, level) VALUES (30011, 'jutustamine', 'TOPIC');
INSERT INTO Topic(id, subject) VALUES (30011, 1001);
INSERT INTO Taxon(id, name, level) VALUES (30012, 'lugemine', 'TOPIC');
INSERT INTO Topic(id, subject) VALUES (30012, 1001);
INSERT INTO Taxon(id, name, level) VALUES (30013, 'põhjalikumalt_käsitletavad_autorid', 'TOPIC');
INSERT INTO Topic(id, subject) VALUES (30013, 1001);
INSERT INTO Taxon(id, name, level) VALUES (30014, 'rahvaluuletekstid', 'TOPIC');
INSERT INTO Topic(id, subject) VALUES (30014, 1001);
INSERT INTO Taxon(id, name, level) VALUES (30015, 'soovituslikud_teosed', 'TOPIC');
INSERT INTO Topic(id, subject) VALUES (30015, 1001);
INSERT INTO Taxon(id, name, level) VALUES (30016, 'teksti_esitus_ja_omalooming', 'TOPIC');
INSERT INTO Topic(id, subject) VALUES (30016, 1001);
INSERT INTO Taxon(id, name, level) VALUES (30017, 'teksti_tõlgendamine', 'TOPIC');
INSERT INTO Topic(id, subject) VALUES (30017, 1001);
INSERT INTO Taxon(id, name, level) VALUES (30018, 'foneetika_ja_graafika', 'TOPIC');
INSERT INTO Topic(id, subject) VALUES (30018, 1002);
INSERT INTO Taxon(id, name, level) VALUES (30019, 'interpunktsioon', 'TOPIC');
INSERT INTO Topic(id, subject) VALUES (30019, 1002);
INSERT INTO Taxon(id, name, level) VALUES (30020, 'kirjaliku_teksti_vastuvõtt_ning_loomine', 'TOPIC');
INSERT INTO Topic(id, subject) VALUES (30020, 1002);
INSERT INTO Taxon(id, name, level) VALUES (30021, 'kõnekultuur', 'TOPIC');
INSERT INTO Topic(id, subject) VALUES (30021, 1002);
INSERT INTO Taxon(id, name, level) VALUES (30022, 'lause', 'TOPIC');
INSERT INTO Topic(id, subject) VALUES (30022, 1002);
INSERT INTO Taxon(id, name, level) VALUES (30023, 'leksikoloogia_ja_fraseoloogia', 'TOPIC');
INSERT INTO Topic(id, subject) VALUES (30023, 1002);
INSERT INTO Taxon(id, name, level) VALUES (30024, 'morfeemika_ja_sõnamoodustus', 'TOPIC');
INSERT INTO Topic(id, subject) VALUES (30024, 1002);
INSERT INTO Taxon(id, name, level) VALUES (30025, 'morfoloogia', 'TOPIC');
INSERT INTO Topic(id, subject) VALUES (30025, 1002);
INSERT INTO Taxon(id, name, level) VALUES (30026, 'ortograafia', 'TOPIC');
INSERT INTO Topic(id, subject) VALUES (30026, 1002);
INSERT INTO Taxon(id, name, level) VALUES (30027, 'suulise_teksti_vastuvõtt_ning_loomine', 'TOPIC');
INSERT INTO Topic(id, subject) VALUES (30027, 1002);
INSERT INTO Taxon(id, name, level) VALUES (30028, 'süntaks', 'TOPIC');
INSERT INTO Topic(id, subject) VALUES (30028, 1002);
INSERT INTO Taxon(id, name, level) VALUES (30029, 'tekst', 'TOPIC');
INSERT INTO Topic(id, subject) VALUES (30029, 1002);
INSERT INTO Taxon(id, name, level) VALUES (30030, 'tekst_keeles_ja_kõnes,_teksti_stilistika', 'TOPIC');
INSERT INTO Topic(id, subject) VALUES (30030, 1002);
INSERT INTO Taxon(id, name, level) VALUES (30031, 'üldteadmised_vene_keele_kohta', 'TOPIC');
INSERT INTO Topic(id, subject) VALUES (30031, 1002);
INSERT INTO Taxon(id, name, level) VALUES (30032, 'hääldus', 'TOPIC');
INSERT INTO Topic(id, subject) VALUES (30032, 1003);
INSERT INTO Taxon(id, name, level) VALUES (30033, 'käändsõna', 'TOPIC');
INSERT INTO Topic(id, subject) VALUES (30033, 1003);
INSERT INTO Taxon(id, name, level) VALUES (30034, 'tegusõna', 'TOPIC');
INSERT INTO Topic(id, subject) VALUES (30034, 1003);
INSERT INTO Taxon(id, name, level) VALUES (30035, 'lauseõpetus', 'TOPIC');
INSERT INTO Topic(id, subject) VALUES (30035, 1003);
INSERT INTO Taxon(id, name, level) VALUES (30036, 'muutumatud_sõnad', 'TOPIC');
INSERT INTO Topic(id, subject) VALUES (30036, 1003);
INSERT INTO Taxon(id, name, level) VALUES (30037, 'sõnamoodustus', 'TOPIC');
INSERT INTO Topic(id, subject) VALUES (30037, 1003);
INSERT INTO Taxon(id, name, level) VALUES (30038, 'õigekiri', 'TOPIC');
INSERT INTO Topic(id, subject) VALUES (30038, 1003);
INSERT INTO Taxon(id, name, level) VALUES (30039, 'Eesti', 'TOPIC');
INSERT INTO Topic(id, subject) VALUES (30039, 1003);
INSERT INTO Taxon(id, name, level) VALUES (30040, 'igapäevaelu,_õppimine_ja_töö', 'TOPIC');
INSERT INTO Topic(id, subject) VALUES (30040, 1003);
INSERT INTO Taxon(id, name, level) VALUES (30041, 'kodu_ja_lähiümbrus', 'TOPIC');
INSERT INTO Topic(id, subject) VALUES (30041, 1003);
INSERT INTO Taxon(id, name, level) VALUES (30042, 'mina_ja_teised', 'TOPIC');
INSERT INTO Topic(id, subject) VALUES (30042, 1003);
INSERT INTO Taxon(id, name, level) VALUES (30043, 'riigid_ja_nende_kultuur', 'TOPIC');
INSERT INTO Topic(id, subject) VALUES (30043, 1003);
INSERT INTO Taxon(id, name, level) VALUES (30044, 'vaba_aeg', 'TOPIC');
INSERT INTO Topic(id, subject) VALUES (30044, 1003);
INSERT INTO Taxon(id, name, level) VALUES (30045, 'inimene_ja_ühiskond', 'TOPIC');
INSERT INTO Topic(id, subject) VALUES (30045, 1003);
INSERT INTO Taxon(id, name, level) VALUES (30046, 'keskkond_ja_tehnoloogia', 'TOPIC');
INSERT INTO Topic(id, subject) VALUES (30046, 1003);
INSERT INTO Taxon(id, name, level) VALUES (30047, 'kultuur_ja_looming', 'TOPIC');
INSERT INTO Topic(id, subject) VALUES (30047, 1003);
INSERT INTO Taxon(id, name, level) VALUES (30048, 'keeleoskustase', 'TOPIC');
INSERT INTO Topic(id, subject) VALUES (30048, 1004);
INSERT INTO Taxon(id, name, level) VALUES (30049, 'osaoskused', 'TOPIC');
INSERT INTO Topic(id, subject) VALUES (30049, 1004);
INSERT INTO Taxon(id, name, level) VALUES (30050, 'keeleteadmised', 'TOPIC');
INSERT INTO Topic(id, subject) VALUES (30050, 1004);
INSERT INTO Taxon(id, name, level) VALUES (30051, 'mina_ja_teised', 'TOPIC');
INSERT INTO Topic(id, subject) VALUES (30051, 1004);
INSERT INTO Taxon(id, name, level) VALUES (30052, 'kodu_ja_lähiümbrus', 'TOPIC');
INSERT INTO Topic(id, subject) VALUES (30052, 1004);
INSERT INTO Taxon(id, name, level) VALUES (30053, 'kodukoht_Eesti', 'TOPIC');
INSERT INTO Topic(id, subject) VALUES (30053, 1004);
INSERT INTO Taxon(id, name, level) VALUES (30054, 'riigid_ja_nende_kultuur', 'TOPIC');
INSERT INTO Topic(id, subject) VALUES (30054, 1004);
INSERT INTO Taxon(id, name, level) VALUES (30055, 'igapäevaelu,_õppimine_ja_töö', 'TOPIC');
INSERT INTO Topic(id, subject) VALUES (30055, 1004);
INSERT INTO Taxon(id, name, level) VALUES (30056, 'vaba_aeg', 'TOPIC');
INSERT INTO Topic(id, subject) VALUES (30056, 1004);
INSERT INTO Taxon(id, name, level) VALUES (30057, 'mina_ja_teised', 'TOPIC');
INSERT INTO Topic(id, subject) VALUES (30057, 1005);
INSERT INTO Taxon(id, name, level) VALUES (30058, 'kodu_ja_lähiümbrus', 'TOPIC');
INSERT INTO Topic(id, subject) VALUES (30058, 1005);
INSERT INTO Taxon(id, name, level) VALUES (30059, 'keskkond_ja_tehnoloogia', 'TOPIC');
INSERT INTO Topic(id, subject) VALUES (30059, 1005);
INSERT INTO Taxon(id, name, level) VALUES (30060, 'kodukoht_Eesti', 'TOPIC');
INSERT INTO Topic(id, subject) VALUES (30060, 1005);
INSERT INTO Taxon(id, name, level) VALUES (30061, 'kultuur_ja_looming', 'TOPIC');
INSERT INTO Topic(id, subject) VALUES (30061, 1005);
INSERT INTO Taxon(id, name, level) VALUES (30062, 'igapäevaelu,_õppimine_ja_töö', 'TOPIC');
INSERT INTO Topic(id, subject) VALUES (30062, 1005);
INSERT INTO Taxon(id, name, level) VALUES (30063, 'vaba_aeg', 'TOPIC');
INSERT INTO Topic(id, subject) VALUES (30063, 1005);
INSERT INTO Taxon(id, name, level) VALUES (30064, 'riigid_ja_nende_kultuur', 'TOPIC');
INSERT INTO Topic(id, subject) VALUES (30064, 1005);
INSERT INTO Taxon(id, name, level) VALUES (30065, 'inimene_ja_ühiskond', 'TOPIC');
INSERT INTO Topic(id, subject) VALUES (30065, 1005);
INSERT INTO Taxon(id, name, level) VALUES (30066, 'keeleteadmised', 'TOPIC');
INSERT INTO Topic(id, subject) VALUES (30066, 1005);
INSERT INTO Taxon(id, name, level) VALUES (30067, 'keeleoskustase', 'TOPIC');
INSERT INTO Topic(id, subject) VALUES (30067, 1006);
INSERT INTO Taxon(id, name, level) VALUES (30068, 'keeleteadmised', 'TOPIC');
INSERT INTO Topic(id, subject) VALUES (30068, 1006);
INSERT INTO Taxon(id, name, level) VALUES (30069, 'osaoskused', 'TOPIC');
INSERT INTO Topic(id, subject) VALUES (30069, 1006);
INSERT INTO Taxon(id, name, level) VALUES (30070, 'keeleoskustase', 'TOPIC');
INSERT INTO Topic(id, subject) VALUES (30070, 1007);
INSERT INTO Taxon(id, name, level) VALUES (30071, 'keeleteadmised', 'TOPIC');
INSERT INTO Topic(id, subject) VALUES (30071, 1007);
INSERT INTO Taxon(id, name, level) VALUES (30072, 'osaoskused', 'TOPIC');
INSERT INTO Topic(id, subject) VALUES (30072, 1007);
INSERT INTO Taxon(id, name, level) VALUES (30073, 'arvutamine_ja_mõõtmine,_andmed', 'TOPIC');
INSERT INTO Topic(id, subject) VALUES (30073, 1009);
INSERT INTO Taxon(id, name, level) VALUES (30074, 'geomeetria', 'TOPIC');
INSERT INTO Topic(id, subject) VALUES (30074, 1009);
INSERT INTO Taxon(id, name, level) VALUES (30075, 'andmed_ja_algebra', 'TOPIC');
INSERT INTO Topic(id, subject) VALUES (30075, 1009);
INSERT INTO Taxon(id, name, level) VALUES (30076, 'kolmnurkade_ja_ringide_geomeetria', 'TOPIC');
INSERT INTO Topic(id, subject) VALUES (30076, 1009);
INSERT INTO Taxon(id, name, level) VALUES (30077, 'aastaajad', 'TOPIC');
INSERT INTO Topic(id, subject) VALUES (30077, 1010);
INSERT INTO Taxon(id, name, level) VALUES (30078, 'aed_ja_põld_elukeskkonnana', 'TOPIC');
INSERT INTO Topic(id, subject) VALUES (30078, 1010);
INSERT INTO Taxon(id, name, level) VALUES (30079, 'ainete_ja_kehade_mitmekesisus', 'TOPIC');
INSERT INTO Topic(id, subject) VALUES (30079, 1010);
INSERT INTO Taxon(id, name, level) VALUES (30080, 'asula_elukeskkonnana', 'TOPIC');
INSERT INTO Topic(id, subject) VALUES (30080, 1010);
INSERT INTO Taxon(id, name, level) VALUES (30081, 'Eesti_loodusvarad', 'TOPIC');
INSERT INTO Topic(id, subject) VALUES (30081, 1010);
INSERT INTO Taxon(id, name, level) VALUES (30082, 'elekter_ja_magnetism', 'TOPIC');
INSERT INTO Topic(id, subject) VALUES (30082, 1010);
INSERT INTO Taxon(id, name, level) VALUES (30083, 'elu_mitmekesisus_maal', 'TOPIC');
INSERT INTO Topic(id, subject) VALUES (30083, 1010);
INSERT INTO Taxon(id, name, level) VALUES (30084, 'elukeskkond_Eestis', 'TOPIC');
INSERT INTO Topic(id, subject) VALUES (30084, 1010);
INSERT INTO Taxon(id, name, level) VALUES (30085, 'elus-_ja_eluta_looduse_seosed', 'TOPIC');
INSERT INTO Topic(id, subject) VALUES (30085, 1010);
INSERT INTO Taxon(id, name, level) VALUES (30086, 'ilm', 'TOPIC');
INSERT INTO Topic(id, subject) VALUES (30086, 1010);
INSERT INTO Taxon(id, name, level) VALUES (30087, 'inimene', 'TOPIC');
INSERT INTO Topic(id, subject) VALUES (30087, 1010);
INSERT INTO Taxon(id, name, level) VALUES (30088, 'inimene_uurib_loodust', 'TOPIC');
INSERT INTO Topic(id, subject) VALUES (30088, 1010);
INSERT INTO Taxon(id, name, level) VALUES (30089, 'inimese_meeled_ja_avastamine', 'TOPIC');
INSERT INTO Topic(id, subject) VALUES (30089, 1010);
INSERT INTO Taxon(id, name, level) VALUES (30090, 'jõgi_ja_järv_elukeskkonnana', 'TOPIC');
INSERT INTO Topic(id, subject) VALUES (30090, 1010);
INSERT INTO Taxon(id, name, level) VALUES (30091, 'liikumine', 'TOPIC');
INSERT INTO Topic(id, subject) VALUES (30091, 1010);
INSERT INTO Taxon(id, name, level) VALUES (30092, 'loodus-_ja_keskkonnakatise_Eestis', 'TOPIC');
INSERT INTO Topic(id, subject) VALUES (30092, 1010);
INSERT INTO Taxon(id, name, level) VALUES (30093, 'loodusnähtused', 'TOPIC');
INSERT INTO Topic(id, subject) VALUES (30093, 1010);
INSERT INTO Taxon(id, name, level) VALUES (30094, 'Läänemeri_elukeskkonnana', 'TOPIC');
INSERT INTO Topic(id, subject) VALUES (30094, 1010);
INSERT INTO Taxon(id, name, level) VALUES (30095, 'maailmaruum', 'TOPIC');
INSERT INTO Topic(id, subject) VALUES (30095, 1010);
INSERT INTO Taxon(id, name, level) VALUES (30096, 'mets_elukeskkonnana', 'TOPIC');
INSERT INTO Topic(id, subject) VALUES (30096, 1010);
INSERT INTO Taxon(id, name, level) VALUES (30097, 'minu_kodumaa_Eesti', 'TOPIC');
INSERT INTO Topic(id, subject) VALUES (30097, 1010);
INSERT INTO Taxon(id, name, level) VALUES (30098, 'muld_elukeskkonnana', 'TOPIC');
INSERT INTO Topic(id, subject) VALUES (30098, 1010);
INSERT INTO Taxon(id, name, level) VALUES (30099, 'mõõtmine_ja_võrdlemine', 'TOPIC');
INSERT INTO Topic(id, subject) VALUES (30099, 1010);
INSERT INTO Taxon(id, name, level) VALUES (30100, 'organismid_ja_elupaigad', 'TOPIC');
INSERT INTO Topic(id, subject) VALUES (30100, 1010);
INSERT INTO Taxon(id, name, level) VALUES (30101, 'organismide_rühmad_ja_kooselu', 'TOPIC');
INSERT INTO Topic(id, subject) VALUES (30101, 1010);
INSERT INTO Taxon(id, name, level) VALUES (30102, 'pinnavormid_ja_pinnamoed', 'TOPIC');
INSERT INTO Topic(id, subject) VALUES (30102, 1010);
INSERT INTO Taxon(id, name, level) VALUES (30103, 'planeet_maa', 'TOPIC');
INSERT INTO Topic(id, subject) VALUES (30103, 1010);
INSERT INTO Taxon(id, name, level) VALUES (30104, 'soo_elukeskkonnana', 'TOPIC');
INSERT INTO Topic(id, subject) VALUES (30104, 1010);
INSERT INTO Taxon(id, name, level) VALUES (30105, 'vesi', 'TOPIC');
INSERT INTO Topic(id, subject) VALUES (30105, 1010);
INSERT INTO Taxon(id, name, level) VALUES (30106, 'õhk', 'TOPIC');
INSERT INTO Topic(id, subject) VALUES (30106, 1010);
INSERT INTO Taxon(id, name, level) VALUES (30107, 'bioloogia_uurimisvaldkond', 'TOPIC');
INSERT INTO Topic(id, subject) VALUES (30107, 1011);
INSERT INTO Taxon(id, name, level) VALUES (30108, 'evolutsioon', 'TOPIC');
INSERT INTO Topic(id, subject) VALUES (30108, 1011);
INSERT INTO Taxon(id, name, level) VALUES (30109, 'hingamine', 'TOPIC');
INSERT INTO Topic(id, subject) VALUES (30109, 1011);
INSERT INTO Taxon(id, name, level) VALUES (30110, 'infovahetus_väliskeskkonnaga', 'TOPIC');
INSERT INTO Topic(id, subject) VALUES (30110, 1011);
INSERT INTO Taxon(id, name, level) VALUES (30111, 'inimese_elundkonnad', 'TOPIC');
INSERT INTO Topic(id, subject) VALUES (30111, 1011);
INSERT INTO Taxon(id, name, level) VALUES (30112, 'luud_ja_lihased', 'TOPIC');
INSERT INTO Topic(id, subject) VALUES (30112, 1011);
INSERT INTO Taxon(id, name, level) VALUES (30113, 'mikroorganismide_ehitus_ja_eluprotsessid', 'TOPIC');
INSERT INTO Topic(id, subject) VALUES (30113, 1011);
INSERT INTO Taxon(id, name, level) VALUES (30114, 'paljunemine_ja_areng', 'TOPIC');
INSERT INTO Topic(id, subject) VALUES (30114, 1011);
INSERT INTO Taxon(id, name, level) VALUES (30115, 'pärilikkus_ja_muutlikkus', 'TOPIC');
INSERT INTO Topic(id, subject) VALUES (30115, 1011);
INSERT INTO Taxon(id, name, level) VALUES (30116, 'seedimine_ja_eritamine', 'TOPIC');
INSERT INTO Topic(id, subject) VALUES (30116, 1011);
INSERT INTO Taxon(id, name, level) VALUES (30117, 'seened', 'TOPIC');
INSERT INTO Topic(id, subject) VALUES (30117, 1011);
INSERT INTO Taxon(id, name, level) VALUES (30118, 'selgroogsete_loomade_aine-_ja_energiavahetus', 'TOPIC');
INSERT INTO Topic(id, subject) VALUES (30118, 1011);
INSERT INTO Taxon(id, name, level) VALUES (30119, 'selgroogsete_loomade_paljunemine', 'TOPIC');
INSERT INTO Topic(id, subject) VALUES (30119, 1011);
INSERT INTO Taxon(id, name, level) VALUES (30120, 'selgroogsete_loomade_tunnused', 'TOPIC');
INSERT INTO Topic(id, subject) VALUES (30120, 1011);
INSERT INTO Taxon(id, name, level) VALUES (30121, 'selgrootud_loomad', 'TOPIC');
INSERT INTO Topic(id, subject) VALUES (30121, 1011);
INSERT INTO Taxon(id, name, level) VALUES (30122, 'taimed', 'TOPIC');
INSERT INTO Topic(id, subject) VALUES (30122, 1011);
INSERT INTO Taxon(id, name, level) VALUES (30123, 'talitluste_regulatsioon', 'TOPIC');
INSERT INTO Topic(id, subject) VALUES (30123, 1011);
INSERT INTO Taxon(id, name, level) VALUES (30124, 'vereringe', 'TOPIC');
INSERT INTO Topic(id, subject) VALUES (30124, 1011);
INSERT INTO Taxon(id, name, level) VALUES (30125, 'ökoloogia_ja_keskkonnakaitse', 'TOPIC');
INSERT INTO Topic(id, subject) VALUES (30125, 1011);
INSERT INTO Taxon(id, name, level) VALUES (30126, 'Euroopa_ja_Eesti_asustus', 'TOPIC');
INSERT INTO Topic(id, subject) VALUES (30126, 1012);
INSERT INTO Taxon(id, name, level) VALUES (30127, 'Euroopa_ja_Eesti_geoloogia', 'TOPIC');
INSERT INTO Topic(id, subject) VALUES (30127, 1012);
INSERT INTO Taxon(id, name, level) VALUES (30128, 'Euroopa_ja_Eesti_majandus', 'TOPIC');
INSERT INTO Topic(id, subject) VALUES (30128, 1012);
INSERT INTO Taxon(id, name, level) VALUES (30129, 'Euroopa_ja_Eesti_rahvastik', 'TOPIC');
INSERT INTO Topic(id, subject) VALUES (30129, 1012);
INSERT INTO Taxon(id, name, level) VALUES (30130, 'Euroopa_ja_Eesti_teenindus', 'TOPIC');
INSERT INTO Topic(id, subject) VALUES (30130, 1012);
INSERT INTO Taxon(id, name, level) VALUES (30131, 'geoloogia', 'TOPIC');
INSERT INTO Topic(id, subject) VALUES (30131, 1012);
INSERT INTO Taxon(id, name, level) VALUES (30132, 'kaardiõpetus', 'TOPIC');
INSERT INTO Topic(id, subject) VALUES (30132, 1012);
INSERT INTO Taxon(id, name, level) VALUES (30133, 'kliima', 'TOPIC');
INSERT INTO Topic(id, subject) VALUES (30133, 1012);
INSERT INTO Taxon(id, name, level) VALUES (30134, 'loodusvarad_ja_nende_kasutamine', 'TOPIC');
INSERT INTO Topic(id, subject) VALUES (30134, 1012);
INSERT INTO Taxon(id, name, level) VALUES (30135, 'loodusvööndid', 'TOPIC');
INSERT INTO Topic(id, subject) VALUES (30135, 1012);
INSERT INTO Taxon(id, name, level) VALUES (30136, 'elektriväli_ja_magnetväli', 'TOPIC');
INSERT INTO Topic(id, subject) VALUES (30136, 1013);
INSERT INTO Taxon(id, name, level) VALUES (30137, 'elektriõpetus', 'TOPIC');
INSERT INTO Topic(id, subject) VALUES (30137, 1013);
INSERT INTO Taxon(id, name, level) VALUES (30138, 'elektromagnetlained', 'TOPIC');
INSERT INTO Topic(id, subject) VALUES (30138, 1013);
INSERT INTO Taxon(id, name, level) VALUES (30139, 'elektromagnetväli', 'TOPIC');
INSERT INTO Topic(id, subject) VALUES (30139, 1013);
INSERT INTO Taxon(id, name, level) VALUES (30140, 'mehaanika', 'TOPIC');
INSERT INTO Topic(id, subject) VALUES (30140, 1013);
INSERT INTO Taxon(id, name, level) VALUES (30141, 'soojusõpetus_ja_tuumaenergia', 'TOPIC');
INSERT INTO Topic(id, subject) VALUES (30141, 1013);
INSERT INTO Taxon(id, name, level) VALUES (30142, 'valguse_ja_aine_vastastikmõju', 'TOPIC');
INSERT INTO Topic(id, subject) VALUES (30142, 1013);
INSERT INTO Taxon(id, name, level) VALUES (30143, 'valgusõpetus', 'TOPIC');
INSERT INTO Topic(id, subject) VALUES (30143, 1013);
INSERT INTO Taxon(id, name, level) VALUES (30144, 'aatom,_ainete_ehitus', 'TOPIC');
INSERT INTO Topic(id, subject) VALUES (30144, 1014);
INSERT INTO Taxon(id, name, level) VALUES (30145, 'aine_hulk,_moolarvutused', 'TOPIC');
INSERT INTO Topic(id, subject) VALUES (30145, 1014);
INSERT INTO Taxon(id, name, level) VALUES (30146, 'anorgaaniliste_ainete_põhiklassid', 'TOPIC');
INSERT INTO Topic(id, subject) VALUES (30146, 1014);
INSERT INTO Taxon(id, name, level) VALUES (30147, 'hapnik_ja_vesinik,_oksiidid', 'TOPIC');
INSERT INTO Topic(id, subject) VALUES (30147, 1014);
INSERT INTO Taxon(id, name, level) VALUES (30148, 'happed_ja_alused', 'TOPIC');
INSERT INTO Topic(id, subject) VALUES (30148, 1014);
INSERT INTO Taxon(id, name, level) VALUES (30149, 'millega_tegeleb_keemia', 'TOPIC');
INSERT INTO Topic(id, subject) VALUES (30149, 1014);
INSERT INTO Taxon(id, name, level) VALUES (30150, 'süsinik_ja_süsinikuühendid', 'TOPIC');
INSERT INTO Topic(id, subject) VALUES (30150, 1014);
INSERT INTO Taxon(id, name, level) VALUES (30151, 'tuntumaid_metalle', 'TOPIC');
INSERT INTO Topic(id, subject) VALUES (30151, 1014);
INSERT INTO Taxon(id, name, level) VALUES (30152, 'haigused_ja_esmaabi', 'TOPIC');
INSERT INTO Topic(id, subject) VALUES (30152, 1015);
INSERT INTO Taxon(id, name, level) VALUES (30153, 'inimene_ja_rühm', 'TOPIC');
INSERT INTO Topic(id, subject) VALUES (30153, 1015);
INSERT INTO Taxon(id, name, level) VALUES (30154, 'inimene,_valikud_ja_õnn', 'TOPIC');
INSERT INTO Topic(id, subject) VALUES (30154, 1015);
INSERT INTO Taxon(id, name, level) VALUES (30155, 'inimese_elukaar_ja_murdeea_koht_selles', 'TOPIC');
INSERT INTO Topic(id, subject) VALUES (30155, 1015);
INSERT INTO Taxon(id, name, level) VALUES (30156, 'inimese_mina_ja_murdeea_muutused', 'TOPIC');
INSERT INTO Topic(id, subject) VALUES (30156, 1015);
INSERT INTO Taxon(id, name, level) VALUES (30157, 'konfliktid_ja_probleemilahendus', 'TOPIC');
INSERT INTO Topic(id, subject) VALUES (30157, 1015);
INSERT INTO Taxon(id, name, level) VALUES (30158, 'mina_ja_kodumaa', 'TOPIC');
INSERT INTO Topic(id, subject) VALUES (30158, 1015);
INSERT INTO Taxon(id, name, level) VALUES (30159, 'mina_ja_meie', 'TOPIC');
INSERT INTO Topic(id, subject) VALUES (30159, 1015);
INSERT INTO Taxon(id, name, level) VALUES (30160, 'mina_ja_minu_pere', 'TOPIC');
INSERT INTO Topic(id, subject) VALUES (30160, 1015);
INSERT INTO Taxon(id, name, level) VALUES (30161, 'mina:_aeg_ja_asjad', 'TOPIC');
INSERT INTO Topic(id, subject) VALUES (30161, 1015);
INSERT INTO Taxon(id, name, level) VALUES (30162, 'murdeiga_ja_kehalised_muutused', 'TOPIC');
INSERT INTO Topic(id, subject) VALUES (30162, 1015);
INSERT INTO Taxon(id, name, level) VALUES (30163, 'suhted_ja_seksuaalsus', 'TOPIC');
INSERT INTO Topic(id, subject) VALUES (30163, 1015);
INSERT INTO Taxon(id, name, level) VALUES (30164, 'suhted_teistega', 'TOPIC');
INSERT INTO Topic(id, subject) VALUES (30164, 1015);
INSERT INTO Taxon(id, name, level) VALUES (30165, 'suhtlemine', 'TOPIC');
INSERT INTO Topic(id, subject) VALUES (30165, 1015);
INSERT INTO Taxon(id, name, level) VALUES (30166, 'suhtlemine_teistega', 'TOPIC');
INSERT INTO Topic(id, subject) VALUES (30166, 1015);
INSERT INTO Taxon(id, name, level) VALUES (30167, 'teave_ja_asjad', 'TOPIC');
INSERT INTO Topic(id, subject) VALUES (30167, 1015);
INSERT INTO Taxon(id, name, level) VALUES (30168, 'tervis', 'TOPIC');
INSERT INTO Topic(id, subject) VALUES (30168, 1015);
INSERT INTO Taxon(id, name, level) VALUES (30169, 'tervis_ja_keskkond', 'TOPIC');
INSERT INTO Topic(id, subject) VALUES (30169, 1015);
INSERT INTO Taxon(id, name, level) VALUES (30170, 'tervislik_eluviis', 'TOPIC');
INSERT INTO Topic(id, subject) VALUES (30170, 1015);
INSERT INTO Taxon(id, name, level) VALUES (30171, 'turvalisus_ja_riskikäitumine', 'TOPIC');
INSERT INTO Topic(id, subject) VALUES (30171, 1015);
INSERT INTO Taxon(id, name, level) VALUES (30172, 'ajaloo_algõpetus', 'TOPIC');
INSERT INTO Topic(id, subject) VALUES (30172, 1016);
INSERT INTO Taxon(id, name, level) VALUES (30173, 'ajaloosündmused,_ajaloolised_isikud_ja_eluolu', 'TOPIC');
INSERT INTO Topic(id, subject) VALUES (30173, 1016);
INSERT INTO Taxon(id, name, level) VALUES (30174, 'maailm_uusajal_1600–1815', 'TOPIC');
INSERT INTO Topic(id, subject) VALUES (30174, 1016);
INSERT INTO Taxon(id, name, level) VALUES (30175, 'maailm_uusajal_1815–1918', 'TOPIC');
INSERT INTO Topic(id, subject) VALUES (30175, 1016);
INSERT INTO Taxon(id, name, level) VALUES (30176, 'maailm_kahe_maailmasõja_vahel_1918–1939', 'TOPIC');
INSERT INTO Topic(id, subject) VALUES (30176, 1016);
INSERT INTO Taxon(id, name, level) VALUES (30177, 'maailm_keskajal_476–1492', 'TOPIC');
INSERT INTO Topic(id, subject) VALUES (30177, 1016);
INSERT INTO Taxon(id, name, level) VALUES (30178, 'maailm_pärast_Teist_maailmasõda_1945', 'TOPIC');
INSERT INTO Topic(id, subject) VALUES (30178, 1016);
INSERT INTO Taxon(id, name, level) VALUES (30179, 'maailm_varauusajal_1492–1600', 'TOPIC');
INSERT INTO Topic(id, subject) VALUES (30179, 1016);
INSERT INTO Taxon(id, name, level) VALUES (30180, 'muinasaeg_ja_vanaaeg', 'TOPIC');
INSERT INTO Topic(id, subject) VALUES (30180, 1016);
INSERT INTO Taxon(id, name, level) VALUES (30181, 'Teine_maailmasõda_1939–1945', 'TOPIC');
INSERT INTO Topic(id, subject) VALUES (30181, 1016);
INSERT INTO Taxon(id, name, level) VALUES (30182, 'Vana-Kreeka', 'TOPIC');
INSERT INTO Topic(id, subject) VALUES (30182, 1016);
INSERT INTO Taxon(id, name, level) VALUES (30183, 'Vana-Rooma', 'TOPIC');
INSERT INTO Topic(id, subject) VALUES (30183, 1016);
INSERT INTO Taxon(id, name, level) VALUES (30184, 'vanad_idamaad', 'TOPIC');
INSERT INTO Topic(id, subject) VALUES (30184, 1016);
INSERT INTO Taxon(id, name, level) VALUES (30185, 'riik_ja_valitsemine', 'TOPIC');
INSERT INTO Topic(id, subject) VALUES (30185, 1017);
INSERT INTO Taxon(id, name, level) VALUES (30186, 'Eesti_valitsemiskord', 'TOPIC');
INSERT INTO Topic(id, subject) VALUES (30186, 1017);
INSERT INTO Taxon(id, name, level) VALUES (30187, 'inimesed_meie_ümber', 'TOPIC');
INSERT INTO Topic(id, subject) VALUES (30187, 1017);
INSERT INTO Taxon(id, name, level) VALUES (30188, 'kodanikuühiskond', 'TOPIC');
INSERT INTO Topic(id, subject) VALUES (30188, 1017);
INSERT INTO Taxon(id, name, level) VALUES (30189, 'koolidemokraatia,_lapse_õigused', 'TOPIC');
INSERT INTO Topic(id, subject) VALUES (30189, 1017);
INSERT INTO Taxon(id, name, level) VALUES (30190, 'majandus', 'TOPIC');
INSERT INTO Topic(id, subject) VALUES (30190, 1017);
INSERT INTO Taxon(id, name, level) VALUES (30191, 'meedia_ja_teave', 'TOPIC');
INSERT INTO Topic(id, subject) VALUES (30191, 1017);
INSERT INTO Taxon(id, name, level) VALUES (30192, 'töö_ja_tarbimine', 'TOPIC');
INSERT INTO Topic(id, subject) VALUES (30192, 1017);
INSERT INTO Taxon(id, name, level) VALUES (30193, 'vabatahtlik_tegevus', 'TOPIC');
INSERT INTO Topic(id, subject) VALUES (30193, 1017);
INSERT INTO Taxon(id, name, level) VALUES (30194, 'ühiskonna_institutsiooniline_struktuur', 'TOPIC');
INSERT INTO Topic(id, subject) VALUES (30194, 1017);
INSERT INTO Taxon(id, name, level) VALUES (30195, 'ühiskonna_sotsiaalne_struktuur', 'TOPIC');
INSERT INTO Topic(id, subject) VALUES (30195, 1017);
INSERT INTO Taxon(id, name, level) VALUES (30196, 'ühiskonnaliikmete_õigused', 'TOPIC');
INSERT INTO Topic(id, subject) VALUES (30196, 1017);
INSERT INTO Taxon(id, name, level) VALUES (30197, '18._ja_19._sajandi_kunst', 'TOPIC');
INSERT INTO Topic(id, subject) VALUES (30197, 1018);
INSERT INTO Taxon(id, name, level) VALUES (30198, '19._sajandi_lõpu_kunst', 'TOPIC');
INSERT INTO Topic(id, subject) VALUES (30198, 1018);
INSERT INTO Taxon(id, name, level) VALUES (30199, '20._sajandi_I_poole_kunst', 'TOPIC');
INSERT INTO Topic(id, subject) VALUES (30199, 1018);
INSERT INTO Taxon(id, name, level) VALUES (30200, 'antiikaja_kunst', 'TOPIC');
INSERT INTO Topic(id, subject) VALUES (30200, 1018);
INSERT INTO Taxon(id, name, level) VALUES (30201, 'barokk', 'TOPIC');
INSERT INTO Topic(id, subject) VALUES (30201, 1018);
INSERT INTO Taxon(id, name, level) VALUES (30202, 'keskaja_kunst', 'TOPIC');
INSERT INTO Topic(id, subject) VALUES (30202, 1018);
INSERT INTO Taxon(id, name, level) VALUES (30203, 'mõtestamine_ja_refleksioon', 'TOPIC');
INSERT INTO Topic(id, subject) VALUES (30203, 1018);
INSERT INTO Taxon(id, name, level) VALUES (30204, 'renessanss', 'TOPIC');
INSERT INTO Topic(id, subject) VALUES (30204, 1018);
INSERT INTO Taxon(id, name, level) VALUES (30205, 'Teise_maailmasõja_järgne_kunst', 'TOPIC');
INSERT INTO Topic(id, subject) VALUES (30205, 1018);
INSERT INTO Taxon(id, name, level) VALUES (30206, 'uurimine_ja_ideede_väljendamine', 'TOPIC');
INSERT INTO Topic(id, subject) VALUES (30206, 1018);
INSERT INTO Taxon(id, name, level) VALUES (30207, 'vanimad_kõrgkultuurid', 'TOPIC');
INSERT INTO Topic(id, subject) VALUES (30207, 1018);
INSERT INTO Taxon(id, name, level) VALUES (30208, 'visuaalkultuur', 'TOPIC');
INSERT INTO Topic(id, subject) VALUES (30208, 1018);
INSERT INTO Taxon(id, name, level) VALUES (30209, 'väljendusvahendite_arendamine', 'TOPIC');
INSERT INTO Topic(id, subject) VALUES (30209, 1018);
INSERT INTO Taxon(id, name, level) VALUES (30210, 'barokk', 'TOPIC');
INSERT INTO Topic(id, subject) VALUES (30210, 1019);
INSERT INTO Taxon(id, name, level) VALUES (30211, 'Eesti_muusika_20._sajandi_I_poolel', 'TOPIC');
INSERT INTO Topic(id, subject) VALUES (30211, 1019);
INSERT INTO Taxon(id, name, level) VALUES (30212, 'Eesti_muusika_pärast_Teist_maailmasõda', 'TOPIC');
INSERT INTO Topic(id, subject) VALUES (30212, 1019);
INSERT INTO Taxon(id, name, level) VALUES (30213, 'Eesti_professionaalse_muusikakultuuri_kujunemine', 'TOPIC');
INSERT INTO Topic(id, subject) VALUES (30213, 1019);
INSERT INTO Taxon(id, name, level) VALUES (30214, 'Eesti_rahvamuusika', 'TOPIC');
INSERT INTO Topic(id, subject) VALUES (30214, 1019);
INSERT INTO Taxon(id, name, level) VALUES (30215, 'instrumentaalmuusika', 'TOPIC');
INSERT INTO Topic(id, subject) VALUES (30215, 1019);
INSERT INTO Taxon(id, name, level) VALUES (30216, 'keskaeg', 'TOPIC');
INSERT INTO Topic(id, subject) VALUES (30216, 1019);
INSERT INTO Taxon(id, name, level) VALUES (30217, 'klassitsism', 'TOPIC');
INSERT INTO Topic(id, subject) VALUES (30217, 1019);
INSERT INTO Taxon(id, name, level) VALUES (30218, 'laulmine', 'TOPIC');
INSERT INTO Topic(id, subject) VALUES (30218, 1019);
INSERT INTO Taxon(id, name, level) VALUES (30219, 'lavamuusika', 'TOPIC');
INSERT INTO Topic(id, subject) VALUES (30219, 1019);
INSERT INTO Taxon(id, name, level) VALUES (30220, 'meloodia', 'TOPIC');
INSERT INTO Topic(id, subject) VALUES (30220, 1019);
INSERT INTO Taxon(id, name, level) VALUES (30221, 'muusika_20._ja_21.sajandil', 'TOPIC');
INSERT INTO Topic(id, subject) VALUES (30221, 1019);
INSERT INTO Taxon(id, name, level) VALUES (30222, 'muusika_kuulamine', 'TOPIC');
INSERT INTO Topic(id, subject) VALUES (30222, 1019);
INSERT INTO Taxon(id, name, level) VALUES (30223, 'muusika_teke_ja_olemus', 'TOPIC');
INSERT INTO Topic(id, subject) VALUES (30223, 1019);
INSERT INTO Taxon(id, name, level) VALUES (30224, 'muusikaline_kirjaoskus', 'TOPIC');
INSERT INTO Topic(id, subject) VALUES (30224, 1019);
INSERT INTO Taxon(id, name, level) VALUES (30225, 'muusikaline_liikumine', 'TOPIC');
INSERT INTO Topic(id, subject) VALUES (30225, 1019);
INSERT INTO Taxon(id, name, level) VALUES (30226, 'muusikaline_vorm', 'TOPIC');
INSERT INTO Topic(id, subject) VALUES (30226, 1019);
INSERT INTO Taxon(id, name, level) VALUES (30227, 'omalooming', 'TOPIC');
INSERT INTO Topic(id, subject) VALUES (30227, 1019);
INSERT INTO Taxon(id, name, level) VALUES (30228, 'pillimäng', 'TOPIC');
INSERT INTO Topic(id, subject) VALUES (30228, 1019);
INSERT INTO Taxon(id, name, level) VALUES (30229, 'populaarmuusika', 'TOPIC');
INSERT INTO Topic(id, subject) VALUES (30229, 1019);
INSERT INTO Taxon(id, name, level) VALUES (30230, 'rahvaste_muusika', 'TOPIC');
INSERT INTO Topic(id, subject) VALUES (30230, 1019);
INSERT INTO Taxon(id, name, level) VALUES (30231, 'renessanss', 'TOPIC');
INSERT INTO Topic(id, subject) VALUES (30231, 1019);
INSERT INTO Taxon(id, name, level) VALUES (30232, 'romantism', 'TOPIC');
INSERT INTO Topic(id, subject) VALUES (30232, 1019);
INSERT INTO Taxon(id, name, level) VALUES (30233, 'rütm', 'TOPIC');
INSERT INTO Topic(id, subject) VALUES (30233, 1019);
INSERT INTO Taxon(id, name, level) VALUES (30234, 'vokaalmuusika', 'TOPIC');
INSERT INTO Topic(id, subject) VALUES (30234, 1019);
INSERT INTO Taxon(id, name, level) VALUES (30235, 'kavandamine_esemete_vaatlemine_ja_disain', 'TOPIC');
INSERT INTO Topic(id, subject) VALUES (30235, 1020);
INSERT INTO Taxon(id, name, level) VALUES (30236, 'materjalid', 'TOPIC');
INSERT INTO Topic(id, subject) VALUES (30236, 1020);
INSERT INTO Taxon(id, name, level) VALUES (30237, 'töötamine', 'TOPIC');
INSERT INTO Topic(id, subject) VALUES (30237, 1020);
INSERT INTO Taxon(id, name, level) VALUES (30238, 'tööviisid', 'TOPIC');
INSERT INTO Topic(id, subject) VALUES (30238, 1020);
INSERT INTO Taxon(id, name, level) VALUES (30239, 'käsitöö_organiseerimine', 'TOPIC');
INSERT INTO Topic(id, subject) VALUES (30239, 1021);
INSERT INTO Taxon(id, name, level) VALUES (30240, 'materjalid_ja_töö_kulg', 'TOPIC');
INSERT INTO Topic(id, subject) VALUES (30240, 1021);
INSERT INTO Taxon(id, name, level) VALUES (30241, 'töö_kavandamine_ja_rahvakunst', 'TOPIC');
INSERT INTO Topic(id, subject) VALUES (30241, 1021);
INSERT INTO Taxon(id, name, level) VALUES (30242, 'tööliigid', 'TOPIC');
INSERT INTO Topic(id, subject) VALUES (30242, 1021);
INSERT INTO Taxon(id, name, level) VALUES (30243, 'kodu_ja_korrashoid', 'TOPIC');
INSERT INTO Topic(id, subject) VALUES (30243, 1022);
INSERT INTO Taxon(id, name, level) VALUES (30244, 'lauakombed_ja_etikett', 'TOPIC');
INSERT INTO Topic(id, subject) VALUES (30244, 1022);
INSERT INTO Taxon(id, name, level) VALUES (30245, 'toidu_valmistamine', 'TOPIC');
INSERT INTO Topic(id, subject) VALUES (30245, 1022);
INSERT INTO Taxon(id, name, level) VALUES (30246, 'toit_ja_toitumine', 'TOPIC');
INSERT INTO Topic(id, subject) VALUES (30246, 1022);
INSERT INTO Taxon(id, name, level) VALUES (30247, 'disain_ja_joonestamine', 'TOPIC');
INSERT INTO Topic(id, subject) VALUES (30247, 1023);
INSERT INTO Taxon(id, name, level) VALUES (30248, 'tehnoloogia', 'TOPIC');
INSERT INTO Topic(id, subject) VALUES (30248, 1023);
INSERT INTO Taxon(id, name, level) VALUES (30249, 'tehnoloogia_igapäevaelus', 'TOPIC');
INSERT INTO Topic(id, subject) VALUES (30249, 1023);
INSERT INTO Taxon(id, name, level) VALUES (30250, 'akrobaatika', 'TOPIC');
INSERT INTO Topic(id, subject) VALUES (30250, 1024);
INSERT INTO Taxon(id, name, level) VALUES (30251, 'hüpped', 'TOPIC');
INSERT INTO Topic(id, subject) VALUES (30251, 1024);
INSERT INTO Taxon(id, name, level) VALUES (30252, 'jooks', 'TOPIC');
INSERT INTO Topic(id, subject) VALUES (30252, 1024);
INSERT INTO Taxon(id, name, level) VALUES (30253, 'kõnni-,_jooksu-,_hüplemisharjutused', 'TOPIC');
INSERT INTO Topic(id, subject) VALUES (30253, 1024);
INSERT INTO Taxon(id, name, level) VALUES (30254, 'liikumis-_ja_sportmängud', 'TOPIC');
INSERT INTO Topic(id, subject) VALUES (30254, 1024);
INSERT INTO Taxon(id, name, level) VALUES (30255, 'orienteerumine', 'TOPIC');
INSERT INTO Topic(id, subject) VALUES (30255, 1024);
INSERT INTO Taxon(id, name, level) VALUES (30256, 'põhivõimlemine_ja_üldarendavad_võimlemisharjutused', 'TOPIC');
INSERT INTO Topic(id, subject) VALUES (30256, 1024);
INSERT INTO Taxon(id, name, level) VALUES (30257, 'rakendus-_ja_riistvõimleminevõimlemine', 'TOPIC');
INSERT INTO Topic(id, subject) VALUES (30257, 1024);
INSERT INTO Taxon(id, name, level) VALUES (30258, 'sport_ja_liikumisviisid', 'TOPIC');
INSERT INTO Topic(id, subject) VALUES (30258, 1024);
INSERT INTO Taxon(id, name, level) VALUES (30259, 'suusatamine', 'TOPIC');
INSERT INTO Topic(id, subject) VALUES (30259, 1024);
INSERT INTO Taxon(id, name, level) VALUES (30260, 'tantsuline_liikumine', 'TOPIC');
INSERT INTO Topic(id, subject) VALUES (30260, 1024);
INSERT INTO Taxon(id, name, level) VALUES (30261, 'tasakaaluharjutused', 'TOPIC');
INSERT INTO Topic(id, subject) VALUES (30261, 1024);
INSERT INTO Taxon(id, name, level) VALUES (30262, 'uisutamine', 'TOPIC');
INSERT INTO Topic(id, subject) VALUES (30262, 1024);
INSERT INTO Taxon(id, name, level) VALUES (30263, 'ujumine', 'TOPIC');
INSERT INTO Topic(id, subject) VALUES (30263, 1024);
INSERT INTO Taxon(id, name, level) VALUES (30264, 'visked', 'TOPIC');
INSERT INTO Topic(id, subject) VALUES (30264, 1024);
INSERT INTO Taxon(id, name, level) VALUES (30265, 'võimlemine', 'TOPIC');
INSERT INTO Topic(id, subject) VALUES (30265, 1024);
INSERT INTO Taxon(id, name, level) VALUES (30266, 'üldkoormavad,_koordinatsiooni_harjutused', 'TOPIC');
INSERT INTO Topic(id, subject) VALUES (30266, 1024);
INSERT INTO Taxon(id, name, level) VALUES (30267, 'tavad,_lood_ja_väärtused', 'TOPIC');
INSERT INTO Topic(id, subject) VALUES (30267, 1025);
INSERT INTO Taxon(id, name, level) VALUES (30268, 'väärtused_ja_valikud', 'TOPIC');
INSERT INTO Topic(id, subject) VALUES (30268, 1025);
INSERT INTO Taxon(id, name, level) VALUES (30269, 'üks_maailm,_erinevad_religioonid', 'TOPIC');
INSERT INTO Topic(id, subject) VALUES (30269, 1025);
INSERT INTO Taxon(id, name, level) VALUES (30270, 'arvuti_töövahendina', 'TOPIC');
INSERT INTO Topic(id, subject) VALUES (30270, 1026);
INSERT INTO Taxon(id, name, level) VALUES (30271, 'infoühiskonna_tehnoloogiad', 'TOPIC');
INSERT INTO Topic(id, subject) VALUES (30271, 1026);
INSERT INTO Taxon(id, name, level) VALUES (30272, 'enese_tundmaõppimine', 'TOPIC');
INSERT INTO Topic(id, subject) VALUES (30272, 1027);
INSERT INTO Taxon(id, name, level) VALUES (30273, 'planeerimine_ja_otsustamine', 'TOPIC');
INSERT INTO Topic(id, subject) VALUES (30273, 1027);
INSERT INTO Taxon(id, name, level) VALUES (30274, 'õppimisvõimalused_ja_töömaailm', 'TOPIC');
INSERT INTO Topic(id, subject) VALUES (30274, 1027);
INSERT INTO Taxon(id, name, level) VALUES (30275, 'juhtimine,_meeskonnatöö_ja_ärieetika', 'TOPIC');
INSERT INTO Topic(id, subject) VALUES (30275, 1028);
INSERT INTO Taxon(id, name, level) VALUES (30276, 'tootmine,_turundus,_tööjõud', 'TOPIC');
INSERT INTO Topic(id, subject) VALUES (30276, 1028);
INSERT INTO Taxon(id, name, level) VALUES (30277, 'turumajandus,_ettevõtlus_ja_tarbimine', 'TOPIC');
INSERT INTO Topic(id, subject) VALUES (30277, 1028);

-- End of topics for Basic Education

-- Start of topics for Secondary Education


INSERT INTO Taxon(id, name, level) VALUES (50000, 'keel_ja_ühiskond', 'TOPIC');
INSERT INTO Topic(id, subject) VALUES (50000, 1050);
INSERT INTO Taxon(id, name, level) VALUES (50001, 'meedia_ja_mõjutamine', 'TOPIC');
INSERT INTO Topic(id, subject) VALUES (50001, 1050);
INSERT INTO Taxon(id, name, level) VALUES (50002, 'praktiline_eesti_keel', 'TOPIC');
INSERT INTO Topic(id, subject) VALUES (50002, 1050);
INSERT INTO Taxon(id, name, level) VALUES (50003, 'teksti_keel_ja_stiil', 'TOPIC');
INSERT INTO Topic(id, subject) VALUES (50003, 1050);
INSERT INTO Taxon(id, name, level) VALUES (50004, '19._sajandi_kirjandus:_romantism_ja_realismi_tekkimine', 'TOPIC');
INSERT INTO Topic(id, subject) VALUES (50004, 1051);
INSERT INTO Taxon(id, name, level) VALUES (50005, '19._sajandi_II_poole_kirjandus:_realism', 'TOPIC');
INSERT INTO Topic(id, subject) VALUES (50005, 1051);
INSERT INTO Taxon(id, name, level) VALUES (50006, '20._sajandi_I_poole_kirjandus', 'TOPIC');
INSERT INTO Topic(id, subject) VALUES (50006, 1051);
INSERT INTO Taxon(id, name, level) VALUES (50007, '20._sajandi_II_poole_kirjandus', 'TOPIC');
INSERT INTO Topic(id, subject) VALUES (50007, 1051);
INSERT INTO Taxon(id, name, level) VALUES (50008, 'Eesti_kirjandus', 'TOPIC');
INSERT INTO Topic(id, subject) VALUES (50008, 1051);
INSERT INTO Taxon(id, name, level) VALUES (50009, 'kirjandus_antiigist_19._sajandini', 'TOPIC');
INSERT INTO Topic(id, subject) VALUES (50009, 1051);
INSERT INTO Taxon(id, name, level) VALUES (50010, 'kirjanduse_põhiliigid_ja_-žanrid', 'TOPIC');
INSERT INTO Topic(id, subject) VALUES (50010, 1051);
INSERT INTO Taxon(id, name, level) VALUES (50011, 'kirjandusteose_analüüs_ja_tõlgendamine', 'TOPIC');
INSERT INTO Topic(id, subject) VALUES (50011, 1051);
INSERT INTO Taxon(id, name, level) VALUES (50012, 'uuem_kirjandus', 'TOPIC');
INSERT INTO Topic(id, subject) VALUES (50012, 1051);
INSERT INTO Taxon(id, name, level) VALUES (50013, 'keel,_ühiskond,_kultuur', 'TOPIC');
INSERT INTO Topic(id, subject) VALUES (50013, 1052);
INSERT INTO Taxon(id, name, level) VALUES (50014, 'kirjaliku_teksti_vastuvõtt_ja_loomine', 'TOPIC');
INSERT INTO Topic(id, subject) VALUES (50014, 1052);
INSERT INTO Taxon(id, name, level) VALUES (50015, 'kõnekultuur', 'TOPIC');
INSERT INTO Topic(id, subject) VALUES (50015, 1052);
INSERT INTO Taxon(id, name, level) VALUES (50016, 'ortograafia_ja_interpunktsioon', 'TOPIC');
INSERT INTO Topic(id, subject) VALUES (50016, 1052);
INSERT INTO Taxon(id, name, level) VALUES (50017, 'suulise_teksti_vastuvõtt_ja_loomine', 'TOPIC');
INSERT INTO Topic(id, subject) VALUES (50017, 1052);
INSERT INTO Taxon(id, name, level) VALUES (50018, 'teksti_stilistika', 'TOPIC');
INSERT INTO Topic(id, subject) VALUES (50018, 1052);
INSERT INTO Taxon(id, name, level) VALUES (50019, 'kõne_ja_väitlus', 'TOPIC');
INSERT INTO Topic(id, subject) VALUES (50019, 1053);
INSERT INTO Taxon(id, name, level) VALUES (50020, 'müüt_ja_kirjandus', 'TOPIC');
INSERT INTO Topic(id, subject) VALUES (50020, 1053);
INSERT INTO Taxon(id, name, level) VALUES (50021, 'kirjandus_ja_ühiskond', 'TOPIC');
INSERT INTO Topic(id, subject) VALUES (50021, 1053);
INSERT INTO Taxon(id, name, level) VALUES (50022, 'draama_ja_teater', 'TOPIC');
INSERT INTO Topic(id, subject) VALUES (50022, 1053);
INSERT INTO Taxon(id, name, level) VALUES (50023, 'kirjandus_ja_film', 'TOPIC');
INSERT INTO Topic(id, subject) VALUES (50023, 1053);
INSERT INTO Taxon(id, name, level) VALUES (50024, 'vene_keel_Eestis', 'TOPIC');
INSERT INTO Topic(id, subject) VALUES (50024, 1053);
INSERT INTO Taxon(id, name, level) VALUES (50025, 'maailmakirjandus_antiikajast_18._sajandini', 'TOPIC');
INSERT INTO Topic(id, subject) VALUES (50025, 1053);
INSERT INTO Taxon(id, name, level) VALUES (50026, 'tänapäeva_vene_kirjandus', 'TOPIC');
INSERT INTO Topic(id, subject) VALUES (50026, 1053);
INSERT INTO Taxon(id, name, level) VALUES (50027, 'tänapäeva_väliskirjandus', 'TOPIC');
INSERT INTO Topic(id, subject) VALUES (50027, 1053);
INSERT INTO Taxon(id, name, level) VALUES (50028, 'keeleoskustase', 'TOPIC');
INSERT INTO Topic(id, subject) VALUES (50028, 1054);
INSERT INTO Taxon(id, name, level) VALUES (50029, 'keeleteadmised', 'TOPIC');
INSERT INTO Topic(id, subject) VALUES (50029, 1054);
INSERT INTO Taxon(id, name, level) VALUES (50030, 'osaoskused', 'TOPIC');
INSERT INTO Topic(id, subject) VALUES (50030, 1054);
INSERT INTO Taxon(id, name, level) VALUES (50031, 'keeleoskustase', 'TOPIC');
INSERT INTO Topic(id, subject) VALUES (50031, 1055);
INSERT INTO Taxon(id, name, level) VALUES (50032, 'keeleteadmised', 'TOPIC');
INSERT INTO Topic(id, subject) VALUES (50032, 1055);
INSERT INTO Taxon(id, name, level) VALUES (50033, 'osaoskused', 'TOPIC');
INSERT INTO Topic(id, subject) VALUES (50033, 1055);
INSERT INTO Taxon(id, name, level) VALUES (50034, 'keeleoskustase', 'TOPIC');
INSERT INTO Topic(id, subject) VALUES (50034, 1056);
INSERT INTO Taxon(id, name, level) VALUES (50035, 'keeleteadmised', 'TOPIC');
INSERT INTO Topic(id, subject) VALUES (50035, 1056);
INSERT INTO Taxon(id, name, level) VALUES (50036, 'osaoskused', 'TOPIC');
INSERT INTO Topic(id, subject) VALUES (50036, 1056);
INSERT INTO Taxon(id, name, level) VALUES (50037, 'keeleoskustase', 'TOPIC');
INSERT INTO Topic(id, subject) VALUES (50037, 1057);
INSERT INTO Taxon(id, name, level) VALUES (50038, 'keeleteadmised', 'TOPIC');
INSERT INTO Topic(id, subject) VALUES (50038, 1057);
INSERT INTO Taxon(id, name, level) VALUES (50039, 'osaoskused', 'TOPIC');
INSERT INTO Topic(id, subject) VALUES (50039, 1057);
INSERT INTO Taxon(id, name, level) VALUES (50040, 'keeleoskustase', 'TOPIC');
INSERT INTO Topic(id, subject) VALUES (50040, 1058);
INSERT INTO Taxon(id, name, level) VALUES (50041, 'keeleteadmised', 'TOPIC');
INSERT INTO Topic(id, subject) VALUES (50041, 1058);
INSERT INTO Taxon(id, name, level) VALUES (50042, 'osaoskused', 'TOPIC');
INSERT INTO Topic(id, subject) VALUES (50042, 1058);
INSERT INTO Taxon(id, name, level) VALUES (50043, 'arvjadad', 'TOPIC');
INSERT INTO Topic(id, subject) VALUES (50043, 1060);
INSERT INTO Taxon(id, name, level) VALUES (50044, 'arvuhulgad_ja_avaldised', 'TOPIC');
INSERT INTO Topic(id, subject) VALUES (50044, 1060);
INSERT INTO Taxon(id, name, level) VALUES (50045, 'arvuteooria', 'TOPIC');
INSERT INTO Topic(id, subject) VALUES (50045, 1060);
INSERT INTO Taxon(id, name, level) VALUES (50046, 'diskreetne_matemaatika', 'TOPIC');
INSERT INTO Topic(id, subject) VALUES (50046, 1060);
INSERT INTO Taxon(id, name, level) VALUES (50047, 'funktsiooni_tuletis', 'TOPIC');
INSERT INTO Topic(id, subject) VALUES (50047, 1060);
INSERT INTO Taxon(id, name, level) VALUES (50048, 'funktsioonid', 'TOPIC');
INSERT INTO Topic(id, subject) VALUES (50048, 1060);
INSERT INTO Taxon(id, name, level) VALUES (50049, 'hulknurkade_ja_ringide_geomeetria', 'TOPIC');
INSERT INTO Topic(id, subject) VALUES (50049, 1060);
INSERT INTO Taxon(id, name, level) VALUES (50050, 'joone_võrrand', 'TOPIC');
INSERT INTO Topic(id, subject) VALUES (50050, 1060);
INSERT INTO Taxon(id, name, level) VALUES (50051, 'kolmnurkade_ja_ringide_geomeetria', 'TOPIC');
INSERT INTO Topic(id, subject) VALUES (50051, 1060);
INSERT INTO Taxon(id, name, level) VALUES (50052, 'loogika', 'TOPIC');
INSERT INTO Topic(id, subject) VALUES (50052, 1060);
INSERT INTO Taxon(id, name, level) VALUES (50053, 'majandusmatemaatika', 'TOPIC');
INSERT INTO Topic(id, subject) VALUES (50053, 1060);
INSERT INTO Taxon(id, name, level) VALUES (50054, 'matemaatika_rakendused', 'TOPIC');
INSERT INTO Topic(id, subject) VALUES (50054, 1060);
INSERT INTO Taxon(id, name, level) VALUES (50055, 'planimeetria_ja_integraal', 'TOPIC');
INSERT INTO Topic(id, subject) VALUES (50055, 1060);
INSERT INTO Taxon(id, name, level) VALUES (50056, 'stereomeetria', 'TOPIC');
INSERT INTO Topic(id, subject) VALUES (50056, 1060);
INSERT INTO Taxon(id, name, level) VALUES (50057, 'trigonomeetria', 'TOPIC');
INSERT INTO Topic(id, subject) VALUES (50057, 1060);
INSERT INTO Taxon(id, name, level) VALUES (50058, 'tõenäosus_ja_statistika', 'TOPIC');
INSERT INTO Topic(id, subject) VALUES (50058, 1060);
INSERT INTO Taxon(id, name, level) VALUES (50059, 'vektor_tasandil', 'TOPIC');
INSERT INTO Topic(id, subject) VALUES (50059, 1060);
INSERT INTO Taxon(id, name, level) VALUES (50060, 'võrrandid', 'TOPIC');
INSERT INTO Topic(id, subject) VALUES (50060, 1060);
INSERT INTO Taxon(id, name, level) VALUES (50061, 'võrratused', 'TOPIC');
INSERT INTO Topic(id, subject) VALUES (50061, 1060);
INSERT INTO Taxon(id, name, level) VALUES (50062, 'bioevolutsioon', 'TOPIC');
INSERT INTO Topic(id, subject) VALUES (50062, 1061);
INSERT INTO Taxon(id, name, level) VALUES (50063, 'bioloogia_uurimisvaldkonnad', 'TOPIC');
INSERT INTO Topic(id, subject) VALUES (50063, 1061);
INSERT INTO Taxon(id, name, level) VALUES (50064, 'inimese_talitluse_regulatsioon', 'TOPIC');
INSERT INTO Topic(id, subject) VALUES (50064, 1061);
INSERT INTO Taxon(id, name, level) VALUES (50065, 'keskkonnakaitse', 'TOPIC');
INSERT INTO Topic(id, subject) VALUES (50065, 1061);
INSERT INTO Taxon(id, name, level) VALUES (50066, 'molekulaarbioloogilised_põhiprotsessid', 'TOPIC');
INSERT INTO Topic(id, subject) VALUES (50066, 1061);
INSERT INTO Taxon(id, name, level) VALUES (50067, 'organismide_areng', 'TOPIC');
INSERT INTO Topic(id, subject) VALUES (50067, 1061);
INSERT INTO Taxon(id, name, level) VALUES (50068, 'organismide_energiavajadus', 'TOPIC');
INSERT INTO Topic(id, subject) VALUES (50068, 1061);
INSERT INTO Taxon(id, name, level) VALUES (50069, 'organismide_koostis', 'TOPIC');
INSERT INTO Topic(id, subject) VALUES (50069, 1061);
INSERT INTO Taxon(id, name, level) VALUES (50070, 'pärilikkus_ja_muutlikkus', 'TOPIC');
INSERT INTO Topic(id, subject) VALUES (50070, 1061);
INSERT INTO Taxon(id, name, level) VALUES (50071, 'rakendusbioloogia', 'TOPIC');
INSERT INTO Topic(id, subject) VALUES (50071, 1061);
INSERT INTO Taxon(id, name, level) VALUES (50072, 'rakk', 'TOPIC');
INSERT INTO Topic(id, subject) VALUES (50072, 1061);
INSERT INTO Taxon(id, name, level) VALUES (50073, 'rakkude_mitmekesisus', 'TOPIC');
INSERT INTO Topic(id, subject) VALUES (50073, 1061);
INSERT INTO Taxon(id, name, level) VALUES (50074, 'viirused_ja_bakterid', 'TOPIC');
INSERT INTO Topic(id, subject) VALUES (50074, 1061);
INSERT INTO Taxon(id, name, level) VALUES (50075, 'ökoloogia', 'TOPIC');
INSERT INTO Topic(id, subject) VALUES (50075, 1061);
INSERT INTO Taxon(id, name, level) VALUES (50076, 'asustus', 'TOPIC');
INSERT INTO Topic(id, subject) VALUES (50076, 1062);
INSERT INTO Taxon(id, name, level) VALUES (50077, 'atmosfäär', 'TOPIC');
INSERT INTO Topic(id, subject) VALUES (50077, 1062);
INSERT INTO Taxon(id, name, level) VALUES (50078, 'biosfäär', 'TOPIC');
INSERT INTO Topic(id, subject) VALUES (50078, 1062);
INSERT INTO Taxon(id, name, level) VALUES (50079, 'energiamajandus_ja_keskkonnaprobleemid', 'TOPIC');
INSERT INTO Topic(id, subject) VALUES (50079, 1062);
INSERT INTO Taxon(id, name, level) VALUES (50080, 'geograafia_areng_ja_uurimismeetodid', 'TOPIC');
INSERT INTO Topic(id, subject) VALUES (50080, 1062);
INSERT INTO Taxon(id, name, level) VALUES (50081, 'geoinformaatika', 'TOPIC');
INSERT INTO Topic(id, subject) VALUES (50081, 1062);
INSERT INTO Taxon(id, name, level) VALUES (50082, 'globaliseeruv_maailm', 'TOPIC');
INSERT INTO Topic(id, subject) VALUES (50082, 1062);
INSERT INTO Taxon(id, name, level) VALUES (50083, 'hüdrosfäär', 'TOPIC');
INSERT INTO Topic(id, subject) VALUES (50083, 1062);
INSERT INTO Taxon(id, name, level) VALUES (50084, 'litosfäär', 'TOPIC');
INSERT INTO Topic(id, subject) VALUES (50084, 1062);
INSERT INTO Taxon(id, name, level) VALUES (50085, 'loodusvarade_majandamine_ja_keskkonnaprobleemid', 'TOPIC');
INSERT INTO Topic(id, subject) VALUES (50085, 1062);
INSERT INTO Taxon(id, name, level) VALUES (50086, 'Maa_kui_süsteem', 'TOPIC');
INSERT INTO Topic(id, subject) VALUES (50086, 1062);
INSERT INTO Taxon(id, name, level) VALUES (50087, 'metsamajandus_ja_keskkonnaprobleemid', 'TOPIC');
INSERT INTO Topic(id, subject) VALUES (50087, 1062);
INSERT INTO Taxon(id, name, level) VALUES (50088, 'muutused_maailmamajanduses', 'TOPIC');
INSERT INTO Topic(id, subject) VALUES (50088, 1062);
INSERT INTO Taxon(id, name, level) VALUES (50089, 'põllumajandus_ja_keskkonnaprobleemid', 'TOPIC');
INSERT INTO Topic(id, subject) VALUES (50089, 1062);
INSERT INTO Taxon(id, name, level) VALUES (50090, 'rahvastik', 'TOPIC');
INSERT INTO Topic(id, subject) VALUES (50090, 1062);
INSERT INTO Taxon(id, name, level) VALUES (50091, 'ühiskonna_areng_ja_üleilmastumine', 'TOPIC');
INSERT INTO Topic(id, subject) VALUES (50091, 1062);
INSERT INTO Taxon(id, name, level) VALUES (50092, 'aine_ehitus', 'TOPIC');
INSERT INTO Topic(id, subject) VALUES (50092, 1063);
INSERT INTO Taxon(id, name, level) VALUES (50093, 'elementide_keemia', 'TOPIC');
INSERT INTO Topic(id, subject) VALUES (50093, 1063);
INSERT INTO Taxon(id, name, level) VALUES (50094, 'elu_keemia', 'TOPIC');
INSERT INTO Topic(id, subject) VALUES (50094, 1063);
INSERT INTO Taxon(id, name, level) VALUES (50095, 'keemia,_teadus_ja_karjäärivalikud', 'TOPIC');
INSERT INTO Topic(id, subject) VALUES (50095, 1063);
INSERT INTO Taxon(id, name, level) VALUES (50096, 'keemilised_reaktsioonid', 'TOPIC');
INSERT INTO Topic(id, subject) VALUES (50096, 1063);
INSERT INTO Taxon(id, name, level) VALUES (50097, 'keemilised_reaktsioonid_lahustes', 'TOPIC');
INSERT INTO Topic(id, subject) VALUES (50097, 1063);
INSERT INTO Taxon(id, name, level) VALUES (50098, 'keemiliste_protsesside_seaduspärasused', 'TOPIC');
INSERT INTO Topic(id, subject) VALUES (50098, 1063);
INSERT INTO Taxon(id, name, level) VALUES (50099, 'metallid', 'TOPIC');
INSERT INTO Topic(id, subject) VALUES (50099, 1063);
INSERT INTO Taxon(id, name, level) VALUES (50100, 'mittemetallid', 'TOPIC');
INSERT INTO Topic(id, subject) VALUES (50100, 1063);
INSERT INTO Taxon(id, name, level) VALUES (50101, 'orgaanilised_ained_meie_ümber', 'TOPIC');
INSERT INTO Topic(id, subject) VALUES (50101, 1063);
INSERT INTO Taxon(id, name, level) VALUES (50102, 'süsivesinikud_ja_nende_derivaadid', 'TOPIC');
INSERT INTO Topic(id, subject) VALUES (50102, 1063);
INSERT INTO Taxon(id, name, level) VALUES (50103, 'aine_ehituse_alused', 'TOPIC');
INSERT INTO Topic(id, subject) VALUES (50103, 1064);
INSERT INTO Taxon(id, name, level) VALUES (50104, 'dünaamika', 'TOPIC');
INSERT INTO Topic(id, subject) VALUES (50104, 1064);
INSERT INTO Taxon(id, name, level) VALUES (50105, 'elektriväli_ja_magnetväli', 'TOPIC');
INSERT INTO Topic(id, subject) VALUES (50105, 1064);
INSERT INTO Taxon(id, name, level) VALUES (50106, 'elektromagnetlained', 'TOPIC');
INSERT INTO Topic(id, subject) VALUES (50106, 1064);
INSERT INTO Taxon(id, name, level) VALUES (50107, 'elektrotehnika', 'TOPIC');
INSERT INTO Topic(id, subject) VALUES (50107, 1064);
INSERT INTO Taxon(id, name, level) VALUES (50108, 'füüsika_ja_tehnika', 'TOPIC');
INSERT INTO Topic(id, subject) VALUES (50108, 1064);
INSERT INTO Taxon(id, name, level) VALUES (50109, 'kulgliikumise_kinemaatika', 'TOPIC');
INSERT INTO Topic(id, subject) VALUES (50109, 1064);
INSERT INTO Taxon(id, name, level) VALUES (50110, 'megamaailma_füüsika', 'TOPIC');
INSERT INTO Topic(id, subject) VALUES (50110, 1064);
INSERT INTO Taxon(id, name, level) VALUES (50111, 'mikromaailma_füüsika', 'TOPIC');
INSERT INTO Topic(id, subject) VALUES (50111, 1064);
INSERT INTO Taxon(id, name, level) VALUES (50112, 'perioodilised_liikumised', 'TOPIC');
INSERT INTO Topic(id, subject) VALUES (50112, 1064);
INSERT INTO Taxon(id, name, level) VALUES (50113, 'sissejuhatus_füüsikasse', 'TOPIC');
INSERT INTO Topic(id, subject) VALUES (50113, 1064);
INSERT INTO Taxon(id, name, level) VALUES (50114, 'teistsugune_füüsika', 'TOPIC');
INSERT INTO Topic(id, subject) VALUES (50114, 1064);
INSERT INTO Taxon(id, name, level) VALUES (50115, 'termodünaamika,_energeetika', 'TOPIC');
INSERT INTO Topic(id, subject) VALUES (50115, 1064);
INSERT INTO Taxon(id, name, level) VALUES (50116, '3D-modelleerimine', 'TOPIC');
INSERT INTO Topic(id, subject) VALUES (50116, 1065);
INSERT INTO Taxon(id, name, level) VALUES (50117, 'arvuti_kasutamine_uurimistöös', 'TOPIC');
INSERT INTO Topic(id, subject) VALUES (50117, 1065);
INSERT INTO Taxon(id, name, level) VALUES (50118, 'joonestamine', 'TOPIC');
INSERT INTO Topic(id, subject) VALUES (50118, 1065);
INSERT INTO Taxon(id, name, level) VALUES (50119, 'loodusteadused,_tehnoloogia_ja_ühiskond', 'TOPIC');
INSERT INTO Topic(id, subject) VALUES (50119, 1065);
INSERT INTO Taxon(id, name, level) VALUES (50120, 'mehhatroonika_ja_robootika', 'TOPIC');
INSERT INTO Topic(id, subject) VALUES (50120, 1065);
INSERT INTO Taxon(id, name, level) VALUES (50121, 'rakenduste_loomise_ja_programmeerimise_alused', 'TOPIC');
INSERT INTO Topic(id, subject) VALUES (50121, 1065);
INSERT INTO Taxon(id, name, level) VALUES (50122, 'antiikaeg', 'TOPIC');
INSERT INTO Topic(id, subject) VALUES (50122, 1066);
INSERT INTO Taxon(id, name, level) VALUES (50123, 'demokraatlik_maailm_pärast_Teist_maailmasõda', 'TOPIC');
INSERT INTO Topic(id, subject) VALUES (50123, 1066);
INSERT INTO Taxon(id, name, level) VALUES (50124, 'Eesti_17._sajandil', 'TOPIC');
INSERT INTO Topic(id, subject) VALUES (50124, 1066);
INSERT INTO Taxon(id, name, level) VALUES (50125, 'Eesti_18._sajandil', 'TOPIC');
INSERT INTO Topic(id, subject) VALUES (50125, 1066);
INSERT INTO Taxon(id, name, level) VALUES (50126, 'Eesti_19._sajandil_ja_20._sajandi_algul', 'TOPIC');
INSERT INTO Topic(id, subject) VALUES (50126, 1066);
INSERT INTO Taxon(id, name, level) VALUES (50127, 'Eesti_ajalugu_kuni_17._sajand', 'TOPIC');
INSERT INTO Topic(id, subject) VALUES (50127, 1066);
INSERT INTO Taxon(id, name, level) VALUES (50128, 'eluolu_ja_kultuur_20._sajandil', 'TOPIC');
INSERT INTO Topic(id, subject) VALUES (50128, 1066);
INSERT INTO Taxon(id, name, level) VALUES (50129, 'Esimene_maailmasõda', 'TOPIC');
INSERT INTO Topic(id, subject) VALUES (50129, 1066);
INSERT INTO Taxon(id, name, level) VALUES (50130, 'inimsusevastased_kuriteod', 'TOPIC');
INSERT INTO Topic(id, subject) VALUES (50130, 1066);
INSERT INTO Taxon(id, name, level) VALUES (50131, 'keskaeg', 'TOPIC');
INSERT INTO Topic(id, subject) VALUES (50131, 1066);
INSERT INTO Taxon(id, name, level) VALUES (50132, 'külm_sõda', 'TOPIC');
INSERT INTO Topic(id, subject) VALUES (50132, 1066);
INSERT INTO Taxon(id, name, level) VALUES (50133, 'maailm_Esimese_maailmasõja_eel', 'TOPIC');
INSERT INTO Topic(id, subject) VALUES (50133, 1066);
INSERT INTO Taxon(id, name, level) VALUES (50134, 'maailm_sajandivahetusel', 'TOPIC');
INSERT INTO Topic(id, subject) VALUES (50134, 1066);
INSERT INTO Taxon(id, name, level) VALUES (50135, 'maailmasõdadevaheline_aeg', 'TOPIC');
INSERT INTO Topic(id, subject) VALUES (50135, 1066);
INSERT INTO Taxon(id, name, level) VALUES (50136, 'muu_maailm', 'TOPIC');
INSERT INTO Topic(id, subject) VALUES (50136, 1066);
INSERT INTO Taxon(id, name, level) VALUES (50137, 'NSVL_ja_kommunistlik_süsteem', 'TOPIC');
INSERT INTO Topic(id, subject) VALUES (50137, 1066);
INSERT INTO Taxon(id, name, level) VALUES (50138, 'sõja_ja_rahu_küsimus', 'TOPIC');
INSERT INTO Topic(id, subject) VALUES (50138, 1066);
INSERT INTO Taxon(id, name, level) VALUES (50139, 'Teine_maailmasõda', 'TOPIC');
INSERT INTO Topic(id, subject) VALUES (50139, 1066);
INSERT INTO Taxon(id, name, level) VALUES (50140, 'uusaeg', 'TOPIC');
INSERT INTO Topic(id, subject) VALUES (50140, 1066);
INSERT INTO Taxon(id, name, level) VALUES (50141, 'üleminekuaeg_keskajast_uusaega', 'TOPIC');
INSERT INTO Topic(id, subject) VALUES (50141, 1066);
INSERT INTO Taxon(id, name, level) VALUES (50142, 'demokraatliku_ühiskonna_valitsemine_ja_kodanikuosalus', 'TOPIC');
INSERT INTO Topic(id, subject) VALUES (50142, 1067);
INSERT INTO Taxon(id, name, level) VALUES (50143, 'erakonnad_ja_kodanikuühendused', 'TOPIC');
INSERT INTO Topic(id, subject) VALUES (50143, 1067);
INSERT INTO Taxon(id, name, level) VALUES (50144, 'Euroopa_Liidu_valitsemiskord_ja_toimimine', 'TOPIC');
INSERT INTO Topic(id, subject) VALUES (50144, 1067);
INSERT INTO Taxon(id, name, level) VALUES (50145, 'inimõigused', 'TOPIC');
INSERT INTO Topic(id, subject) VALUES (50145, 1067);
INSERT INTO Taxon(id, name, level) VALUES (50146, 'majandus_ja_maailmapoliitika', 'TOPIC');
INSERT INTO Topic(id, subject) VALUES (50146, 1067);
INSERT INTO Taxon(id, name, level) VALUES (50147, 'nüüdisühiskond_ja_selle_kujunemine', 'TOPIC');
INSERT INTO Topic(id, subject) VALUES (50147, 1067);
INSERT INTO Taxon(id, name, level) VALUES (50148, 'poliitilised_ideoloogiad', 'TOPIC');
INSERT INTO Topic(id, subject) VALUES (50148, 1067);
INSERT INTO Taxon(id, name, level) VALUES (50149, 'riik_ja_majandus', 'TOPIC');
INSERT INTO Topic(id, subject) VALUES (50149, 1067);
INSERT INTO Taxon(id, name, level) VALUES (50150, 'riik_ja_riigi_vormid', 'TOPIC');
INSERT INTO Topic(id, subject) VALUES (50150, 1067);
INSERT INTO Taxon(id, name, level) VALUES (50151, 'sotsiaalsed_suhted_ja_institutsioonid', 'TOPIC');
INSERT INTO Topic(id, subject) VALUES (50151, 1067);
INSERT INTO Taxon(id, name, level) VALUES (50152, 'tarbimine_ja_investeerimine', 'TOPIC');
INSERT INTO Topic(id, subject) VALUES (50152, 1067);
INSERT INTO Taxon(id, name, level) VALUES (50153, 'tööturg_ja_hõive', 'TOPIC');
INSERT INTO Topic(id, subject) VALUES (50153, 1067);
INSERT INTO Taxon(id, name, level) VALUES (50154, 'valimised', 'TOPIC');
INSERT INTO Topic(id, subject) VALUES (50154, 1067);
INSERT INTO Taxon(id, name, level) VALUES (50155, 'õigusriik_ja_võimude_lahusus', 'TOPIC');
INSERT INTO Topic(id, subject) VALUES (50155, 1067);
INSERT INTO Taxon(id, name, level) VALUES (50156, 'abielu', 'TOPIC');
INSERT INTO Topic(id, subject) VALUES (50156, 1068);
INSERT INTO Taxon(id, name, level) VALUES (50157, 'kodu_ja_argielu', 'TOPIC');
INSERT INTO Topic(id, subject) VALUES (50157, 1068);
INSERT INTO Taxon(id, name, level) VALUES (50158, 'laps', 'TOPIC');
INSERT INTO Topic(id, subject) VALUES (50158, 1068);
INSERT INTO Taxon(id, name, level) VALUES (50159, 'lapsevanemaks_olemine', 'TOPIC');
INSERT INTO Topic(id, subject) VALUES (50159, 1068);
INSERT INTO Taxon(id, name, level) VALUES (50160, 'perekond', 'TOPIC');
INSERT INTO Topic(id, subject) VALUES (50160, 1068);
INSERT INTO Taxon(id, name, level) VALUES (50161, 'perekond_inimese_elus', 'TOPIC');
INSERT INTO Topic(id, subject) VALUES (50161, 1068);
INSERT INTO Taxon(id, name, level) VALUES (50162, 'perekonna_majanduselu_ja_õigusaktid', 'TOPIC');
INSERT INTO Topic(id, subject) VALUES (50162, 1068);
INSERT INTO Taxon(id, name, level) VALUES (50163, 'püsisuhe', 'TOPIC');
INSERT INTO Topic(id, subject) VALUES (50163, 1068);
INSERT INTO Taxon(id, name, level) VALUES (50164, 'maailma_ajalugu:_tsivilisatsioonid_väljaspool_Euroopat', 'TOPIC');
INSERT INTO Topic(id, subject) VALUES (50164, 1069);
INSERT INTO Taxon(id, name, level) VALUES (50165, 'Euroopa_maade_ja_Ameerika_ühendriikide_ajalugu', 'TOPIC');
INSERT INTO Topic(id, subject) VALUES (50165, 1069);
INSERT INTO Taxon(id, name, level) VALUES (50166, 'inimene_ja_õigus', 'TOPIC');
INSERT INTO Topic(id, subject) VALUES (50166, 1069);
INSERT INTO Taxon(id, name, level) VALUES (50167, 'psühholoogia', 'TOPIC');
INSERT INTO Topic(id, subject) VALUES (50167, 1069);
INSERT INTO Taxon(id, name, level) VALUES (50168, '20._ja_21._sajandi_muusika', 'TOPIC');
INSERT INTO Topic(id, subject) VALUES (50168, 1070);
INSERT INTO Taxon(id, name, level) VALUES (50169, 'muusikaline_eneseväljendus', 'TOPIC');
INSERT INTO Topic(id, subject) VALUES (50169, 1070);
INSERT INTO Taxon(id, name, level) VALUES (50170, 'rahvuslikkus_muusikas', 'TOPIC');
INSERT INTO Topic(id, subject) VALUES (50170, 1070);
INSERT INTO Taxon(id, name, level) VALUES (50171, 'uusaegse_helikeele_kujunemine', 'TOPIC');
INSERT INTO Topic(id, subject) VALUES (50171, 1070);
INSERT INTO Taxon(id, name, level) VALUES (50172, 'kunst_ja_kunstiajalugu', 'TOPIC');
INSERT INTO Topic(id, subject) VALUES (50172, 1071);
INSERT INTO Taxon(id, name, level) VALUES (50173, 'kunst_ja_visuaalkultuur_20._ja_21._sajandil', 'TOPIC');
INSERT INTO Topic(id, subject) VALUES (50173, 1071);
INSERT INTO Taxon(id, name, level) VALUES (50174, 'kergejõustik', 'TOPIC');
INSERT INTO Topic(id, subject) VALUES (50174, 1072);
INSERT INTO Taxon(id, name, level) VALUES (50175, 'orienteerumine', 'TOPIC');
INSERT INTO Topic(id, subject) VALUES (50175, 1072);
INSERT INTO Taxon(id, name, level) VALUES (50176, 'sportmängud', 'TOPIC');
INSERT INTO Topic(id, subject) VALUES (50176, 1072);
INSERT INTO Taxon(id, name, level) VALUES (50177, 'suusatamine', 'TOPIC');
INSERT INTO Topic(id, subject) VALUES (50177, 1072);
INSERT INTO Taxon(id, name, level) VALUES (50178, 'tantsuline_liikumine', 'TOPIC');
INSERT INTO Topic(id, subject) VALUES (50178, 1072);
INSERT INTO Taxon(id, name, level) VALUES (50179, 'teadmised_liikumisest_ja_spordist', 'TOPIC');
INSERT INTO Topic(id, subject) VALUES (50179, 1072);
INSERT INTO Taxon(id, name, level) VALUES (50180, 'uisutamine', 'TOPIC');
INSERT INTO Topic(id, subject) VALUES (50180, 1072);
INSERT INTO Taxon(id, name, level) VALUES (50181, 'võimlemine', 'TOPIC');
INSERT INTO Topic(id, subject) VALUES (50181, 1072);
INSERT INTO Taxon(id, name, level) VALUES (50182, 'kehalised_võimed_ja_liikumisoskused', 'TOPIC');
INSERT INTO Topic(id, subject) VALUES (50182, 1073);
INSERT INTO Taxon(id, name, level) VALUES (50183, 'liikumine_välistingimustes', 'TOPIC');
INSERT INTO Topic(id, subject) VALUES (50183, 1073);
INSERT INTO Taxon(id, name, level) VALUES (50184, 'inimene_ja_religioon', 'TOPIC');
INSERT INTO Topic(id, subject) VALUES (50184, 1074);
INSERT INTO Taxon(id, name, level) VALUES (50185, 'eesti_usuline_maastik', 'TOPIC');
INSERT INTO Topic(id, subject) VALUES (50185, 1074);
INSERT INTO Taxon(id, name, level) VALUES (50186, 'riigikaitse', 'TOPIC');
INSERT INTO Topic(id, subject) VALUES (50186, 1075);
INSERT INTO Taxon(id, name, level) VALUES (50187, 'praktiline_õpe_välilaagris', 'TOPIC');
INSERT INTO Topic(id, subject) VALUES (50187, 1075);
INSERT INTO Taxon(id, name, level) VALUES (50188, 'majandusõpetus', 'TOPIC');
INSERT INTO Topic(id, subject) VALUES (50188, 1076);
INSERT INTO Taxon(id, name, level) VALUES (50189, 'ettevõtlusõpetus', 'TOPIC');
INSERT INTO Topic(id, subject) VALUES (50189, 1076);
INSERT INTO Taxon(id, name, level) VALUES (50190, 'sissejuhatus_filosoofilisse_mõtlemisse', 'TOPIC');
INSERT INTO Topic(id, subject) VALUES (50190, 1077);
INSERT INTO Taxon(id, name, level) VALUES (50191, 'tänapäeva_filosoofilised_küsimused', 'TOPIC');
INSERT INTO Topic(id, subject) VALUES (50191, 1077);
INSERT INTO Taxon(id, name, level) VALUES (50192, 'enesetundmine', 'TOPIC');
INSERT INTO Topic(id, subject) VALUES (50192, 1078);
INSERT INTO Taxon(id, name, level) VALUES (50193, 'karjääriinfo', 'TOPIC');
INSERT INTO Topic(id, subject) VALUES (50193, 1078);
INSERT INTO Taxon(id, name, level) VALUES (50194, 'planeerimine_ja_otsustamine', 'TOPIC');
INSERT INTO Topic(id, subject) VALUES (50194, 1078);
INSERT INTO Taxon(id, name, level) VALUES (50195, 'uurimistöö_olemus', 'TOPIC');
INSERT INTO Topic(id, subject) VALUES (50195, 1079);
INSERT INTO Taxon(id, name, level) VALUES (50196, 'uurimistöös_kasutatavad_meetodid', 'TOPIC');
INSERT INTO Topic(id, subject) VALUES (50196, 1079);
INSERT INTO Taxon(id, name, level) VALUES (50197, 'uurimistöö_etapid', 'TOPIC');
INSERT INTO Topic(id, subject) VALUES (50197, 1079);
INSERT INTO Taxon(id, name, level) VALUES (50198, 'uurimistöö_struktuur', 'TOPIC');
INSERT INTO Topic(id, subject) VALUES (50198, 1079);
INSERT INTO Taxon(id, name, level) VALUES (50199, 'tabelid_ja_joonised', 'TOPIC');
INSERT INTO Topic(id, subject) VALUES (50199, 1079);
INSERT INTO Taxon(id, name, level) VALUES (50200, 'struktuur_ja_keel', 'TOPIC');
INSERT INTO Topic(id, subject) VALUES (50200, 1079);
INSERT INTO Taxon(id, name, level) VALUES (50201, 'viitamine_ja_vormistamine', 'TOPIC');
INSERT INTO Topic(id, subject) VALUES (50201, 1079);
INSERT INTO Taxon(id, name, level) VALUES (50202, 'kaitsmine', 'TOPIC');
INSERT INTO Topic(id, subject) VALUES (50202, 1079);


-- End of topics for Secondary Education

-- Start of topics for Vocational Education

insert into Taxon(id, name, level) values (10300, 'Vocational_Education_Topic1', 'TOPIC');
insert into Topic(id, module) values (10300, 20100);

-- End of topics for Vocational Education



-- Subtopic

-- Start of subtopics for Preschool_Topic1

insert into Taxon(id, name, level) values (15020, 'Subtopic_for_Preschool_Topic1', 'SUBTOPIC');
insert into Subtopic(id, topic) values (15020, 10100);

-- End of subtopics for Preschool_Topic1

-- Start of subtopics for Basic Education


INSERT INTO Taxon(id, name, level) VALUES (40000, 'eesti_keel_ja_teised_keeled', 'SUBTOPIC');
INSERT INTO Subtopic(id, topic) VALUES (40000, 30000);
INSERT INTO Taxon(id, name, level) VALUES (40001, 'häälikusüsteem_ja_astmevaheldus', 'SUBTOPIC');
INSERT INTO Subtopic(id, topic) VALUES (40001, 30000);
INSERT INTO Taxon(id, name, level) VALUES (40002, 'keele_ülesanded,_märgisüsteem', 'SUBTOPIC');
INSERT INTO Subtopic(id, topic) VALUES (40002, 30000);
INSERT INTO Taxon(id, name, level) VALUES (40003, 'keelekasutuse_valdkonnad', 'SUBTOPIC');
INSERT INTO Subtopic(id, topic) VALUES (40003, 30000);
INSERT INTO Taxon(id, name, level) VALUES (40004, 'kirjakeele_kujunemine', 'SUBTOPIC');
INSERT INTO Subtopic(id, topic) VALUES (40004, 30000);
INSERT INTO Taxon(id, name, level) VALUES (40005, 'lause_kirjavahemärgid', 'SUBTOPIC');
INSERT INTO Subtopic(id, topic) VALUES (40005, 30000);
INSERT INTO Taxon(id, name, level) VALUES (40006, 'lauseehitus', 'SUBTOPIC');
INSERT INTO Subtopic(id, topic) VALUES (40006, 30000);
INSERT INTO Taxon(id, name, level) VALUES (40007, 'lausetüübid_ja_sõnajärg', 'SUBTOPIC');
INSERT INTO Subtopic(id, topic) VALUES (40007, 30000);
INSERT INTO Taxon(id, name, level) VALUES (40008, 'murdekeel', 'SUBTOPIC');
INSERT INTO Subtopic(id, topic) VALUES (40008, 30000);
INSERT INTO Taxon(id, name, level) VALUES (40009, 'muutevormistik', 'SUBTOPIC');
INSERT INTO Subtopic(id, topic) VALUES (40009, 30000);
INSERT INTO Taxon(id, name, level) VALUES (40010, 'ainsus_ja_mitmus', 'SUBTOPIC');
INSERT INTO Subtopic(id, topic) VALUES (40010, 30001);
INSERT INTO Taxon(id, name, level) VALUES (40011, 'erandliku_õigekirjaga_ase-_ja_küsisõnad', 'SUBTOPIC');
INSERT INTO Subtopic(id, topic) VALUES (40011, 30001);
INSERT INTO Taxon(id, name, level) VALUES (40012, 'h_sõna_alguses', 'SUBTOPIC');
INSERT INTO Subtopic(id, topic) VALUES (40012, 30001);
INSERT INTO Taxon(id, name, level) VALUES (40013, 'häälik,_silp,_sõna,_lause,_tekst', 'SUBTOPIC');
INSERT INTO Subtopic(id, topic) VALUES (40013, 30001);
INSERT INTO Taxon(id, name, level) VALUES (40014, 'häälikupikkus_ja_häälikuühend', 'SUBTOPIC');
INSERT INTO Subtopic(id, topic) VALUES (40014, 30001);
INSERT INTO Taxon(id, name, level) VALUES (40015, 'i_ja_j_õigekiri', 'SUBTOPIC');
INSERT INTO Subtopic(id, topic) VALUES (40015, 30001);
INSERT INTO Taxon(id, name, level) VALUES (40016, 'joonistähtede_kirjutamine', 'SUBTOPIC');
INSERT INTO Subtopic(id, topic) VALUES (40016, 30001);
INSERT INTO Taxon(id, name, level) VALUES (40017, 'jutu_kirjutamine_pilditäiendusena', 'SUBTOPIC');
INSERT INTO Subtopic(id, topic) VALUES (40017, 30001);
INSERT INTO Taxon(id, name, level) VALUES (40018, 'jutu_ülesehitus', 'SUBTOPIC');
INSERT INTO Subtopic(id, topic) VALUES (40018, 30001);
INSERT INTO Taxon(id, name, level) VALUES (40019, 'k,_p,_t_s-i_ja_h_kõrval', 'SUBTOPIC');
INSERT INTO Subtopic(id, topic) VALUES (40019, 30001);
INSERT INTO Taxon(id, name, level) VALUES (40020, 'kirja_eelharjutused', 'SUBTOPIC');
INSERT INTO Subtopic(id, topic) VALUES (40020, 30001);
INSERT INTO Taxon(id, name, level) VALUES (40021, 'kirjutatu_kontrollimine', 'SUBTOPIC');
INSERT INTO Subtopic(id, topic) VALUES (40021, 30001);
INSERT INTO Taxon(id, name, level) VALUES (40022, 'koma_et,_sest,_aga,_kuid,_siis,_kui_puhul', 'SUBTOPIC');
INSERT INTO Subtopic(id, topic) VALUES (40022, 30001);
INSERT INTO Taxon(id, name, level) VALUES (40023, 'koma_loetelus', 'SUBTOPIC');
INSERT INTO Subtopic(id, topic) VALUES (40023, 30001);
INSERT INTO Taxon(id, name, level) VALUES (40024, 'lause_lõpumärgid', 'SUBTOPIC');
INSERT INTO Subtopic(id, topic) VALUES (40024, 30001);
INSERT INTO Taxon(id, name, level) VALUES (40025, 'liitsõna', 'SUBTOPIC');
INSERT INTO Subtopic(id, topic) VALUES (40025, 30001);
INSERT INTO Taxon(id, name, level) VALUES (40026, 'loovtöö_kirjutamine', 'SUBTOPIC');
INSERT INTO Subtopic(id, topic) VALUES (40026, 30001);
INSERT INTO Taxon(id, name, level) VALUES (40027, 'mitmuse_nimetav_ja_sse-lõpuline_käände_lõpp', 'SUBTOPIC');
INSERT INTO Subtopic(id, topic) VALUES (40027, 30001);
INSERT INTO Taxon(id, name, level) VALUES (40028, 'nimi-,_omadus-_ja_tegusõna', 'SUBTOPIC');
INSERT INTO Subtopic(id, topic) VALUES (40028, 30001);
INSERT INTO Taxon(id, name, level) VALUES (40029, 'olevik_ja_minevik', 'SUBTOPIC');
INSERT INTO Subtopic(id, topic) VALUES (40029, 30001);
INSERT INTO Taxon(id, name, level) VALUES (40030, 'pöördelõppude_ning_da-vormi_õigekiri', 'SUBTOPIC');
INSERT INTO Subtopic(id, topic) VALUES (40030, 30001);
INSERT INTO Taxon(id, name, level) VALUES (40031, 'silbitamise_ja_poolitamise_alused', 'SUBTOPIC');
INSERT INTO Subtopic(id, topic) VALUES (40031, 30001);
INSERT INTO Taxon(id, name, level) VALUES (40032, 'sulghäälik_oma-_ja_võõrsõnade_alguses', 'SUBTOPIC');
INSERT INTO Subtopic(id, topic) VALUES (40032, 30001);
INSERT INTO Taxon(id, name, level) VALUES (40033, 'suur_algustäht', 'SUBTOPIC');
INSERT INTO Subtopic(id, topic) VALUES (40033, 30001);
INSERT INTO Taxon(id, name, level) VALUES (40034, 'sõna_ja_lause_ladumine_ning_kirjutamine', 'SUBTOPIC');
INSERT INTO Subtopic(id, topic) VALUES (40034, 30001);
INSERT INTO Taxon(id, name, level) VALUES (40035, 'sõnavara', 'SUBTOPIC');
INSERT INTO Subtopic(id, topic) VALUES (40035, 30001);
INSERT INTO Taxon(id, name, level) VALUES (40036, 'sõnavormide_moodustamine_küsimuste_alusel', 'SUBTOPIC');
INSERT INTO Subtopic(id, topic) VALUES (40036, 30001);
INSERT INTO Taxon(id, name, level) VALUES (40037, 'tarbeteksti_kirjutamine_näidise_järgi', 'SUBTOPIC');
INSERT INTO Subtopic(id, topic) VALUES (40037, 30001);
INSERT INTO Taxon(id, name, level) VALUES (40038, 'teksti_ärakiri', 'SUBTOPIC');
INSERT INTO Subtopic(id, topic) VALUES (40038, 30001);
INSERT INTO Taxon(id, name, level) VALUES (40039, 'tähed_ja_tähestik,_tähestiku_järjekord', 'SUBTOPIC');
INSERT INTO Subtopic(id, topic) VALUES (40039, 30001);
INSERT INTO Taxon(id, name, level) VALUES (40040, 'täis-_ja_kaashäälikud', 'SUBTOPIC');
INSERT INTO Subtopic(id, topic) VALUES (40040, 30001);
INSERT INTO Taxon(id, name, level) VALUES (40041, 'töö_vormistamine', 'SUBTOPIC');
INSERT INTO Subtopic(id, topic) VALUES (40041, 30001);
INSERT INTO Taxon(id, name, level) VALUES (40042, 'väike_algustäht', 'SUBTOPIC');
INSERT INTO Subtopic(id, topic) VALUES (40042, 30001);
INSERT INTO Taxon(id, name, level) VALUES (40043, 'väikesed_ja_suured_kirjatähed', 'SUBTOPIC');
INSERT INTO Subtopic(id, topic) VALUES (40043, 30001);
INSERT INTO Taxon(id, name, level) VALUES (40044, 'väit-,_küsi-_ja_hüüdlause', 'SUBTOPIC');
INSERT INTO Subtopic(id, topic) VALUES (40044, 30001);
INSERT INTO Taxon(id, name, level) VALUES (40045, 'ümberjutustuse_kirjutamine', 'SUBTOPIC');
INSERT INTO Subtopic(id, topic) VALUES (40045, 30001);
INSERT INTO Taxon(id, name, level) VALUES (40046, 'jutustav,_kirjeldav_ja_teabetekst', 'SUBTOPIC');
INSERT INTO Subtopic(id, topic) VALUES (40046, 30002);
INSERT INTO Taxon(id, name, level) VALUES (40047, 'jutustavad_luuletused_ja_proosatekstid', 'SUBTOPIC');
INSERT INTO Subtopic(id, topic) VALUES (40047, 30002);
INSERT INTO Taxon(id, name, level) VALUES (40048, 'keskkond_ja_ühiskonna_jätkusuutlik_areng', 'SUBTOPIC');
INSERT INTO Subtopic(id, topic) VALUES (40048, 30002);
INSERT INTO Taxon(id, name, level) VALUES (40049, 'kirjanduse_eri_liike_ja_žanre_esindavad_tekstid', 'SUBTOPIC');
INSERT INTO Subtopic(id, topic) VALUES (40049, 30002);
INSERT INTO Taxon(id, name, level) VALUES (40050, 'kodanikuühiskond_ja_rahvussuhted', 'SUBTOPIC');
INSERT INTO Subtopic(id, topic) VALUES (40050, 30002);
INSERT INTO Taxon(id, name, level) VALUES (40051, 'kodus_ja_koolis', 'SUBTOPIC');
INSERT INTO Subtopic(id, topic) VALUES (40051, 30002);
INSERT INTO Taxon(id, name, level) VALUES (40052, 'loetud_raamatust_jutustamine', 'SUBTOPIC');
INSERT INTO Subtopic(id, topic) VALUES (40052, 30002);
INSERT INTO Taxon(id, name, level) VALUES (40053, 'loo_algus_ja_lõpp,_tegelaste_iseloomustamine', 'SUBTOPIC');
INSERT INTO Subtopic(id, topic) VALUES (40053, 30002);
INSERT INTO Taxon(id, name, level) VALUES (40054, 'mängiv_inimene', 'SUBTOPIC');
INSERT INTO Subtopic(id, topic) VALUES (40054, 30002);
INSERT INTO Taxon(id, name, level) VALUES (40055, 'omakultuur_ja_kultuuriline_mitmekesisus', 'SUBTOPIC');
INSERT INTO Subtopic(id, topic) VALUES (40055, 30002);
INSERT INTO Taxon(id, name, level) VALUES (40056, 'sõna,_lause_ning_teksti_sisu_mõistmine', 'SUBTOPIC');
INSERT INTO Subtopic(id, topic) VALUES (40056, 30002);
INSERT INTO Taxon(id, name, level) VALUES (40057, 'tarbe-_ja_teabetekst', 'SUBTOPIC');
INSERT INTO Subtopic(id, topic) VALUES (40057, 30002);
INSERT INTO Taxon(id, name, level) VALUES (40058, 'teabekeskkond,_tehnoloogia_ja_innovatsioon', 'SUBTOPIC');
INSERT INTO Subtopic(id, topic) VALUES (40058, 30002);
INSERT INTO Taxon(id, name, level) VALUES (40059, 'teksti_osad,_pealkirjastamine', 'SUBTOPIC');
INSERT INTO Subtopic(id, topic) VALUES (40059, 30002);
INSERT INTO Taxon(id, name, level) VALUES (40060, 'teksti_üldine_vaatlus,_paigutus,_sisukord', 'SUBTOPIC');
INSERT INTO Subtopic(id, topic) VALUES (40060, 30002);
INSERT INTO Taxon(id, name, level) VALUES (40061, 'teksti_ülesehitus,_pealkiri,_teksti_osad', 'SUBTOPIC');
INSERT INTO Subtopic(id, topic) VALUES (40061, 30002);
INSERT INTO Taxon(id, name, level) VALUES (40062, 'tekstiliikide_eristamine', 'SUBTOPIC');
INSERT INTO Subtopic(id, topic) VALUES (40062, 30002);
INSERT INTO Taxon(id, name, level) VALUES (40063, 'trükitähtede_tundmaõppimine', 'SUBTOPIC');
INSERT INTO Subtopic(id, topic) VALUES (40063, 30002);
INSERT INTO Taxon(id, name, level) VALUES (40064, 'töö_tekstiga', 'SUBTOPIC');
INSERT INTO Subtopic(id, topic) VALUES (40064, 30002);
INSERT INTO Taxon(id, name, level) VALUES (40065, 'väärtused_ja_kõlblus', 'SUBTOPIC');
INSERT INTO Subtopic(id, topic) VALUES (40065, 30002);
INSERT INTO Taxon(id, name, level) VALUES (40066, 'meedia_ja_mõjutamine', 'SUBTOPIC');
INSERT INTO Subtopic(id, topic) VALUES (40066, 30003);
INSERT INTO Taxon(id, name, level) VALUES (40067, 'meediakanalid', 'SUBTOPIC');
INSERT INTO Subtopic(id, topic) VALUES (40067, 30003);
INSERT INTO Taxon(id, name, level) VALUES (40068, 'meediažanrid', 'SUBTOPIC');
INSERT INTO Subtopic(id, topic) VALUES (40068, 30003);
INSERT INTO Taxon(id, name, level) VALUES (40069, 'reklaam', 'SUBTOPIC');
INSERT INTO Subtopic(id, topic) VALUES (40069, 30003);
INSERT INTO Taxon(id, name, level) VALUES (40070, 'teksti_tunnused', 'SUBTOPIC');
INSERT INTO Subtopic(id, topic) VALUES (40070, 30003);
INSERT INTO Taxon(id, name, level) VALUES (40071, 'tekstide_liigitamine_ja_analüüs', 'SUBTOPIC');
INSERT INTO Subtopic(id, topic) VALUES (40071, 30003);
INSERT INTO Taxon(id, name, level) VALUES (40072, 'tekstide_tõlgendamine', 'SUBTOPIC');
INSERT INTO Subtopic(id, topic) VALUES (40072, 30003);
INSERT INTO Taxon(id, name, level) VALUES (40073, 'algustäheortograafia', 'SUBTOPIC');
INSERT INTO Subtopic(id, topic) VALUES (40073, 30004);
INSERT INTO Taxon(id, name, level) VALUES (40074, 'arvamustekstid', 'SUBTOPIC');
INSERT INTO Subtopic(id, topic) VALUES (40074, 30004);
INSERT INTO Taxon(id, name, level) VALUES (40075, 'kirjutamine_alusteksti_põhjal', 'SUBTOPIC');
INSERT INTO Subtopic(id, topic) VALUES (40075, 30004);
INSERT INTO Taxon(id, name, level) VALUES (40076, 'kokku-_ja_lahkukirjutamine', 'SUBTOPIC');
INSERT INTO Subtopic(id, topic) VALUES (40076, 30004);
INSERT INTO Taxon(id, name, level) VALUES (40077, 'morfoloogia', 'SUBTOPIC');
INSERT INTO Subtopic(id, topic) VALUES (40077, 30004);
INSERT INTO Taxon(id, name, level) VALUES (40078, 'referaat,_uurimus', 'SUBTOPIC');
INSERT INTO Subtopic(id, topic) VALUES (40078, 30004);
INSERT INTO Taxon(id, name, level) VALUES (40079, 'sõnamoodustus', 'SUBTOPIC');
INSERT INTO Subtopic(id, topic) VALUES (40079, 30004);
INSERT INTO Taxon(id, name, level) VALUES (40080, 'tarbetekstid', 'SUBTOPIC');
INSERT INTO Subtopic(id, topic) VALUES (40080, 30004);
INSERT INTO Taxon(id, name, level) VALUES (40081, 'veebitekstid', 'SUBTOPIC');
INSERT INTO Subtopic(id, topic) VALUES (40081, 30004);
INSERT INTO Taxon(id, name, level) VALUES (40082, 'võõrsõnad', 'SUBTOPIC');
INSERT INTO Subtopic(id, topic) VALUES (40082, 30004);
INSERT INTO Taxon(id, name, level) VALUES (40083, 'keelekasutus_erinevates_suhtlusolukordades', 'SUBTOPIC');
INSERT INTO Subtopic(id, topic) VALUES (40083, 30005);
INSERT INTO Taxon(id, name, level) VALUES (40084, 'veebisuhtlus', 'SUBTOPIC');
INSERT INTO Subtopic(id, topic) VALUES (40084, 30005);
INSERT INTO Taxon(id, name, level) VALUES (40085, 'suhtlemise_eetika', 'SUBTOPIC');
INSERT INTO Subtopic(id, topic) VALUES (40085, 30005);
INSERT INTO Taxon(id, name, level) VALUES (40086, 'suuline_ja_kirjalik_suhtlemine', 'SUBTOPIC');
INSERT INTO Subtopic(id, topic) VALUES (40086, 30005);
INSERT INTO Taxon(id, name, level) VALUES (40087, 'dramatiseering_ja_rollimäng', 'SUBTOPIC');
INSERT INTO Subtopic(id, topic) VALUES (40087, 30006);
INSERT INTO Taxon(id, name, level) VALUES (40088, 'tööde_kommenteerimine', 'SUBTOPIC');
INSERT INTO Subtopic(id, topic) VALUES (40088, 30006);
INSERT INTO Taxon(id, name, level) VALUES (40089, 'helid_ja_hääled,_häälikud,_häälikupikkused', 'SUBTOPIC');
INSERT INTO Subtopic(id, topic) VALUES (40089, 30006);
INSERT INTO Taxon(id, name, level) VALUES (40090, 'hääldus-_ja_intonatsiooniharjutused', 'SUBTOPIC');
INSERT INTO Subtopic(id, topic) VALUES (40090, 30006);
INSERT INTO Taxon(id, name, level) VALUES (40091, 'mõtete_väljendamine_terviklausetena', 'SUBTOPIC');
INSERT INTO Subtopic(id, topic) VALUES (40091, 30006);
INSERT INTO Taxon(id, name, level) VALUES (40092, 'sobivate_kõnetuste_valik_suhtlemisel', 'SUBTOPIC');
INSERT INTO Subtopic(id, topic) VALUES (40092, 30006);
INSERT INTO Taxon(id, name, level) VALUES (40093, 'sõnavara_arendamine', 'SUBTOPIC');
INSERT INTO Subtopic(id, topic) VALUES (40093, 30006);
INSERT INTO Taxon(id, name, level) VALUES (40094, 'arutlev_kirjutamine', 'SUBTOPIC');
INSERT INTO Subtopic(id, topic) VALUES (40094, 30007);
INSERT INTO Taxon(id, name, level) VALUES (40095, 'stiil_ja_stilistika', 'SUBTOPIC');
INSERT INTO Subtopic(id, topic) VALUES (40095, 30007);
INSERT INTO Taxon(id, name, level) VALUES (40096, 'sõnavara', 'SUBTOPIC');
INSERT INTO Subtopic(id, topic) VALUES (40096, 30007);
INSERT INTO Taxon(id, name, level) VALUES (40097, 'teabeotsing', 'SUBTOPIC');
INSERT INTO Subtopic(id, topic) VALUES (40097, 30007);
INSERT INTO Taxon(id, name, level) VALUES (40098, 'teadustekst', 'SUBTOPIC');
INSERT INTO Subtopic(id, topic) VALUES (40098, 30007);
INSERT INTO Taxon(id, name, level) VALUES (40099, 'viitamine,_plagiaat', 'SUBTOPIC');
INSERT INTO Subtopic(id, topic) VALUES (40099, 30007);
INSERT INTO Taxon(id, name, level) VALUES (40100, 'kokkuvõte,_konspekt', 'SUBTOPIC');
INSERT INTO Subtopic(id, topic) VALUES (40100, 30008);
INSERT INTO Taxon(id, name, level) VALUES (40101, 'meedia', 'SUBTOPIC');
INSERT INTO Subtopic(id, topic) VALUES (40101, 30008);
INSERT INTO Taxon(id, name, level) VALUES (40102, 'mõtestatud_lugemine', 'SUBTOPIC');
INSERT INTO Subtopic(id, topic) VALUES (40102, 30008);
INSERT INTO Taxon(id, name, level) VALUES (40103, 'raadio-_ja_telesaated', 'SUBTOPIC');
INSERT INTO Subtopic(id, topic) VALUES (40103, 30008);
INSERT INTO Taxon(id, name, level) VALUES (40104, 'reklaam', 'SUBTOPIC');
INSERT INTO Subtopic(id, topic) VALUES (40104, 30008);
INSERT INTO Taxon(id, name, level) VALUES (40105, 'teabe-_ja_tarbetekstid', 'SUBTOPIC');
INSERT INTO Subtopic(id, topic) VALUES (40105, 30008);
INSERT INTO Taxon(id, name, level) VALUES (40106, 'trükiajakirjandus', 'SUBTOPIC');
INSERT INTO Subtopic(id, topic) VALUES (40106, 30008);
INSERT INTO Taxon(id, name, level) VALUES (40107, 'veebilehed', 'SUBTOPIC');
INSERT INTO Subtopic(id, topic) VALUES (40107, 30008);
INSERT INTO Taxon(id, name, level) VALUES (40108, 'alusteksti_põhjal_kirjutamine', 'SUBTOPIC');
INSERT INTO Subtopic(id, topic) VALUES (40108, 30009);
INSERT INTO Taxon(id, name, level) VALUES (40109, 'hinnang,_lühiettekanne,_esitlus', 'SUBTOPIC');
INSERT INTO Subtopic(id, topic) VALUES (40109, 30009);
INSERT INTO Taxon(id, name, level) VALUES (40110, 'infootsing,_infoallikad,_viitamine', 'SUBTOPIC');
INSERT INTO Subtopic(id, topic) VALUES (40110, 30009);
INSERT INTO Taxon(id, name, level) VALUES (40111, 'kirjand', 'SUBTOPIC');
INSERT INTO Subtopic(id, topic) VALUES (40111, 30009);
INSERT INTO Taxon(id, name, level) VALUES (40112, 'kirjeldamine,_jutustamine,_arutlemine', 'SUBTOPIC');
INSERT INTO Subtopic(id, topic) VALUES (40112, 30009);
INSERT INTO Taxon(id, name, level) VALUES (40113, 'kõne,_uudis', 'SUBTOPIC');
INSERT INTO Subtopic(id, topic) VALUES (40113, 30009);
INSERT INTO Taxon(id, name, level) VALUES (40114, 'tarbetekstid', 'SUBTOPIC');
INSERT INTO Subtopic(id, topic) VALUES (40114, 30009);
INSERT INTO Taxon(id, name, level) VALUES (40115, 'teksti_loomine', 'SUBTOPIC');
INSERT INTO Subtopic(id, topic) VALUES (40115, 30009);
INSERT INTO Taxon(id, name, level) VALUES (40116, 'teksti_vormistamine', 'SUBTOPIC');
INSERT INTO Subtopic(id, topic) VALUES (40116, 30009);
INSERT INTO Taxon(id, name, level) VALUES (40117, 'algustähe_õigekiri', 'SUBTOPIC');
INSERT INTO Subtopic(id, topic) VALUES (40117, 30010);
INSERT INTO Taxon(id, name, level) VALUES (40118, 'astmevaheldus', 'SUBTOPIC');
INSERT INTO Subtopic(id, topic) VALUES (40118, 30010);
INSERT INTO Taxon(id, name, level) VALUES (40119, 'eesti_keel,_sugulaskeeled', 'SUBTOPIC');
INSERT INTO Subtopic(id, topic) VALUES (40119, 30010);
INSERT INTO Taxon(id, name, level) VALUES (40120, 'häälikute_õigekiri', 'SUBTOPIC');
INSERT INTO Subtopic(id, topic) VALUES (40120, 30010);
INSERT INTO Taxon(id, name, level) VALUES (40121, 'keelesugulus', 'SUBTOPIC');
INSERT INTO Subtopic(id, topic) VALUES (40121, 30010);
INSERT INTO Taxon(id, name, level) VALUES (40122, 'kirjakeele_areng', 'SUBTOPIC');
INSERT INTO Subtopic(id, topic) VALUES (40122, 30010);
INSERT INTO Taxon(id, name, level) VALUES (40123, 'kirjavahemärgid_lauses', 'SUBTOPIC');
INSERT INTO Subtopic(id, topic) VALUES (40123, 30010);
INSERT INTO Taxon(id, name, level) VALUES (40124, 'kokku-_ja_lahkukirjutamine', 'SUBTOPIC');
INSERT INTO Subtopic(id, topic) VALUES (40124, 30010);
INSERT INTO Taxon(id, name, level) VALUES (40125, 'käändsõnad,_käänamine', 'SUBTOPIC');
INSERT INTO Subtopic(id, topic) VALUES (40125, 30010);
INSERT INTO Taxon(id, name, level) VALUES (40126, 'lauseliikmed', 'SUBTOPIC');
INSERT INTO Subtopic(id, topic) VALUES (40126, 30010);
INSERT INTO Taxon(id, name, level) VALUES (40127, 'lauselühend', 'SUBTOPIC');
INSERT INTO Subtopic(id, topic) VALUES (40127, 30010);
INSERT INTO Taxon(id, name, level) VALUES (40128, 'liht-_ja_liitlause', 'SUBTOPIC');
INSERT INTO Subtopic(id, topic) VALUES (40128, 30010);
INSERT INTO Taxon(id, name, level) VALUES (40129, 'liitsõnad', 'SUBTOPIC');
INSERT INTO Subtopic(id, topic) VALUES (40129, 30010);
INSERT INTO Taxon(id, name, level) VALUES (40130, 'lühendid,_poolitamine', 'SUBTOPIC');
INSERT INTO Subtopic(id, topic) VALUES (40130, 30010);
INSERT INTO Taxon(id, name, level) VALUES (40131, 'murded', 'SUBTOPIC');
INSERT INTO Subtopic(id, topic) VALUES (40131, 30010);
INSERT INTO Taxon(id, name, level) VALUES (40132, 'muutumatud_sõnad', 'SUBTOPIC');
INSERT INTO Subtopic(id, topic) VALUES (40132, 30010);
INSERT INTO Taxon(id, name, level) VALUES (40133, 'otse-_ja_kaudkõne', 'SUBTOPIC');
INSERT INTO Subtopic(id, topic) VALUES (40133, 30010);
INSERT INTO Taxon(id, name, level) VALUES (40134, 'pöördsõnad,_pööramine', 'SUBTOPIC');
INSERT INTO Subtopic(id, topic) VALUES (40134, 30010);
INSERT INTO Taxon(id, name, level) VALUES (40135, 'raamatu-_ja_veebisõnastikud', 'SUBTOPIC');
INSERT INTO Subtopic(id, topic) VALUES (40135, 30010);
INSERT INTO Taxon(id, name, level) VALUES (40136, 'sõna_ja_tähendus', 'SUBTOPIC');
INSERT INTO Subtopic(id, topic) VALUES (40136, 30010);
INSERT INTO Taxon(id, name, level) VALUES (40137, 'sõnaliigid', 'SUBTOPIC');
INSERT INTO Subtopic(id, topic) VALUES (40137, 30010);
INSERT INTO Taxon(id, name, level) VALUES (40138, 'sõnavara', 'SUBTOPIC');
INSERT INTO Subtopic(id, topic) VALUES (40138, 30010);
INSERT INTO Taxon(id, name, level) VALUES (40139, 'tsitaatsõnad_ja_lühendamine', 'SUBTOPIC');
INSERT INTO Subtopic(id, topic) VALUES (40139, 30010);
INSERT INTO Taxon(id, name, level) VALUES (40140, 'tuletamine_ja_liitmine', 'SUBTOPIC');
INSERT INTO Subtopic(id, topic) VALUES (40140, 30010);
INSERT INTO Taxon(id, name, level) VALUES (40141, 'võrdlusastmed', 'SUBTOPIC');
INSERT INTO Subtopic(id, topic) VALUES (40141, 30010);
INSERT INTO Taxon(id, name, level) VALUES (40142, 'võõrsõnad', 'SUBTOPIC');
INSERT INTO Subtopic(id, topic) VALUES (40142, 30010);
INSERT INTO Taxon(id, name, level) VALUES (40143, 'õigehääldus,_poolitamine', 'SUBTOPIC');
INSERT INTO Subtopic(id, topic) VALUES (40143, 30010);
INSERT INTO Taxon(id, name, level) VALUES (40144, 'foneetiline_transkriptsioon', 'SUBTOPIC');
INSERT INTO Subtopic(id, topic) VALUES (40144, 30018);
INSERT INTO Taxon(id, name, level) VALUES (40145, 'häälikumuutused_kõnes', 'SUBTOPIC');
INSERT INTO Subtopic(id, topic) VALUES (40145, 30018);
INSERT INTO Taxon(id, name, level) VALUES (40146, 'sõnarõhu_rasked_juhud', 'SUBTOPIC');
INSERT INTO Subtopic(id, topic) VALUES (40146, 30018);
INSERT INTO Taxon(id, name, level) VALUES (40147, 'vene_graafika_printsiibid', 'SUBTOPIC');
INSERT INTO Subtopic(id, topic) VALUES (40147, 30018);
INSERT INTO Taxon(id, name, level) VALUES (40148, 'vene_keele_hääldusnormid', 'SUBTOPIC');
INSERT INTO Subtopic(id, topic) VALUES (40148, 30018);
INSERT INTO Taxon(id, name, level) VALUES (40149, 'kirjavahemärgid_liitlauses', 'SUBTOPIC');
INSERT INTO Subtopic(id, topic) VALUES (40149, 30019);
INSERT INTO Taxon(id, name, level) VALUES (40150, 'kirjavahemärkide_süsteem_vene_keeles', 'SUBTOPIC');
INSERT INTO Subtopic(id, topic) VALUES (40150, 30019);
INSERT INTO Taxon(id, name, level) VALUES (40151, 'lauseliikmete_kirjavahemärkidega_eraldamine', 'SUBTOPIC');
INSERT INTO Subtopic(id, topic) VALUES (40151, 30019);
INSERT INTO Taxon(id, name, level) VALUES (40152, 'funktsionaalseid_stiile_esindavad_tekstid', 'SUBTOPIC');
INSERT INTO Subtopic(id, topic) VALUES (40152, 30019);
INSERT INTO Taxon(id, name, level) VALUES (40153, 'vahemärgid_koondlausetes_ning_lausetes', 'SUBTOPIC');
INSERT INTO Subtopic(id, topic) VALUES (40153, 30019);
INSERT INTO Taxon(id, name, level) VALUES (40154, 'vahemärgid_lihtlauses', 'SUBTOPIC');
INSERT INTO Subtopic(id, topic) VALUES (40154, 30019);
INSERT INTO Taxon(id, name, level) VALUES (40155, 'vahemärgid_otsekõnega_lausetes', 'SUBTOPIC');
INSERT INTO Subtopic(id, topic) VALUES (40155, 30019);
INSERT INTO Taxon(id, name, level) VALUES (40156, 'võrdlustarindid', 'SUBTOPIC');
INSERT INTO Subtopic(id, topic) VALUES (40156, 30019);
INSERT INTO Taxon(id, name, level) VALUES (40157, 'kirjakeele_normid', 'SUBTOPIC');
INSERT INTO Subtopic(id, topic) VALUES (40157, 30021);
INSERT INTO Taxon(id, name, level) VALUES (40158, 'kõne_kommunikatiivsed_omadused', 'SUBTOPIC');
INSERT INTO Subtopic(id, topic) VALUES (40158, 30021);
INSERT INTO Taxon(id, name, level) VALUES (40159, 'kõnekultuuri_üldmõisted', 'SUBTOPIC');
INSERT INTO Subtopic(id, topic) VALUES (40159, 30021);
INSERT INTO Taxon(id, name, level) VALUES (40160, 'vene_kõneetikett', 'SUBTOPIC');
INSERT INTO Subtopic(id, topic) VALUES (40160, 30021);
INSERT INTO Taxon(id, name, level) VALUES (40161, 'aluse_tekstifunktsioonid', 'SUBTOPIC');
INSERT INTO Subtopic(id, topic) VALUES (40161, 30022);
INSERT INTO Taxon(id, name, level) VALUES (40162, 'kaudne_kõne', 'SUBTOPIC');
INSERT INTO Subtopic(id, topic) VALUES (40162, 30022);
INSERT INTO Taxon(id, name, level) VALUES (40163, 'kiilsõna_mõiste', 'SUBTOPIC');
INSERT INTO Subtopic(id, topic) VALUES (40163, 30022);
INSERT INTO Taxon(id, name, level) VALUES (40164, 'koondlaused', 'SUBTOPIC');
INSERT INTO Subtopic(id, topic) VALUES (40164, 30022);
INSERT INTO Taxon(id, name, level) VALUES (40165, 'lause_kui_süntaksi_põhiühik', 'SUBTOPIC');
INSERT INTO Subtopic(id, topic) VALUES (40165, 30022);
INSERT INTO Taxon(id, name, level) VALUES (40166, 'lause_kõrvalliikmed', 'SUBTOPIC');
INSERT INTO Subtopic(id, topic) VALUES (40166, 30022);
INSERT INTO Taxon(id, name, level) VALUES (40167, 'lauseliikmete_kirjavahemärkidega_eraldamine', 'SUBTOPIC');
INSERT INTO Subtopic(id, topic) VALUES (40167, 30022);
INSERT INTO Taxon(id, name, level) VALUES (40168, 'lihtlause_laiendamine', 'SUBTOPIC');
INSERT INTO Subtopic(id, topic) VALUES (40168, 30022);
INSERT INTO Taxon(id, name, level) VALUES (40169, 'lihtöeldis', 'SUBTOPIC');
INSERT INTO Subtopic(id, topic) VALUES (40169, 30022);
INSERT INTO Taxon(id, name, level) VALUES (40170, 'liitlause', 'SUBTOPIC');
INSERT INTO Subtopic(id, topic) VALUES (40170, 30022);
INSERT INTO Taxon(id, name, level) VALUES (40171, 'liitöeldis_ja_öeldise_tekstifunktsioonid', 'SUBTOPIC');
INSERT INTO Subtopic(id, topic) VALUES (40171, 30022);
INSERT INTO Taxon(id, name, level) VALUES (40172, 'otsekõne', 'SUBTOPIC');
INSERT INTO Subtopic(id, topic) VALUES (40172, 30022);
INSERT INTO Taxon(id, name, level) VALUES (40173, 'peamised_aluse_väljendamise_viisid', 'SUBTOPIC');
INSERT INTO Subtopic(id, topic) VALUES (40173, 30022);
INSERT INTO Taxon(id, name, level) VALUES (40174, 'samaliigilised_lauseliikmed', 'SUBTOPIC');
INSERT INTO Subtopic(id, topic) VALUES (40174, 30022);
INSERT INTO Taxon(id, name, level) VALUES (40175, 'täis-_ja_väljajättelised_laused', 'SUBTOPIC');
INSERT INTO Subtopic(id, topic) VALUES (40175, 30022);
INSERT INTO Taxon(id, name, level) VALUES (40176, 'üte', 'SUBTOPIC');
INSERT INTO Subtopic(id, topic) VALUES (40176, 30022);
INSERT INTO Taxon(id, name, level) VALUES (40177, 'fraseoloogia_kui_leksikoloogia_osa', 'SUBTOPIC');
INSERT INTO Subtopic(id, topic) VALUES (40177, 30023);
INSERT INTO Taxon(id, name, level) VALUES (40178, 'leksikaalne_ühilduvus', 'SUBTOPIC');
INSERT INTO Subtopic(id, topic) VALUES (40178, 30023);
INSERT INTO Taxon(id, name, level) VALUES (40179, 'neutraalsed_ja_stiilivärvinguga_sõnad', 'SUBTOPIC');
INSERT INTO Subtopic(id, topic) VALUES (40179, 30023);
INSERT INTO Taxon(id, name, level) VALUES (40180, 'oma-_ja_laensõnad', 'SUBTOPIC');
INSERT INTO Subtopic(id, topic) VALUES (40180, 30023);
INSERT INTO Taxon(id, name, level) VALUES (40181, 'raamatu-_ja_kõnekeele_leksika', 'SUBTOPIC');
INSERT INTO Subtopic(id, topic) VALUES (40181, 30023);
INSERT INTO Taxon(id, name, level) VALUES (40182, 'sünonüümid,_antonüümid_ja_homonüümid', 'SUBTOPIC');
INSERT INTO Subtopic(id, topic) VALUES (40182, 30023);
INSERT INTO Taxon(id, name, level) VALUES (40183, 'vananenud_sõnad_ja_neologismid', 'SUBTOPIC');
INSERT INTO Subtopic(id, topic) VALUES (40183, 30023);
INSERT INTO Taxon(id, name, level) VALUES (40184, 'vanasõnad,_kõnekäänud,_lendsõnad', 'SUBTOPIC');
INSERT INTO Subtopic(id, topic) VALUES (40184, 30023);
INSERT INTO Taxon(id, name, level) VALUES (40185, 'vene_keele_leksikaalsed_ja_stilistilised_normid', 'SUBTOPIC');
INSERT INTO Subtopic(id, topic) VALUES (40185, 30023);
INSERT INTO Taxon(id, name, level) VALUES (40186, 'vene_keele_seletussõnastikud', 'SUBTOPIC');
INSERT INTO Subtopic(id, topic) VALUES (40186, 30023);
INSERT INTO Taxon(id, name, level) VALUES (40187, 'üldkasutatav_ja_piiratud_kasutusega_leksika', 'SUBTOPIC');
INSERT INTO Subtopic(id, topic) VALUES (40187, 30023);
INSERT INTO Taxon(id, name, level) VALUES (40188, 'põhilised_sõnamoodustusviisid', 'SUBTOPIC');
INSERT INTO Subtopic(id, topic) VALUES (40188, 30024);
INSERT INTO Taxon(id, name, level) VALUES (40189, 'sõna_üleminek_ühest_sõnaliigist_teise', 'SUBTOPIC');
INSERT INTO Subtopic(id, topic) VALUES (40189, 30024);
INSERT INTO Taxon(id, name, level) VALUES (40190, 'täis-_ja_kaashäälikute_vaheldumine', 'SUBTOPIC');
INSERT INTO Subtopic(id, topic) VALUES (40190, 30024);
INSERT INTO Taxon(id, name, level) VALUES (40191, 'arvsõna', 'SUBTOPIC');
INSERT INTO Subtopic(id, topic) VALUES (40191, 30025);
INSERT INTO Taxon(id, name, level) VALUES (40192, 'arvsõnade_kõnes_kasutamise_normid', 'SUBTOPIC');
INSERT INTO Subtopic(id, topic) VALUES (40192, 30025);
INSERT INTO Taxon(id, name, level) VALUES (40193, 'arvsõnade_käänamine', 'SUBTOPIC');
INSERT INTO Subtopic(id, topic) VALUES (40193, 30025);
INSERT INTO Taxon(id, name, level) VALUES (40194, 'asesõna', 'SUBTOPIC');
INSERT INTO Subtopic(id, topic) VALUES (40194, 30025);
INSERT INTO Taxon(id, name, level) VALUES (40195, 'asesõna_süntaktilised_funktsioonid', 'SUBTOPIC');
INSERT INTO Subtopic(id, topic) VALUES (40195, 30025);
INSERT INTO Taxon(id, name, level) VALUES (40196, 'asesõnade_käänamine', 'SUBTOPIC');
INSERT INTO Subtopic(id, topic) VALUES (40196, 30025);
INSERT INTO Taxon(id, name, level) VALUES (40197, 'eessõna', 'SUBTOPIC');
INSERT INTO Subtopic(id, topic) VALUES (40197, 30025);
INSERT INTO Taxon(id, name, level) VALUES (40198, 'gerundium', 'SUBTOPIC');
INSERT INTO Subtopic(id, topic) VALUES (40198, 30025);
INSERT INTO Taxon(id, name, level) VALUES (40199, 'hüüdsõnad_kui_eriline_sõnaliik', 'SUBTOPIC');
INSERT INTO Subtopic(id, topic) VALUES (40199, 30025);
INSERT INTO Taxon(id, name, level) VALUES (40200, 'iseseisvate_ja_abisõnade_liigid', 'SUBTOPIC');
INSERT INTO Subtopic(id, topic) VALUES (40200, 30025);
INSERT INTO Taxon(id, name, level) VALUES (40201, 'isikuta_tegusõnad', 'SUBTOPIC');
INSERT INTO Subtopic(id, topic) VALUES (40201, 30025);
INSERT INTO Taxon(id, name, level) VALUES (40202, 'kesksõna', 'SUBTOPIC');
INSERT INTO Subtopic(id, topic) VALUES (40202, 30025);
INSERT INTO Taxon(id, name, level) VALUES (40203, 'kvalitatiivsed,_relatiivsed_ning_possessiivsed_omadussõnad', 'SUBTOPIC');
INSERT INTO Subtopic(id, topic) VALUES (40203, 30025);
INSERT INTO Taxon(id, name, level) VALUES (40204, 'käändevormideta_nimisõnade_sugu_ja_arv', 'SUBTOPIC');
INSERT INTO Subtopic(id, topic) VALUES (40204, 30025);
INSERT INTO Taxon(id, name, level) VALUES (40205, 'käänduvad_ja_käändumatud_nimisõnad', 'SUBTOPIC');
INSERT INTO Subtopic(id, topic) VALUES (40205, 30025);
INSERT INTO Taxon(id, name, level) VALUES (40206, 'mees-_ja_naissoost_isikuid_tähistavad_nimisõnad', 'SUBTOPIC');
INSERT INTO Subtopic(id, topic) VALUES (40206, 30025);
INSERT INTO Taxon(id, name, level) VALUES (40207, 'määrsõna', 'SUBTOPIC');
INSERT INTO Subtopic(id, topic) VALUES (40207, 30025);
INSERT INTO Taxon(id, name, level) VALUES (40208, 'määrsõna_süntaktilised_funktsioonid', 'SUBTOPIC');
INSERT INTO Subtopic(id, topic) VALUES (40208, 30025);
INSERT INTO Taxon(id, name, level) VALUES (40209, 'määrsõnade_liigid', 'SUBTOPIC');
INSERT INTO Subtopic(id, topic) VALUES (40209, 30025);
INSERT INTO Taxon(id, name, level) VALUES (40210, 'nimisõna', 'SUBTOPIC');
INSERT INTO Subtopic(id, topic) VALUES (40210, 30025);
INSERT INTO Taxon(id, name, level) VALUES (40211, 'nimisõna_süntaktilised_funktsioonid', 'SUBTOPIC');
INSERT INTO Subtopic(id, topic) VALUES (40211, 30025);
INSERT INTO Taxon(id, name, level) VALUES (40212, 'nimisõnade_kõnes_kasutamise_normid', 'SUBTOPIC');
INSERT INTO Subtopic(id, topic) VALUES (40212, 30025);
INSERT INTO Taxon(id, name, level) VALUES (40213, 'omadussõna', 'SUBTOPIC');
INSERT INTO Subtopic(id, topic) VALUES (40213, 30025);
INSERT INTO Taxon(id, name, level) VALUES (40214, 'omadussõna_süntaktilised_funktsioonid', 'SUBTOPIC');
INSERT INTO Subtopic(id, topic) VALUES (40214, 30025);
INSERT INTO Taxon(id, name, level) VALUES (40215, 'omadussõnade_kõnes_kasutamise_normid', 'SUBTOPIC');
INSERT INTO Subtopic(id, topic) VALUES (40215, 30025);
INSERT INTO Taxon(id, name, level) VALUES (40216, 'omadussõnade_täis-_ja_lühivormid', 'SUBTOPIC');
INSERT INTO Subtopic(id, topic) VALUES (40216, 30025);
INSERT INTO Taxon(id, name, level) VALUES (40217, 'omadussõnade_võrdlusastmed', 'SUBTOPIC');
INSERT INTO Subtopic(id, topic) VALUES (40217, 30025);
INSERT INTO Taxon(id, name, level) VALUES (40218, 'onomatopoeetilised_sõnad', 'SUBTOPIC');
INSERT INTO Subtopic(id, topic) VALUES (40218, 30025);
INSERT INTO Taxon(id, name, level) VALUES (40219, 'perfektiivsed_ja_imperfektiivsed_tegusõnad', 'SUBTOPIC');
INSERT INTO Subtopic(id, topic) VALUES (40219, 30025);
INSERT INTO Taxon(id, name, level) VALUES (40220, 'rõhumäärsõnad', 'SUBTOPIC');
INSERT INTO Subtopic(id, topic) VALUES (40220, 30025);
INSERT INTO Taxon(id, name, level) VALUES (40221, 'sidesõna', 'SUBTOPIC');
INSERT INTO Subtopic(id, topic) VALUES (40221, 30025);
INSERT INTO Taxon(id, name, level) VALUES (40222, 'sihilised_ja_sihitud_tegusõnad', 'SUBTOPIC');
INSERT INTO Subtopic(id, topic) VALUES (40222, 30025);
INSERT INTO Taxon(id, name, level) VALUES (40223, 'sõna_grammatiline_tähendus', 'SUBTOPIC');
INSERT INTO Subtopic(id, topic) VALUES (40223, 30025);
INSERT INTO Taxon(id, name, level) VALUES (40224, 'sõnade_liigitamise_printsiibid', 'SUBTOPIC');
INSERT INTO Subtopic(id, topic) VALUES (40224, 30025);
INSERT INTO Taxon(id, name, level) VALUES (40225, 'sõnaliikide_süsteem_vene_keeles', 'SUBTOPIC');
INSERT INTO Subtopic(id, topic) VALUES (40225, 30025);
INSERT INTO Taxon(id, name, level) VALUES (40226, 'sõnaliikide_üldiseloomustus', 'SUBTOPIC');
INSERT INTO Subtopic(id, topic) VALUES (40226, 30025);
INSERT INTO Taxon(id, name, level) VALUES (40227, 'tegusõna', 'SUBTOPIC');
INSERT INTO Subtopic(id, topic) VALUES (40227, 30025);
INSERT INTO Taxon(id, name, level) VALUES (40228, 'tegusõna_kõnes_kasutamise_normid', 'SUBTOPIC');
INSERT INTO Subtopic(id, topic) VALUES (40228, 30025);
INSERT INTO Taxon(id, name, level) VALUES (40229, 'tegusõna_kõneviisid', 'SUBTOPIC');
INSERT INTO Subtopic(id, topic) VALUES (40229, 30025);
INSERT INTO Taxon(id, name, level) VALUES (40230, 'tegusõnade_pööramine', 'SUBTOPIC');
INSERT INTO Subtopic(id, topic) VALUES (40230, 30025);
INSERT INTO Taxon(id, name, level) VALUES (40231, 'tegusõnade_süntaktilised_funktsioonid', 'SUBTOPIC');
INSERT INTO Subtopic(id, topic) VALUES (40231, 30025);
INSERT INTO Taxon(id, name, level) VALUES (40232, 'eessõnade,_sidesõnade_ja_rõhumäärsõnade_õigekiri', 'SUBTOPIC');
INSERT INTO Subtopic(id, topic) VALUES (40232, 30026);
INSERT INTO Taxon(id, name, level) VALUES (40233, 'kokku-_ja_lahkukirjutamine', 'SUBTOPIC');
INSERT INTO Subtopic(id, topic) VALUES (40233, 30026);
INSERT INTO Taxon(id, name, level) VALUES (40234, 'määrsõnade_õigekiri', 'SUBTOPIC');
INSERT INTO Subtopic(id, topic) VALUES (40234, 30026);
INSERT INTO Taxon(id, name, level) VALUES (40235, 'sufiksite_ja_sõnalõppude_õigekiri', 'SUBTOPIC');
INSERT INTO Subtopic(id, topic) VALUES (40235, 30026);
INSERT INTO Taxon(id, name, level) VALUES (40236, 'täis-_ja_kaashäälikute_õigekiri', 'SUBTOPIC');
INSERT INTO Subtopic(id, topic) VALUES (40236, 30026);
INSERT INTO Taxon(id, name, level) VALUES (40237, 'н_ja_нн_eri_sõnaliikidesse_kuuluvates_sõnades', 'SUBTOPIC');
INSERT INTO Subtopic(id, topic) VALUES (40237, 30026);
INSERT INTO Taxon(id, name, level) VALUES (40238, 'не_ja_ни_kokku-_ja_lahkukirjutamine', 'SUBTOPIC');
INSERT INTO Subtopic(id, topic) VALUES (40238, 30026);
INSERT INTO Taxon(id, name, level) VALUES (40239, 'peamised_sõnaühendite_liigid', 'SUBTOPIC');
INSERT INTO Subtopic(id, topic) VALUES (40239, 30028);
INSERT INTO Taxon(id, name, level) VALUES (40240, 'rinnastus-_ja_alistusseos', 'SUBTOPIC');
INSERT INTO Subtopic(id, topic) VALUES (40240, 30028);
INSERT INTO Taxon(id, name, level) VALUES (40241, 'sõnaühend', 'SUBTOPIC');
INSERT INTO Subtopic(id, topic) VALUES (40241, 30028);
INSERT INTO Taxon(id, name, level) VALUES (40242, 'lausete_grammatilised_seosed', 'SUBTOPIC');
INSERT INTO Subtopic(id, topic) VALUES (40242, 30029);
INSERT INTO Taxon(id, name, level) VALUES (40243, 'lausete_ja_tekstiosade_vahelised_mõtteseosed', 'SUBTOPIC');
INSERT INTO Subtopic(id, topic) VALUES (40243, 30029);
INSERT INTO Taxon(id, name, level) VALUES (40244, 'mõttesiirded_lausete_ja_tekstiosade_vahel', 'SUBTOPIC');
INSERT INTO Subtopic(id, topic) VALUES (40244, 30029);
INSERT INTO Taxon(id, name, level) VALUES (40245, 'tekstid_elektroonilises_keskkonnas', 'SUBTOPIC');
INSERT INTO Subtopic(id, topic) VALUES (40245, 30029);
INSERT INTO Taxon(id, name, level) VALUES (40246, 'tekstide_liigid', 'SUBTOPIC');
INSERT INTO Subtopic(id, topic) VALUES (40246, 30029);
INSERT INTO Taxon(id, name, level) VALUES (40247, 'teksti_formaalsed_ja_keelelised_tunnused', 'SUBTOPIC');
INSERT INTO Subtopic(id, topic) VALUES (40247, 30030);
INSERT INTO Taxon(id, name, level) VALUES (40248, 'teksti_funktsioneerimise_peamised_valdkonnad', 'SUBTOPIC');
INSERT INTO Subtopic(id, topic) VALUES (40248, 30030);
INSERT INTO Taxon(id, name, level) VALUES (40249, 'teksti_sisu_ja_kommunikatiivne_suunitlus', 'SUBTOPIC');
INSERT INTO Subtopic(id, topic) VALUES (40249, 30030);
INSERT INTO Taxon(id, name, level) VALUES (40250, 'erinevad_stiilid_ilukirjanduses', 'SUBTOPIC');
INSERT INTO Subtopic(id, topic) VALUES (40250, 30031);
INSERT INTO Taxon(id, name, level) VALUES (40251, 'keel_kui_arenev_nähtus', 'SUBTOPIC');
INSERT INTO Subtopic(id, topic) VALUES (40251, 30031);
INSERT INTO Taxon(id, name, level) VALUES (40252, 'keelenorm_ja_kõnekultuur', 'SUBTOPIC');
INSERT INTO Subtopic(id, topic) VALUES (40252, 30031);
INSERT INTO Taxon(id, name, level) VALUES (40253, 'keelesõnastike_peamised_liigid', 'SUBTOPIC');
INSERT INTO Subtopic(id, topic) VALUES (40253, 30031);
INSERT INTO Taxon(id, name, level) VALUES (40254, 'kirjakeele_mõiste', 'SUBTOPIC');
INSERT INTO Subtopic(id, topic) VALUES (40254, 30031);
INSERT INTO Taxon(id, name, level) VALUES (40255, 'kombineeritud_tekst', 'SUBTOPIC');
INSERT INTO Subtopic(id, topic) VALUES (40255, 30031);
INSERT INTO Taxon(id, name, level) VALUES (40256, 'lõigu_ülesehitus', 'SUBTOPIC');
INSERT INTO Subtopic(id, topic) VALUES (40256, 30031);
INSERT INTO Taxon(id, name, level) VALUES (40257, 'lõik', 'SUBTOPIC');
INSERT INTO Subtopic(id, topic) VALUES (40257, 30031);
INSERT INTO Taxon(id, name, level) VALUES (40258, 'slaavi_keeled', 'SUBTOPIC');
INSERT INTO Subtopic(id, topic) VALUES (40258, 30031);
INSERT INTO Taxon(id, name, level) VALUES (40259, 'teema_ja_peamõte', 'SUBTOPIC');
INSERT INTO Subtopic(id, topic) VALUES (40259, 30031);
INSERT INTO Taxon(id, name, level) VALUES (40260, 'teksti_koostamise_põhimõtted', 'SUBTOPIC');
INSERT INTO Subtopic(id, topic) VALUES (40260, 30031);
INSERT INTO Taxon(id, name, level) VALUES (40261, 'tekstiliigid', 'SUBTOPIC');
INSERT INTO Subtopic(id, topic) VALUES (40261, 30031);
INSERT INTO Taxon(id, name, level) VALUES (40262, 'vene_keel_maailma_teiste_keelte_seas', 'SUBTOPIC');
INSERT INTO Subtopic(id, topic) VALUES (40262, 30031);
INSERT INTO Taxon(id, name, level) VALUES (40263, 'vene_keelt_uuriv_teadus', 'SUBTOPIC');
INSERT INTO Subtopic(id, topic) VALUES (40263, 30031);
INSERT INTO Taxon(id, name, level) VALUES (40264, 'arvsõna', 'SUBTOPIC');
INSERT INTO Subtopic(id, topic) VALUES (40264, 30033);
INSERT INTO Taxon(id, name, level) VALUES (40265, 'asesõna', 'SUBTOPIC');
INSERT INTO Subtopic(id, topic) VALUES (40265, 30033);
INSERT INTO Taxon(id, name, level) VALUES (40266, 'hulgafraasid', 'SUBTOPIC');
INSERT INTO Subtopic(id, topic) VALUES (40266, 30033);
INSERT INTO Taxon(id, name, level) VALUES (40267, 'isikulise_asesõna_käänamine_koos_nimisõnaga', 'SUBTOPIC');
INSERT INTO Subtopic(id, topic) VALUES (40267, 30033);
INSERT INTO Taxon(id, name, level) VALUES (40268, 'isikulised_asesõnad,_ka_lühivormide_kasutamine', 'SUBTOPIC');
INSERT INTO Subtopic(id, topic) VALUES (40268, 30033);
INSERT INTO Taxon(id, name, level) VALUES (40269, 'käänete_moodustamine_ja_funktsioonid', 'SUBTOPIC');
INSERT INTO Subtopic(id, topic) VALUES (40269, 30033);
INSERT INTO Taxon(id, name, level) VALUES (40270, 'käänetevahelised_seoses', 'SUBTOPIC');
INSERT INTO Subtopic(id, topic) VALUES (40270, 30033);
INSERT INTO Taxon(id, name, level) VALUES (40271, 'küsivad_asesõnad', 'SUBTOPIC');
INSERT INTO Subtopic(id, topic) VALUES (40271, 30033);
INSERT INTO Taxon(id, name, level) VALUES (40272, 'liitarvsõnade_käänamine,_rooma_numbrid', 'SUBTOPIC');
INSERT INTO Subtopic(id, topic) VALUES (40272, 30033);
INSERT INTO Taxon(id, name, level) VALUES (40273, 'nimisõna', 'SUBTOPIC');
INSERT INTO Subtopic(id, topic) VALUES (40273, 30033);
INSERT INTO Taxon(id, name, level) VALUES (40274, 'näitavad_asesõnad', 'SUBTOPIC');
INSERT INTO Subtopic(id, topic) VALUES (40274, 30033);
INSERT INTO Taxon(id, name, level) VALUES (40275, 'omadussõna', 'SUBTOPIC');
INSERT INTO Subtopic(id, topic) VALUES (40275, 30033);
INSERT INTO Taxon(id, name, level) VALUES (40276, 'pärisnimede_käänamine', 'SUBTOPIC');
INSERT INTO Subtopic(id, topic) VALUES (40276, 30033);
INSERT INTO Taxon(id, name, level) VALUES (40277, 'tüvede_variatiivsus,_astmevaheldus', 'SUBTOPIC');
INSERT INTO Subtopic(id, topic) VALUES (40277, 30033);
INSERT INTO Taxon(id, name, level) VALUES (40278, 'võõrsõnade_käänamine', 'SUBTOPIC');
INSERT INTO Subtopic(id, topic) VALUES (40278, 30033);
INSERT INTO Taxon(id, name, level) VALUES (40279, 'ühildumise_keerukamad_juhud', 'SUBTOPIC');
INSERT INTO Subtopic(id, topic) VALUES (40279, 30033);
INSERT INTO Taxon(id, name, level) VALUES (40280, 'da-tegevusnime_kasutamine', 'SUBTOPIC');
INSERT INTO Subtopic(id, topic) VALUES (40280, 30034);
INSERT INTO Taxon(id, name, level) VALUES (40281, 'gerundium', 'SUBTOPIC');
INSERT INTO Subtopic(id, topic) VALUES (40281, 30034);
INSERT INTO Taxon(id, name, level) VALUES (40282, 'jaatav_ja_eitav_kõne', 'SUBTOPIC');
INSERT INTO Subtopic(id, topic) VALUES (40282, 30034);
INSERT INTO Taxon(id, name, level) VALUES (40283, 'kaudne_kõneviis', 'SUBTOPIC');
INSERT INTO Subtopic(id, topic) VALUES (40283, 30034);
INSERT INTO Taxon(id, name, level) VALUES (40284, 'kesksõnad', 'SUBTOPIC');
INSERT INTO Subtopic(id, topic) VALUES (40284, 30034);
INSERT INTO Taxon(id, name, level) VALUES (40285, 'käskiva_kõneviisi_ainsuse_ja_mitmuse_2._isik,_keeld', 'SUBTOPIC');
INSERT INTO Subtopic(id, topic) VALUES (40285, 30034);
INSERT INTO Taxon(id, name, level) VALUES (40286, 'ma-infinitiivi_käändelised_vormid', 'SUBTOPIC');
INSERT INTO Subtopic(id, topic) VALUES (40286, 30034);
INSERT INTO Taxon(id, name, level) VALUES (40287, 'ma-tegevusnime_kasutamine', 'SUBTOPIC');
INSERT INTO Subtopic(id, topic) VALUES (40287, 30034);
INSERT INTO Taxon(id, name, level) VALUES (40288, 'mineviku_aegade_kasutamine', 'SUBTOPIC');
INSERT INTO Subtopic(id, topic) VALUES (40288, 30034);
INSERT INTO Taxon(id, name, level) VALUES (40289, 'mineviku_liitaegade_moodustamine', 'SUBTOPIC');
INSERT INTO Subtopic(id, topic) VALUES (40289, 30034);
INSERT INTO Taxon(id, name, level) VALUES (40290, 'rektsiooni_erinevused_eesti_ja_vene_keeles', 'SUBTOPIC');
INSERT INTO Subtopic(id, topic) VALUES (40290, 30034);
INSERT INTO Taxon(id, name, level) VALUES (40291, 'sagedased_ühendverbid', 'SUBTOPIC');
INSERT INTO Subtopic(id, topic) VALUES (40291, 30034);
INSERT INTO Taxon(id, name, level) VALUES (40292, 'sagedasemate_tegusõnade_rektsioon', 'SUBTOPIC');
INSERT INTO Subtopic(id, topic) VALUES (40292, 30034);
INSERT INTO Taxon(id, name, level) VALUES (40293, 'tegusõna_isikulõpud', 'SUBTOPIC');
INSERT INTO Subtopic(id, topic) VALUES (40293, 30034);
INSERT INTO Taxon(id, name, level) VALUES (40294, 'tegusõna_muutmine_kindla_kõneviisi_lihtminevikus', 'SUBTOPIC');
INSERT INTO Subtopic(id, topic) VALUES (40294, 30034);
INSERT INTO Taxon(id, name, level) VALUES (40295, 'tegusõna_muutmine_kindla_kõneviisi_olevikus', 'SUBTOPIC');
INSERT INTO Subtopic(id, topic) VALUES (40295, 30034);
INSERT INTO Taxon(id, name, level) VALUES (40296, 'tegusõna_põhi-_ja_peavormid', 'SUBTOPIC');
INSERT INTO Subtopic(id, topic) VALUES (40296, 30034);
INSERT INTO Taxon(id, name, level) VALUES (40297, 'tingiva_kõneviisi_minevik', 'SUBTOPIC');
INSERT INTO Subtopic(id, topic) VALUES (40297, 30034);
INSERT INTO Taxon(id, name, level) VALUES (40298, 'tingiva_kõneviisi_olevik', 'SUBTOPIC');
INSERT INTO Subtopic(id, topic) VALUES (40298, 30034);
INSERT INTO Taxon(id, name, level) VALUES (40299, 'umbisikuline_tegumood', 'SUBTOPIC');
INSERT INTO Subtopic(id, topic) VALUES (40299, 30034);
INSERT INTO Taxon(id, name, level) VALUES (40300, 'ühend-_ja_väljendtegusõnad', 'SUBTOPIC');
INSERT INTO Subtopic(id, topic) VALUES (40300, 30034);
INSERT INTO Taxon(id, name, level) VALUES (40301, 'alistussuhted_lauses', 'SUBTOPIC');
INSERT INTO Subtopic(id, topic) VALUES (40301, 30035);
INSERT INTO Taxon(id, name, level) VALUES (40302, 'kaudkõne', 'SUBTOPIC');
INSERT INTO Subtopic(id, topic) VALUES (40302, 30035);
INSERT INTO Taxon(id, name, level) VALUES (40303, 'kinnistunud_kogeja-omajalaused', 'SUBTOPIC');
INSERT INTO Subtopic(id, topic) VALUES (40303, 30035);
INSERT INTO Taxon(id, name, level) VALUES (40304, 'kinnistunud_olemasolulaused', 'SUBTOPIC');
INSERT INTO Subtopic(id, topic) VALUES (40304, 30035);
INSERT INTO Taxon(id, name, level) VALUES (40305, 'lauseehitus_eesmärgikohastes_tekstides', 'SUBTOPIC');
INSERT INTO Subtopic(id, topic) VALUES (40305, 30035);
INSERT INTO Taxon(id, name, level) VALUES (40306, 'lauseliikmete_vormi_ja_tähenduse_variatiivsus', 'SUBTOPIC');
INSERT INTO Subtopic(id, topic) VALUES (40306, 30035);
INSERT INTO Taxon(id, name, level) VALUES (40307, 'lauselühend', 'SUBTOPIC');
INSERT INTO Subtopic(id, topic) VALUES (40307, 30035);
INSERT INTO Taxon(id, name, level) VALUES (40308, 'lihtlause_laiendamine', 'SUBTOPIC');
INSERT INTO Subtopic(id, topic) VALUES (40308, 30035);
INSERT INTO Taxon(id, name, level) VALUES (40309, 'liitlause_sidesõnadega_ja,_ning,_et,_aga,_kuid_jne', 'SUBTOPIC');
INSERT INTO Subtopic(id, topic) VALUES (40309, 30035);
INSERT INTO Taxon(id, name, level) VALUES (40310, 'muud_elemendid_lauses:_lisand,_üte,_kiil', 'SUBTOPIC');
INSERT INTO Subtopic(id, topic) VALUES (40310, 30035);
INSERT INTO Taxon(id, name, level) VALUES (40311, 'normaallause:_jaatav_ja_eitav_lihtlause', 'SUBTOPIC');
INSERT INTO Subtopic(id, topic) VALUES (40311, 30035);
INSERT INTO Taxon(id, name, level) VALUES (40312, 'sagedasemad_sihilised_ja_sihitud_verbid', 'SUBTOPIC');
INSERT INTO Subtopic(id, topic) VALUES (40312, 30035);
INSERT INTO Taxon(id, name, level) VALUES (40313, 'sõnajärg_erinevates_lausetüüpides', 'SUBTOPIC');
INSERT INTO Subtopic(id, topic) VALUES (40313, 30035);
INSERT INTO Taxon(id, name, level) VALUES (40314, 'teksti_liigid_ja_stiililised_iseärasused', 'SUBTOPIC');
INSERT INTO Subtopic(id, topic) VALUES (40314, 30035);
INSERT INTO Taxon(id, name, level) VALUES (40315, 'teksti_ülesehitus,_sidumine_ja_sõnajärg', 'SUBTOPIC');
INSERT INTO Subtopic(id, topic) VALUES (40315, 30035);
INSERT INTO Taxon(id, name, level) VALUES (40316, 'täis-_ja_osasihitis', 'SUBTOPIC');
INSERT INTO Subtopic(id, topic) VALUES (40316, 30035);
INSERT INTO Taxon(id, name, level) VALUES (40317, 'väit-,_küsi-,_käsk-,_hüüdlaused', 'SUBTOPIC');
INSERT INTO Subtopic(id, topic) VALUES (40317, 30035);
INSERT INTO Taxon(id, name, level) VALUES (40318, 'hüüdsõna', 'SUBTOPIC');
INSERT INTO Subtopic(id, topic) VALUES (40318, 30036);
INSERT INTO Taxon(id, name, level) VALUES (40319, 'kaassõna', 'SUBTOPIC');
INSERT INTO Subtopic(id, topic) VALUES (40319, 30036);
INSERT INTO Taxon(id, name, level) VALUES (40320, 'määrsõna', 'SUBTOPIC');
INSERT INTO Subtopic(id, topic) VALUES (40320, 30036);
INSERT INTO Taxon(id, name, level) VALUES (40321, 'sidesõna', 'SUBTOPIC');
INSERT INTO Subtopic(id, topic) VALUES (40321, 30036);
INSERT INTO Taxon(id, name, level) VALUES (40322, 'liited_-lane_ja_-ke', 'SUBTOPIC');
INSERT INTO Subtopic(id, topic) VALUES (40322, 30037);
INSERT INTO Taxon(id, name, level) VALUES (40323, 'liitsõnad', 'SUBTOPIC');
INSERT INTO Subtopic(id, topic) VALUES (40323, 30037);
INSERT INTO Taxon(id, name, level) VALUES (40324, 'sihiliste_ja_sihitute_tegusõnade_tuletusvahekord', 'SUBTOPIC');
INSERT INTO Subtopic(id, topic) VALUES (40324, 30037);
INSERT INTO Taxon(id, name, level) VALUES (40325, 'sõnavara_rikastamise_allikad_ja_teed', 'SUBTOPIC');
INSERT INTO Subtopic(id, topic) VALUES (40325, 30037);
INSERT INTO Taxon(id, name, level) VALUES (40326, 'tähtsamad_tuletusliited_ja_nende_tähendus', 'SUBTOPIC');
INSERT INTO Subtopic(id, topic) VALUES (40326, 30037);
INSERT INTO Taxon(id, name, level) VALUES (40327, 'arvsõnade_õigekiri', 'SUBTOPIC');
INSERT INTO Subtopic(id, topic) VALUES (40327, 30038);
INSERT INTO Taxon(id, name, level) VALUES (40328, 'enam_kasutatavad_lühendid', 'SUBTOPIC');
INSERT INTO Subtopic(id, topic) VALUES (40328, 30038);
INSERT INTO Taxon(id, name, level) VALUES (40329, 'häälikute_pikkuse_kajastumine_kirjas', 'SUBTOPIC');
INSERT INTO Subtopic(id, topic) VALUES (40329, 30038);
INSERT INTO Taxon(id, name, level) VALUES (40330, 'i_ja_j_õigekiri', 'SUBTOPIC');
INSERT INTO Subtopic(id, topic) VALUES (40330, 30038);
INSERT INTO Taxon(id, name, level) VALUES (40331, 'k,_p,_t_õigekiri', 'SUBTOPIC');
INSERT INTO Subtopic(id, topic) VALUES (40331, 30038);
INSERT INTO Taxon(id, name, level) VALUES (40332, 'kirjavahemärgid_sidesõnade_ja,_sest,_kui_jt_ees', 'SUBTOPIC');
INSERT INTO Subtopic(id, topic) VALUES (40332, 30038);
INSERT INTO Taxon(id, name, level) VALUES (40333, 'kokku-_ja_lahkukirjutamine', 'SUBTOPIC');
INSERT INTO Subtopic(id, topic) VALUES (40333, 30038);
INSERT INTO Taxon(id, name, level) VALUES (40334, 'lause_kirjavahemärgid', 'SUBTOPIC');
INSERT INTO Subtopic(id, topic) VALUES (40334, 30038);
INSERT INTO Taxon(id, name, level) VALUES (40335, 'liitsõnade_õigekiri', 'SUBTOPIC');
INSERT INTO Subtopic(id, topic) VALUES (40335, 30038);
INSERT INTO Taxon(id, name, level) VALUES (40336, 'lühikeste_ja_pikkade_täis-_ja_kaashäälikute_õigekiri', 'SUBTOPIC');
INSERT INTO Subtopic(id, topic) VALUES (40336, 30038);
INSERT INTO Taxon(id, name, level) VALUES (40337, 'otsekõne_kirjavahemärgid', 'SUBTOPIC');
INSERT INTO Subtopic(id, topic) VALUES (40337, 30038);
INSERT INTO Taxon(id, name, level) VALUES (40338, 'pärisnimede_suur_algustäht', 'SUBTOPIC');
INSERT INTO Subtopic(id, topic) VALUES (40338, 30038);
INSERT INTO Taxon(id, name, level) VALUES (40339, 'pärisnimede_õigekiri', 'SUBTOPIC');
INSERT INTO Subtopic(id, topic) VALUES (40339, 30038);
INSERT INTO Taxon(id, name, level) VALUES (40340, 'suur-_ja_väiketähed', 'SUBTOPIC');
INSERT INTO Subtopic(id, topic) VALUES (40340, 30038);
INSERT INTO Taxon(id, name, level) VALUES (40341, 'sõnade_poolitamine', 'SUBTOPIC');
INSERT INTO Subtopic(id, topic) VALUES (40341, 30038);
INSERT INTO Taxon(id, name, level) VALUES (40342, 'tähestik_ja_tähtede_ühendamine', 'SUBTOPIC');
INSERT INTO Subtopic(id, topic) VALUES (40342, 30038);
INSERT INTO Taxon(id, name, level) VALUES (40343, 'täis-_ja_kaashäälikuühendite_õigekiri', 'SUBTOPIC');
INSERT INTO Subtopic(id, topic) VALUES (40343, 30038);
INSERT INTO Taxon(id, name, level) VALUES (40344, 'võõrnimede_õigekiri', 'SUBTOPIC');
INSERT INTO Subtopic(id, topic) VALUES (40344, 30038);
INSERT INTO Taxon(id, name, level) VALUES (40345, 'võõrsõnade_õigekiri', 'SUBTOPIC');
INSERT INTO Subtopic(id, topic) VALUES (40345, 30038);
INSERT INTO Taxon(id, name, level) VALUES (40346, 'aastaring', 'SUBTOPIC');
INSERT INTO Subtopic(id, topic) VALUES (40346, 30039);
INSERT INTO Taxon(id, name, level) VALUES (40347, 'Eesti_geograafiline_asukoht', 'SUBTOPIC');
INSERT INTO Subtopic(id, topic) VALUES (40347, 30039);
INSERT INTO Taxon(id, name, level) VALUES (40348, 'Eesti_haldusjaotus', 'SUBTOPIC');
INSERT INTO Subtopic(id, topic) VALUES (40348, 30039);
INSERT INTO Taxon(id, name, level) VALUES (40349, 'Eesti_ilm', 'SUBTOPIC');
INSERT INTO Subtopic(id, topic) VALUES (40349, 30039);
INSERT INTO Taxon(id, name, level) VALUES (40350, 'Eesti_ja_teised_riigid', 'SUBTOPIC');
INSERT INTO Subtopic(id, topic) VALUES (40350, 30039);
INSERT INTO Taxon(id, name, level) VALUES (40351, 'eesti_keel_ja_eesti_meel', 'SUBTOPIC');
INSERT INTO Subtopic(id, topic) VALUES (40351, 30039);
INSERT INTO Taxon(id, name, level) VALUES (40352, 'Eesti_riigi-_ja_rahvussümboolika', 'SUBTOPIC');
INSERT INTO Subtopic(id, topic) VALUES (40352, 30039);
INSERT INTO Taxon(id, name, level) VALUES (40353, 'Eesti_riik_ja_rahvas', 'SUBTOPIC');
INSERT INTO Subtopic(id, topic) VALUES (40353, 30039);
INSERT INTO Taxon(id, name, level) VALUES (40354, 'Eesti_vaatamisväärsused', 'SUBTOPIC');
INSERT INTO Subtopic(id, topic) VALUES (40354, 30039);
INSERT INTO Taxon(id, name, level) VALUES (40355, 'looduskaitse', 'SUBTOPIC');
INSERT INTO Subtopic(id, topic) VALUES (40355, 30039);
INSERT INTO Taxon(id, name, level) VALUES (40356, 'rahvakalendri_tähtpäevad', 'SUBTOPIC');
INSERT INTO Subtopic(id, topic) VALUES (40356, 30039);
INSERT INTO Taxon(id, name, level) VALUES (40357, 'riigipühad_ja_riiklikud_tähtpäevad', 'SUBTOPIC');
INSERT INTO Subtopic(id, topic) VALUES (40357, 30039);
INSERT INTO Taxon(id, name, level) VALUES (40358, 'suuremad_linnad', 'SUBTOPIC');
INSERT INTO Subtopic(id, topic) VALUES (40358, 30039);
INSERT INTO Taxon(id, name, level) VALUES (40359, 'üldrahvalikud_sündmused', 'SUBTOPIC');
INSERT INTO Subtopic(id, topic) VALUES (40359, 30039);
INSERT INTO Taxon(id, name, level) VALUES (40360, 'ametid_ja_töökohad', 'SUBTOPIC');
INSERT INTO Subtopic(id, topic) VALUES (40360, 30040);
INSERT INTO Taxon(id, name, level) VALUES (40361, 'avalikud_asutused', 'SUBTOPIC');
INSERT INTO Subtopic(id, topic) VALUES (40361, 30040);
INSERT INTO Taxon(id, name, level) VALUES (40362, 'edasiõppimine_ja_õpilasvahetus', 'SUBTOPIC');
INSERT INTO Subtopic(id, topic) VALUES (40362, 30040);
INSERT INTO Taxon(id, name, level) VALUES (40363, 'haridus', 'SUBTOPIC');
INSERT INTO Subtopic(id, topic) VALUES (40363, 30040);
INSERT INTO Taxon(id, name, level) VALUES (40364, 'huvirühmad_koolis', 'SUBTOPIC');
INSERT INTO Subtopic(id, topic) VALUES (40364, 30040);
INSERT INTO Taxon(id, name, level) VALUES (40365, 'hädaolukorrad_ja_arstiabi', 'SUBTOPIC');
INSERT INTO Subtopic(id, topic) VALUES (40365, 30040);
INSERT INTO Taxon(id, name, level) VALUES (40366, 'koolipäev,_koolitee', 'SUBTOPIC');
INSERT INTO Subtopic(id, topic) VALUES (40366, 30040);
INSERT INTO Taxon(id, name, level) VALUES (40367, 'meedia_ja_reklaam', 'SUBTOPIC');
INSERT INTO Subtopic(id, topic) VALUES (40367, 30040);
INSERT INTO Taxon(id, name, level) VALUES (40368, 'pere_ja_kasvatus', 'SUBTOPIC');
INSERT INTO Subtopic(id, topic) VALUES (40368, 30040);
INSERT INTO Taxon(id, name, level) VALUES (40369, 'päeva_planeerimine', 'SUBTOPIC');
INSERT INTO Subtopic(id, topic) VALUES (40369, 30040);
INSERT INTO Taxon(id, name, level) VALUES (40370, 'raha', 'SUBTOPIC');
INSERT INTO Subtopic(id, topic) VALUES (40370, 30040);
INSERT INTO Taxon(id, name, level) VALUES (40371, 'tee_küsimine_ja_juhatamine', 'SUBTOPIC');
INSERT INTO Subtopic(id, topic) VALUES (40371, 30040);
INSERT INTO Taxon(id, name, level) VALUES (40372, 'tervis', 'SUBTOPIC');
INSERT INTO Subtopic(id, topic) VALUES (40372, 30040);
INSERT INTO Taxon(id, name, level) VALUES (40373, 'tervislik_eluviis', 'SUBTOPIC');
INSERT INTO Subtopic(id, topic) VALUES (40373, 30040);
INSERT INTO Taxon(id, name, level) VALUES (40374, 'turvaline_liiklemine', 'SUBTOPIC');
INSERT INTO Subtopic(id, topic) VALUES (40374, 30040);
INSERT INTO Taxon(id, name, level) VALUES (40375, 'tööelu', 'SUBTOPIC');
INSERT INTO Subtopic(id, topic) VALUES (40375, 30040);
INSERT INTO Taxon(id, name, level) VALUES (40376, 'avalikud_kohad', 'SUBTOPIC');
INSERT INTO Subtopic(id, topic) VALUES (40376, 30041);
INSERT INTO Taxon(id, name, level) VALUES (40377, 'elu_maal_ja_linnas', 'SUBTOPIC');
INSERT INTO Subtopic(id, topic) VALUES (40377, 30041);
INSERT INTO Taxon(id, name, level) VALUES (40378, 'keskkonnasäästlikkus', 'SUBTOPIC');
INSERT INTO Subtopic(id, topic) VALUES (40378, 30041);
INSERT INTO Taxon(id, name, level) VALUES (40379, 'kodu_ja_lähiümbruse_korrashoid', 'SUBTOPIC');
INSERT INTO Subtopic(id, topic) VALUES (40379, 30041);
INSERT INTO Taxon(id, name, level) VALUES (40380, 'kodu_kirjeldamine', 'SUBTOPIC');
INSERT INTO Subtopic(id, topic) VALUES (40380, 30041);
INSERT INTO Taxon(id, name, level) VALUES (40381, 'kodukoht_ja_kodukoha_loodus', 'SUBTOPIC');
INSERT INTO Subtopic(id, topic) VALUES (40381, 30041);
INSERT INTO Taxon(id, name, level) VALUES (40382, 'kodused_toimingud', 'SUBTOPIC');
INSERT INTO Subtopic(id, topic) VALUES (40382, 30041);
INSERT INTO Taxon(id, name, level) VALUES (40383, 'käitumine_koduümbruses_ja_looduses', 'SUBTOPIC');
INSERT INTO Subtopic(id, topic) VALUES (40383, 30041);
INSERT INTO Taxon(id, name, level) VALUES (40384, 'lemmikloomad', 'SUBTOPIC');
INSERT INTO Subtopic(id, topic) VALUES (40384, 30041);
INSERT INTO Taxon(id, name, level) VALUES (40385, 'perekondlikud_sündmused', 'SUBTOPIC');
INSERT INTO Subtopic(id, topic) VALUES (40385, 30041);
INSERT INTO Taxon(id, name, level) VALUES (40386, 'peretraditsioonid', 'SUBTOPIC');
INSERT INTO Subtopic(id, topic) VALUES (40386, 30041);
INSERT INTO Taxon(id, name, level) VALUES (40387, 'rõõmsad_ja_kurvad_sündmused_peres', 'SUBTOPIC');
INSERT INTO Subtopic(id, topic) VALUES (40387, 30041);
INSERT INTO Taxon(id, name, level) VALUES (40388, 'turvalisus', 'SUBTOPIC');
INSERT INTO Subtopic(id, topic) VALUES (40388, 30041);
INSERT INTO Taxon(id, name, level) VALUES (40389, 'töövahendid_ja_kohustused_kodus', 'SUBTOPIC');
INSERT INTO Subtopic(id, topic) VALUES (40389, 30041);
INSERT INTO Taxon(id, name, level) VALUES (40390, 'enese,_pereliikmete_jt_tutvustamine', 'SUBTOPIC');
INSERT INTO Subtopic(id, topic) VALUES (40390, 30042);
INSERT INTO Taxon(id, name, level) VALUES (40391, 'inimestevahelised_suhted', 'SUBTOPIC');
INSERT INTO Subtopic(id, topic) VALUES (40391, 30042);
INSERT INTO Taxon(id, name, level) VALUES (40392, 'suhtlemine_kaaslastega,_viisakusväljendid', 'SUBTOPIC');
INSERT INTO Subtopic(id, topic) VALUES (40392, 30042);
INSERT INTO Taxon(id, name, level) VALUES (40393, 'virtuaalne_suhtlemine', 'SUBTOPIC');
INSERT INTO Subtopic(id, topic) VALUES (40393, 30042);
INSERT INTO Taxon(id, name, level) VALUES (40394, 'võimed', 'SUBTOPIC');
INSERT INTO Subtopic(id, topic) VALUES (40394, 30042);
INSERT INTO Taxon(id, name, level) VALUES (40395, 'Euroopa_riigid,_pealinnad,_rahvused', 'SUBTOPIC');
INSERT INTO Subtopic(id, topic) VALUES (40395, 30043);
INSERT INTO Taxon(id, name, level) VALUES (40396, 'huvipakkuvad_paigad,_muuseumid', 'SUBTOPIC');
INSERT INTO Subtopic(id, topic) VALUES (40396, 30043);
INSERT INTO Taxon(id, name, level) VALUES (40397, 'looduskainud_kohad', 'SUBTOPIC');
INSERT INTO Subtopic(id, topic) VALUES (40397, 30043);
INSERT INTO Taxon(id, name, level) VALUES (40398, 'loodusnähtused', 'SUBTOPIC');
INSERT INTO Subtopic(id, topic) VALUES (40398, 30043);
INSERT INTO Taxon(id, name, level) VALUES (40399, 'maailmajaod,_maailma_riigid,_nende_loodus_ja_kultuur', 'SUBTOPIC');
INSERT INTO Subtopic(id, topic) VALUES (40399, 30043);
INSERT INTO Taxon(id, name, level) VALUES (40400, 'naaberriigid,_pealinnad,_põhirahvused,_keel', 'SUBTOPIC');
INSERT INTO Subtopic(id, topic) VALUES (40400, 30043);
INSERT INTO Taxon(id, name, level) VALUES (40401, 'aastaajad_ja_puhkus', 'SUBTOPIC');
INSERT INTO Subtopic(id, topic) VALUES (40401, 30044);
INSERT INTO Taxon(id, name, level) VALUES (40402, 'ettevalmistus_reisiks_ja_reisimise_viisid', 'SUBTOPIC');
INSERT INTO Subtopic(id, topic) VALUES (40402, 30044);
INSERT INTO Taxon(id, name, level) VALUES (40403, 'huvialad', 'SUBTOPIC');
INSERT INTO Subtopic(id, topic) VALUES (40403, 30044);
INSERT INTO Taxon(id, name, level) VALUES (40404, 'kooliväline_tegevus', 'SUBTOPIC');
INSERT INTO Subtopic(id, topic) VALUES (40404, 30044);
INSERT INTO Taxon(id, name, level) VALUES (40405, 'lemmiktegevused', 'SUBTOPIC');
INSERT INTO Subtopic(id, topic) VALUES (40405, 30044);
INSERT INTO Taxon(id, name, level) VALUES (40406, 'lugemiseelistused', 'SUBTOPIC');
INSERT INTO Subtopic(id, topic) VALUES (40406, 30044);
INSERT INTO Taxon(id, name, level) VALUES (40407, 'mängude_käsklused_ja_juhendid', 'SUBTOPIC');
INSERT INTO Subtopic(id, topic) VALUES (40407, 30044);
INSERT INTO Taxon(id, name, level) VALUES (40408, 'reisid_teistesse_maadesse', 'SUBTOPIC');
INSERT INTO Subtopic(id, topic) VALUES (40408, 30044);
INSERT INTO Taxon(id, name, level) VALUES (40409, 'spordialad_ja_sportlikud_tegevused', 'SUBTOPIC');
INSERT INTO Subtopic(id, topic) VALUES (40409, 30044);
INSERT INTO Taxon(id, name, level) VALUES (40410, 'vaba_aja_veetmise_viisid', 'SUBTOPIC');
INSERT INTO Subtopic(id, topic) VALUES (40410, 30044);
INSERT INTO Taxon(id, name, level) VALUES (40411, 'inimene_kui_indiviid', 'SUBTOPIC');
INSERT INTO Subtopic(id, topic) VALUES (40411, 30045);
INSERT INTO Taxon(id, name, level) VALUES (40412, 'inimene_kui_looduse_osa', 'SUBTOPIC');
INSERT INTO Subtopic(id, topic) VALUES (40412, 30045);
INSERT INTO Taxon(id, name, level) VALUES (40413, 'inimeste_suhtlus', 'SUBTOPIC');
INSERT INTO Subtopic(id, topic) VALUES (40413, 30045);
INSERT INTO Taxon(id, name, level) VALUES (40414, 'ühiskond_kui_eluavalduste_kogum', 'SUBTOPIC');
INSERT INTO Subtopic(id, topic) VALUES (40414, 30045);
INSERT INTO Taxon(id, name, level) VALUES (40415, 'elukeskkond', 'SUBTOPIC');
INSERT INTO Subtopic(id, topic) VALUES (40415, 30046);
INSERT INTO Taxon(id, name, level) VALUES (40416, 'geograafiline_keskkond', 'SUBTOPIC');
INSERT INTO Subtopic(id, topic) VALUES (40416, 30046);
INSERT INTO Taxon(id, name, level) VALUES (40417, 'tehnoloogia', 'SUBTOPIC');
INSERT INTO Subtopic(id, topic) VALUES (40417, 30046);
INSERT INTO Taxon(id, name, level) VALUES (40418, 'arhitektuur', 'SUBTOPIC');
INSERT INTO Subtopic(id, topic) VALUES (40418, 30047);
INSERT INTO Taxon(id, name, level) VALUES (40419, 'eri_rahvaste_tavad_ja_uskumused', 'SUBTOPIC');
INSERT INTO Subtopic(id, topic) VALUES (40419, 30047);
INSERT INTO Taxon(id, name, level) VALUES (40420, 'helilooming', 'SUBTOPIC');
INSERT INTO Subtopic(id, topic) VALUES (40420, 30047);
INSERT INTO Taxon(id, name, level) VALUES (40421, 'kirjandus', 'SUBTOPIC');
INSERT INTO Subtopic(id, topic) VALUES (40421, 30047);
INSERT INTO Taxon(id, name, level) VALUES (40422, 'kujutav_kunst', 'SUBTOPIC');
INSERT INTO Subtopic(id, topic) VALUES (40422, 30047);
INSERT INTO Taxon(id, name, level) VALUES (40423, 'kultuur_kui_looming', 'SUBTOPIC');
INSERT INTO Subtopic(id, topic) VALUES (40423, 30047);
INSERT INTO Taxon(id, name, level) VALUES (40424, 'kultuuritraditsioonid_ja_tavad', 'SUBTOPIC');
INSERT INTO Subtopic(id, topic) VALUES (40424, 30047);
INSERT INTO Taxon(id, name, level) VALUES (40425, 'rahvapärimus,_muistendid,_vanasõnad', 'SUBTOPIC');
INSERT INTO Subtopic(id, topic) VALUES (40425, 30047);
INSERT INTO Taxon(id, name, level) VALUES (40426, 'tarbekunst_ja_käsitöö', 'SUBTOPIC');
INSERT INTO Subtopic(id, topic) VALUES (40426, 30047);
INSERT INTO Taxon(id, name, level) VALUES (40427, 'A1', 'SUBTOPIC');
INSERT INTO Subtopic(id, topic) VALUES (40427, 30048);
INSERT INTO Taxon(id, name, level) VALUES (40428, 'A2', 'SUBTOPIC');
INSERT INTO Subtopic(id, topic) VALUES (40428, 30048);
INSERT INTO Taxon(id, name, level) VALUES (40429, 'B1', 'SUBTOPIC');
INSERT INTO Subtopic(id, topic) VALUES (40429, 30048);
INSERT INTO Taxon(id, name, level) VALUES (40430, 'B2', 'SUBTOPIC');
INSERT INTO Subtopic(id, topic) VALUES (40430, 30048);
INSERT INTO Taxon(id, name, level) VALUES (40431, 'kirjutamine', 'SUBTOPIC');
INSERT INTO Subtopic(id, topic) VALUES (40431, 30049);
INSERT INTO Taxon(id, name, level) VALUES (40432, 'kuulamine', 'SUBTOPIC');
INSERT INTO Subtopic(id, topic) VALUES (40432, 30049);
INSERT INTO Taxon(id, name, level) VALUES (40433, 'lugemine', 'SUBTOPIC');
INSERT INTO Subtopic(id, topic) VALUES (40433, 30049);
INSERT INTO Taxon(id, name, level) VALUES (40434, 'rääkimine', 'SUBTOPIC');
INSERT INTO Subtopic(id, topic) VALUES (40434, 30049);
INSERT INTO Taxon(id, name, level) VALUES (40435, 'arvsõna', 'SUBTOPIC');
INSERT INTO Subtopic(id, topic) VALUES (40435, 30050);
INSERT INTO Taxon(id, name, level) VALUES (40436, 'asesõna', 'SUBTOPIC');
INSERT INTO Subtopic(id, topic) VALUES (40436, 30050);
INSERT INTO Taxon(id, name, level) VALUES (40437, 'eessõna', 'SUBTOPIC');
INSERT INTO Subtopic(id, topic) VALUES (40437, 30050);
INSERT INTO Taxon(id, name, level) VALUES (40438, 'lauseõpetus', 'SUBTOPIC');
INSERT INTO Subtopic(id, topic) VALUES (40438, 30050);
INSERT INTO Taxon(id, name, level) VALUES (40439, 'määrsõna', 'SUBTOPIC');
INSERT INTO Subtopic(id, topic) VALUES (40439, 30050);
INSERT INTO Taxon(id, name, level) VALUES (40440, 'nimisõna', 'SUBTOPIC');
INSERT INTO Subtopic(id, topic) VALUES (40440, 30050);
INSERT INTO Taxon(id, name, level) VALUES (40441, 'omadussõna', 'SUBTOPIC');
INSERT INTO Subtopic(id, topic) VALUES (40441, 30050);
INSERT INTO Taxon(id, name, level) VALUES (40442, 'sõnatuletus', 'SUBTOPIC');
INSERT INTO Subtopic(id, topic) VALUES (40442, 30050);
INSERT INTO Taxon(id, name, level) VALUES (40443, 'tegusõna', 'SUBTOPIC');
INSERT INTO Subtopic(id, topic) VALUES (40443, 30050);
INSERT INTO Taxon(id, name, level) VALUES (40444, 'enese_ja_kaaslaste_tutvustus', 'SUBTOPIC');
INSERT INTO Subtopic(id, topic) VALUES (40444, 30051);
INSERT INTO Taxon(id, name, level) VALUES (40445, 'enesetunne_ja_tervis', 'SUBTOPIC');
INSERT INTO Subtopic(id, topic) VALUES (40445, 30051);
INSERT INTO Taxon(id, name, level) VALUES (40446, 'inimestevahelised_suhted', 'SUBTOPIC');
INSERT INTO Subtopic(id, topic) VALUES (40446, 30051);
INSERT INTO Taxon(id, name, level) VALUES (40447, 'iseloom_ja_välimus', 'SUBTOPIC');
INSERT INTO Subtopic(id, topic) VALUES (40447, 30051);
INSERT INTO Taxon(id, name, level) VALUES (40448, 'koostöö', 'SUBTOPIC');
INSERT INTO Subtopic(id, topic) VALUES (40448, 30051);
INSERT INTO Taxon(id, name, level) VALUES (40449, 'lähikondsed', 'SUBTOPIC');
INSERT INTO Subtopic(id, topic) VALUES (40449, 30051);
INSERT INTO Taxon(id, name, level) VALUES (40450, 'suhted', 'SUBTOPIC');
INSERT INTO Subtopic(id, topic) VALUES (40450, 30051);
INSERT INTO Taxon(id, name, level) VALUES (40451, 'sõbrad', 'SUBTOPIC');
INSERT INTO Subtopic(id, topic) VALUES (40451, 30051);
INSERT INTO Taxon(id, name, level) VALUES (40452, 'teistega_arvestamine', 'SUBTOPIC');
INSERT INTO Subtopic(id, topic) VALUES (40452, 30051);
INSERT INTO Taxon(id, name, level) VALUES (40453, 'tugevused_ja_nõrkused', 'SUBTOPIC');
INSERT INTO Subtopic(id, topic) VALUES (40453, 30051);
INSERT INTO Taxon(id, name, level) VALUES (40454, 'viisakas_käitumine', 'SUBTOPIC');
INSERT INTO Subtopic(id, topic) VALUES (40454, 30051);
INSERT INTO Taxon(id, name, level) VALUES (40455, 'viisakusreeglid', 'SUBTOPIC');
INSERT INTO Subtopic(id, topic) VALUES (40455, 30051);
INSERT INTO Taxon(id, name, level) VALUES (40456, 'võimed', 'SUBTOPIC');
INSERT INTO Subtopic(id, topic) VALUES (40456, 30051);
INSERT INTO Taxon(id, name, level) VALUES (40457, 'ühised_tegevused', 'SUBTOPIC');
INSERT INTO Subtopic(id, topic) VALUES (40457, 30051);
INSERT INTO Taxon(id, name, level) VALUES (40458, 'igapäevased_tegemised', 'SUBTOPIC');
INSERT INTO Subtopic(id, topic) VALUES (40458, 30052);
INSERT INTO Taxon(id, name, level) VALUES (40459, 'kodu', 'SUBTOPIC');
INSERT INTO Subtopic(id, topic) VALUES (40459, 30052);
INSERT INTO Taxon(id, name, level) VALUES (40460, 'kodukoha_vaatamisväärsused', 'SUBTOPIC');
INSERT INTO Subtopic(id, topic) VALUES (40460, 30052);
INSERT INTO Taxon(id, name, level) VALUES (40461, 'kodused_toimingud', 'SUBTOPIC');
INSERT INTO Subtopic(id, topic) VALUES (40461, 30052);
INSERT INTO Taxon(id, name, level) VALUES (40462, 'koduümbrus', 'SUBTOPIC');
INSERT INTO Subtopic(id, topic) VALUES (40462, 30052);
INSERT INTO Taxon(id, name, level) VALUES (40463, 'perekondlikud_sündmused', 'SUBTOPIC');
INSERT INTO Subtopic(id, topic) VALUES (40463, 30052);
INSERT INTO Taxon(id, name, level) VALUES (40464, 'pereliikmed', 'SUBTOPIC');
INSERT INTO Subtopic(id, topic) VALUES (40464, 30052);
INSERT INTO Taxon(id, name, level) VALUES (40465, 'pereliikmete_ametid', 'SUBTOPIC');
INSERT INTO Subtopic(id, topic) VALUES (40465, 30052);
INSERT INTO Taxon(id, name, level) VALUES (40466, 'sugulased', 'SUBTOPIC');
INSERT INTO Subtopic(id, topic) VALUES (40466, 30052);
INSERT INTO Taxon(id, name, level) VALUES (40467, 'tähtpäevad', 'SUBTOPIC');
INSERT INTO Subtopic(id, topic) VALUES (40467, 30052);
INSERT INTO Taxon(id, name, level) VALUES (40468, 'aastaajad', 'SUBTOPIC');
INSERT INTO Subtopic(id, topic) VALUES (40468, 30053);
INSERT INTO Taxon(id, name, level) VALUES (40469, 'asukoht', 'SUBTOPIC');
INSERT INTO Subtopic(id, topic) VALUES (40469, 30053);
INSERT INTO Taxon(id, name, level) VALUES (40470, 'elu_linnas_ja_maal', 'SUBTOPIC');
INSERT INTO Subtopic(id, topic) VALUES (40470, 30053);
INSERT INTO Taxon(id, name, level) VALUES (40471, 'ilm', 'SUBTOPIC');
INSERT INTO Subtopic(id, topic) VALUES (40471, 30053);
INSERT INTO Taxon(id, name, level) VALUES (40472, 'keskkonnahoidlik_ja_-säästlik_käitumine', 'SUBTOPIC');
INSERT INTO Subtopic(id, topic) VALUES (40472, 30053);
INSERT INTO Taxon(id, name, level) VALUES (40473, 'kodukoha_kirjeldus', 'SUBTOPIC');
INSERT INTO Subtopic(id, topic) VALUES (40473, 30053);
INSERT INTO Taxon(id, name, level) VALUES (40474, 'käitumine_looduses', 'SUBTOPIC');
INSERT INTO Subtopic(id, topic) VALUES (40474, 30053);
INSERT INTO Taxon(id, name, level) VALUES (40475, 'linn_ja_maa', 'SUBTOPIC');
INSERT INTO Subtopic(id, topic) VALUES (40475, 30053);
INSERT INTO Taxon(id, name, level) VALUES (40476, 'loodus', 'SUBTOPIC');
INSERT INTO Subtopic(id, topic) VALUES (40476, 30053);
INSERT INTO Taxon(id, name, level) VALUES (40477, 'looduskaitse', 'SUBTOPIC');
INSERT INTO Subtopic(id, topic) VALUES (40477, 30053);
INSERT INTO Taxon(id, name, level) VALUES (40478, 'pealinn', 'SUBTOPIC');
INSERT INTO Subtopic(id, topic) VALUES (40478, 30053);
INSERT INTO Taxon(id, name, level) VALUES (40479, 'rahvused', 'SUBTOPIC');
INSERT INTO Subtopic(id, topic) VALUES (40479, 30053);
INSERT INTO Taxon(id, name, level) VALUES (40480, 'riik', 'SUBTOPIC');
INSERT INTO Subtopic(id, topic) VALUES (40480, 30053);
INSERT INTO Taxon(id, name, level) VALUES (40481, 'sümboolika', 'SUBTOPIC');
INSERT INTO Subtopic(id, topic) VALUES (40481, 30053);
INSERT INTO Taxon(id, name, level) VALUES (40482, 'tähtpäevad', 'SUBTOPIC');
INSERT INTO Subtopic(id, topic) VALUES (40482, 30053);
INSERT INTO Taxon(id, name, level) VALUES (40483, 'vaatamisväärsused', 'SUBTOPIC');
INSERT INTO Subtopic(id, topic) VALUES (40483, 30053);
INSERT INTO Taxon(id, name, level) VALUES (40484, 'aktuaalsed_ühiskondlikud_teemad', 'SUBTOPIC');
INSERT INTO Subtopic(id, topic) VALUES (40484, 30054);
INSERT INTO Taxon(id, name, level) VALUES (40485, 'Eesti_naaberriigid', 'SUBTOPIC');
INSERT INTO Subtopic(id, topic) VALUES (40485, 30054);
INSERT INTO Taxon(id, name, level) VALUES (40486, 'inglise_keele_kultuuriruumi_kuuluvad_riigid', 'SUBTOPIC');
INSERT INTO Subtopic(id, topic) VALUES (40486, 30054);
INSERT INTO Taxon(id, name, level) VALUES (40487, 'kombed', 'SUBTOPIC');
INSERT INTO Subtopic(id, topic) VALUES (40487, 30054);
INSERT INTO Taxon(id, name, level) VALUES (40488, 'sümboolika', 'SUBTOPIC');
INSERT INTO Subtopic(id, topic) VALUES (40488, 30054);
INSERT INTO Taxon(id, name, level) VALUES (40489, 'sündmused_ja_saavutused', 'SUBTOPIC');
INSERT INTO Subtopic(id, topic) VALUES (40489, 30054);
INSERT INTO Taxon(id, name, level) VALUES (40490, 'tähtpäevad', 'SUBTOPIC');
INSERT INTO Subtopic(id, topic) VALUES (40490, 30054);
INSERT INTO Taxon(id, name, level) VALUES (40491, 'õpitavat_keelt_kõnelevad_riigid', 'SUBTOPIC');
INSERT INTO Subtopic(id, topic) VALUES (40491, 30054);
INSERT INTO Taxon(id, name, level) VALUES (40492, 'ametid', 'SUBTOPIC');
INSERT INTO Subtopic(id, topic) VALUES (40492, 30055);
INSERT INTO Taxon(id, name, level) VALUES (40493, 'arsti_juures', 'SUBTOPIC');
INSERT INTO Subtopic(id, topic) VALUES (40493, 30055);
INSERT INTO Taxon(id, name, level) VALUES (40494, 'edasiõppimine', 'SUBTOPIC');
INSERT INTO Subtopic(id, topic) VALUES (40494, 30055);
INSERT INTO Taxon(id, name, level) VALUES (40495, 'hügieeniharjumused', 'SUBTOPIC');
INSERT INTO Subtopic(id, topic) VALUES (40495, 30055);
INSERT INTO Taxon(id, name, level) VALUES (40496, 'kodused_toimingud', 'SUBTOPIC');
INSERT INTO Subtopic(id, topic) VALUES (40496, 30055);
INSERT INTO Taxon(id, name, level) VALUES (40497, 'kool_ja_klass,_koolipäev,_õppeained', 'SUBTOPIC');
INSERT INTO Subtopic(id, topic) VALUES (40497, 30055);
INSERT INTO Taxon(id, name, level) VALUES (40498, 'kutsevalik', 'SUBTOPIC');
INSERT INTO Subtopic(id, topic) VALUES (40498, 30055);
INSERT INTO Taxon(id, name, level) VALUES (40499, 'poeskäik', 'SUBTOPIC');
INSERT INTO Subtopic(id, topic) VALUES (40499, 30055);
INSERT INTO Taxon(id, name, level) VALUES (40500, 'suhtlemine_teeninduses', 'SUBTOPIC');
INSERT INTO Subtopic(id, topic) VALUES (40500, 30055);
INSERT INTO Taxon(id, name, level) VALUES (40501, 'söögikorrad', 'SUBTOPIC');
INSERT INTO Subtopic(id, topic) VALUES (40501, 30055);
INSERT INTO Taxon(id, name, level) VALUES (40502, 'tee_küsimine_ja_juhatamine', 'SUBTOPIC');
INSERT INTO Subtopic(id, topic) VALUES (40502, 30055);
INSERT INTO Taxon(id, name, level) VALUES (40503, 'tegevused_kodus_ja_koolis', 'SUBTOPIC');
INSERT INTO Subtopic(id, topic) VALUES (40503, 30055);
INSERT INTO Taxon(id, name, level) VALUES (40504, 'tervislik_eluviis_ja_toitumine', 'SUBTOPIC');
INSERT INTO Subtopic(id, topic) VALUES (40504, 30055);
INSERT INTO Taxon(id, name, level) VALUES (40505, 'turvaline_liiklemine', 'SUBTOPIC');
INSERT INTO Subtopic(id, topic) VALUES (40505, 30055);
INSERT INTO Taxon(id, name, level) VALUES (40506, 'turvalisus', 'SUBTOPIC');
INSERT INTO Subtopic(id, topic) VALUES (40506, 30055);
INSERT INTO Taxon(id, name, level) VALUES (40507, 'töökohad', 'SUBTOPIC');
INSERT INTO Subtopic(id, topic) VALUES (40507, 30055);
INSERT INTO Taxon(id, name, level) VALUES (40508, 'õpioskused_ja_-harjumused', 'SUBTOPIC');
INSERT INTO Subtopic(id, topic) VALUES (40508, 30055);
INSERT INTO Taxon(id, name, level) VALUES (40509, 'huvid', 'SUBTOPIC');
INSERT INTO Subtopic(id, topic) VALUES (40509, 30056);
INSERT INTO Taxon(id, name, level) VALUES (40510, 'kirjandus_ja_kunst', 'SUBTOPIC');
INSERT INTO Subtopic(id, topic) VALUES (40510, 30056);
INSERT INTO Taxon(id, name, level) VALUES (40511, 'kultuuriline_mitmekesisus', 'SUBTOPIC');
INSERT INTO Subtopic(id, topic) VALUES (40511, 30056);
INSERT INTO Taxon(id, name, level) VALUES (40512, 'lemmiktegevused,_eelistused', 'SUBTOPIC');
INSERT INTO Subtopic(id, topic) VALUES (40512, 30056);
INSERT INTO Taxon(id, name, level) VALUES (40513, 'meedia_ja_reklaam', 'SUBTOPIC');
INSERT INTO Subtopic(id, topic) VALUES (40513, 30056);
INSERT INTO Taxon(id, name, level) VALUES (40514, 'vaba_aja_veetmise_viisid', 'SUBTOPIC');
INSERT INTO Subtopic(id, topic) VALUES (40514, 30056);
INSERT INTO Taxon(id, name, level) VALUES (40515, 'enese_ja_kaaslaste_tutvustus', 'SUBTOPIC');
INSERT INTO Subtopic(id, topic) VALUES (40515, 30057);
INSERT INTO Taxon(id, name, level) VALUES (40516, 'enesetunne', 'SUBTOPIC');
INSERT INTO Subtopic(id, topic) VALUES (40516, 30057);
INSERT INTO Taxon(id, name, level) VALUES (40517, 'huvid_ja_võimed', 'SUBTOPIC');
INSERT INTO Subtopic(id, topic) VALUES (40517, 30057);
INSERT INTO Taxon(id, name, level) VALUES (40518, 'iseloom', 'SUBTOPIC');
INSERT INTO Subtopic(id, topic) VALUES (40518, 30057);
INSERT INTO Taxon(id, name, level) VALUES (40519, 'suhted', 'SUBTOPIC');
INSERT INTO Subtopic(id, topic) VALUES (40519, 30057);
INSERT INTO Taxon(id, name, level) VALUES (40520, 'sõbrad', 'SUBTOPIC');
INSERT INTO Subtopic(id, topic) VALUES (40520, 30057);
INSERT INTO Taxon(id, name, level) VALUES (40521, 'tervis', 'SUBTOPIC');
INSERT INTO Subtopic(id, topic) VALUES (40521, 30057);
INSERT INTO Taxon(id, name, level) VALUES (40522, 'välimus', 'SUBTOPIC');
INSERT INTO Subtopic(id, topic) VALUES (40522, 30057);
INSERT INTO Taxon(id, name, level) VALUES (40523, 'ühised_tegevused', 'SUBTOPIC');
INSERT INTO Subtopic(id, topic) VALUES (40523, 30057);
INSERT INTO Taxon(id, name, level) VALUES (40524, 'kodu_asukoht', 'SUBTOPIC');
INSERT INTO Subtopic(id, topic) VALUES (40524, 30058);
INSERT INTO Taxon(id, name, level) VALUES (40525, 'kodu_ja_koduümbrus', 'SUBTOPIC');
INSERT INTO Subtopic(id, topic) VALUES (40525, 30058);
INSERT INTO Taxon(id, name, level) VALUES (40526, 'kodukoha_vaatamisväärsused', 'SUBTOPIC');
INSERT INTO Subtopic(id, topic) VALUES (40526, 30058);
INSERT INTO Taxon(id, name, level) VALUES (40527, 'kodused_tööd_ja_tegemised', 'SUBTOPIC');
INSERT INTO Subtopic(id, topic) VALUES (40527, 30058);
INSERT INTO Taxon(id, name, level) VALUES (40528, 'perekondlikud_sündmused', 'SUBTOPIC');
INSERT INTO Subtopic(id, topic) VALUES (40528, 30058);
INSERT INTO Taxon(id, name, level) VALUES (40529, 'pereliikmed_ja_sugulased', 'SUBTOPIC');
INSERT INTO Subtopic(id, topic) VALUES (40529, 30058);
INSERT INTO Taxon(id, name, level) VALUES (40530, 'tegevusalad', 'SUBTOPIC');
INSERT INTO Subtopic(id, topic) VALUES (40530, 30058);
INSERT INTO Taxon(id, name, level) VALUES (40531, 'tähtpäevad', 'SUBTOPIC');
INSERT INTO Subtopic(id, topic) VALUES (40531, 30058);
INSERT INTO Taxon(id, name, level) VALUES (40532, 'elukeskkond', 'SUBTOPIC');
INSERT INTO Subtopic(id, topic) VALUES (40532, 30059);
INSERT INTO Taxon(id, name, level) VALUES (40533, 'geograafiline_keskkond', 'SUBTOPIC');
INSERT INTO Subtopic(id, topic) VALUES (40533, 30059);
INSERT INTO Taxon(id, name, level) VALUES (40534, 'tehnoloogia', 'SUBTOPIC');
INSERT INTO Subtopic(id, topic) VALUES (40534, 30059);
INSERT INTO Taxon(id, name, level) VALUES (40535, 'aastaajad_ja_ilm', 'SUBTOPIC');
INSERT INTO Subtopic(id, topic) VALUES (40535, 30060);
INSERT INTO Taxon(id, name, level) VALUES (40536, 'Eesti_asukoht_ja_sümboolika', 'SUBTOPIC');
INSERT INTO Subtopic(id, topic) VALUES (40536, 30060);
INSERT INTO Taxon(id, name, level) VALUES (40537, 'Eesti_ja_teised_riigid', 'SUBTOPIC');
INSERT INTO Subtopic(id, topic) VALUES (40537, 30060);
INSERT INTO Taxon(id, name, level) VALUES (40538, 'eesti_keel_ja_eesti_meel', 'SUBTOPIC');
INSERT INTO Subtopic(id, topic) VALUES (40538, 30060);
INSERT INTO Taxon(id, name, level) VALUES (40539, 'Eesti_riik_ja_rahvas', 'SUBTOPIC');
INSERT INTO Subtopic(id, topic) VALUES (40539, 30060);
INSERT INTO Taxon(id, name, level) VALUES (40540, 'Eesti_vaatamisväärsused', 'SUBTOPIC');
INSERT INTO Subtopic(id, topic) VALUES (40540, 30060);
INSERT INTO Taxon(id, name, level) VALUES (40541, 'elu_linnas_ja_maal', 'SUBTOPIC');
INSERT INTO Subtopic(id, topic) VALUES (40541, 30060);
INSERT INTO Taxon(id, name, level) VALUES (40542, 'loodus', 'SUBTOPIC');
INSERT INTO Subtopic(id, topic) VALUES (40542, 30060);
INSERT INTO Taxon(id, name, level) VALUES (40543, 'rahvused', 'SUBTOPIC');
INSERT INTO Subtopic(id, topic) VALUES (40543, 30060);
INSERT INTO Taxon(id, name, level) VALUES (40544, 'riik,_pealinn', 'SUBTOPIC');
INSERT INTO Subtopic(id, topic) VALUES (40544, 30060);
INSERT INTO Taxon(id, name, level) VALUES (40545, 'looming:_kirjandus,_kunst,_muusika,_arhitektuur', 'SUBTOPIC');
INSERT INTO Subtopic(id, topic) VALUES (40545, 30061);
INSERT INTO Taxon(id, name, level) VALUES (40546, 'rahvakultuur_ja_traditsioonid', 'SUBTOPIC');
INSERT INTO Subtopic(id, topic) VALUES (40546, 30061);
INSERT INTO Taxon(id, name, level) VALUES (40547, 'elukutsed', 'SUBTOPIC');
INSERT INTO Subtopic(id, topic) VALUES (40547, 30062);
INSERT INTO Taxon(id, name, level) VALUES (40548, 'esemed_kodus_ja_koolis', 'SUBTOPIC');
INSERT INTO Subtopic(id, topic) VALUES (40548, 30062);
INSERT INTO Taxon(id, name, level) VALUES (40549, 'haridus', 'SUBTOPIC');
INSERT INTO Subtopic(id, topic) VALUES (40549, 30062);
INSERT INTO Taxon(id, name, level) VALUES (40550, 'kool', 'SUBTOPIC');
INSERT INTO Subtopic(id, topic) VALUES (40550, 30062);
INSERT INTO Taxon(id, name, level) VALUES (40551, 'pere_ja_kasvatus', 'SUBTOPIC');
INSERT INTO Subtopic(id, topic) VALUES (40551, 30062);
INSERT INTO Taxon(id, name, level) VALUES (40552, 'suhtlemine_teeninduses', 'SUBTOPIC');
INSERT INTO Subtopic(id, topic) VALUES (40552, 30062);
INSERT INTO Taxon(id, name, level) VALUES (40553, 'tee_küsimine_ja_juhatamine', 'SUBTOPIC');
INSERT INTO Subtopic(id, topic) VALUES (40553, 30062);
INSERT INTO Taxon(id, name, level) VALUES (40554, 'tegevused_kodus_ja_koolis', 'SUBTOPIC');
INSERT INTO Subtopic(id, topic) VALUES (40554, 30062);
INSERT INTO Taxon(id, name, level) VALUES (40555, 'tervislik_eluviis', 'SUBTOPIC');
INSERT INTO Subtopic(id, topic) VALUES (40555, 30062);
INSERT INTO Taxon(id, name, level) VALUES (40556, 'tööelu', 'SUBTOPIC');
INSERT INTO Subtopic(id, topic) VALUES (40556, 30062);
INSERT INTO Taxon(id, name, level) VALUES (40557, 'huvid', 'SUBTOPIC');
INSERT INTO Subtopic(id, topic) VALUES (40557, 30063);
INSERT INTO Taxon(id, name, level) VALUES (40558, 'meediavahendid', 'SUBTOPIC');
INSERT INTO Subtopic(id, topic) VALUES (40558, 30063);
INSERT INTO Taxon(id, name, level) VALUES (40559, 'vaba_aeg', 'SUBTOPIC');
INSERT INTO Subtopic(id, topic) VALUES (40559, 30063);
INSERT INTO Taxon(id, name, level) VALUES (40560, 'slaavi_keelt_kõnelevate_riikide_ajalugu_ja_kultuur', 'SUBTOPIC');
INSERT INTO Subtopic(id, topic) VALUES (40560, 30064);
INSERT INTO Taxon(id, name, level) VALUES (40561, 'slaavi_keelt_kõnelevate_riikide_sümboolika', 'SUBTOPIC');
INSERT INTO Subtopic(id, topic) VALUES (40561, 30064);
INSERT INTO Taxon(id, name, level) VALUES (40562, 'teised_tuntumad_riigid', 'SUBTOPIC');
INSERT INTO Subtopic(id, topic) VALUES (40562, 30064);
INSERT INTO Taxon(id, name, level) VALUES (40563, 'inimene_kui_indiviid', 'SUBTOPIC');
INSERT INTO Subtopic(id, topic) VALUES (40563, 30065);
INSERT INTO Taxon(id, name, level) VALUES (40564, 'inimene_kui_looduse_osa', 'SUBTOPIC');
INSERT INTO Subtopic(id, topic) VALUES (40564, 30065);
INSERT INTO Taxon(id, name, level) VALUES (40565, 'majanduselu_ja_sotsiaalsfäär', 'SUBTOPIC');
INSERT INTO Subtopic(id, topic) VALUES (40565, 30065);
INSERT INTO Taxon(id, name, level) VALUES (40566, 'suhtlusvahendid', 'SUBTOPIC');
INSERT INTO Subtopic(id, topic) VALUES (40566, 30065);
INSERT INTO Taxon(id, name, level) VALUES (40567, 'arvsõna_ja_mõõtühikud', 'SUBTOPIC');
INSERT INTO Subtopic(id, topic) VALUES (40567, 30066);
INSERT INTO Taxon(id, name, level) VALUES (40568, 'asesõna', 'SUBTOPIC');
INSERT INTO Subtopic(id, topic) VALUES (40568, 30066);
INSERT INTO Taxon(id, name, level) VALUES (40569, 'eessõnad_в,_на,_из,_c,_у,_к,_о', 'SUBTOPIC');
INSERT INTO Subtopic(id, topic) VALUES (40569, 30066);
INSERT INTO Taxon(id, name, level) VALUES (40570, 'hääldamine_ja_õigekiri', 'SUBTOPIC');
INSERT INTO Subtopic(id, topic) VALUES (40570, 30066);
INSERT INTO Taxon(id, name, level) VALUES (40571, 'käändsõnad,_käänamine', 'SUBTOPIC');
INSERT INTO Subtopic(id, topic) VALUES (40571, 30066);
INSERT INTO Taxon(id, name, level) VALUES (40572, 'lauseõpetus', 'SUBTOPIC');
INSERT INTO Subtopic(id, topic) VALUES (40572, 30066);
INSERT INTO Taxon(id, name, level) VALUES (40573, 'määrsõna', 'SUBTOPIC');
INSERT INTO Subtopic(id, topic) VALUES (40573, 30066);
INSERT INTO Taxon(id, name, level) VALUES (40574, 'nimisõna', 'SUBTOPIC');
INSERT INTO Subtopic(id, topic) VALUES (40574, 30066);
INSERT INTO Taxon(id, name, level) VALUES (40575, 'omadussõna', 'SUBTOPIC');
INSERT INTO Subtopic(id, topic) VALUES (40575, 30066);
INSERT INTO Taxon(id, name, level) VALUES (40576, 'sidesõna', 'SUBTOPIC');
INSERT INTO Subtopic(id, topic) VALUES (40576, 30066);
INSERT INTO Taxon(id, name, level) VALUES (40577, 'sõnatuletus_ja_lausemoodustus', 'SUBTOPIC');
INSERT INTO Subtopic(id, topic) VALUES (40577, 30066);
INSERT INTO Taxon(id, name, level) VALUES (40578, 'tegusõna,_pööramine_ja_ajavormid', 'SUBTOPIC');
INSERT INTO Subtopic(id, topic) VALUES (40578, 30066);
INSERT INTO Taxon(id, name, level) VALUES (40579, 'tähestik', 'SUBTOPIC');
INSERT INTO Subtopic(id, topic) VALUES (40579, 30066);
INSERT INTO Taxon(id, name, level) VALUES (40580, 'õigekiri', 'SUBTOPIC');
INSERT INTO Subtopic(id, topic) VALUES (40580, 30066);
INSERT INTO Taxon(id, name, level) VALUES (40581, 'A1', 'SUBTOPIC');
INSERT INTO Subtopic(id, topic) VALUES (40581, 30067);
INSERT INTO Taxon(id, name, level) VALUES (40582, 'A2', 'SUBTOPIC');
INSERT INTO Subtopic(id, topic) VALUES (40582, 30067);
INSERT INTO Taxon(id, name, level) VALUES (40583, 'B1', 'SUBTOPIC');
INSERT INTO Subtopic(id, topic) VALUES (40583, 30067);
INSERT INTO Taxon(id, name, level) VALUES (40584, 'B2', 'SUBTOPIC');
INSERT INTO Subtopic(id, topic) VALUES (40584, 30067);
INSERT INTO Taxon(id, name, level) VALUES (40585, 'arvsõna', 'SUBTOPIC');
INSERT INTO Subtopic(id, topic) VALUES (40585, 30068);
INSERT INTO Taxon(id, name, level) VALUES (40586, 'asesõna', 'SUBTOPIC');
INSERT INTO Subtopic(id, topic) VALUES (40586, 30068);
INSERT INTO Taxon(id, name, level) VALUES (40587, 'eessõna', 'SUBTOPIC');
INSERT INTO Subtopic(id, topic) VALUES (40587, 30068);
INSERT INTO Taxon(id, name, level) VALUES (40588, 'lauseõpetus', 'SUBTOPIC');
INSERT INTO Subtopic(id, topic) VALUES (40588, 30068);
INSERT INTO Taxon(id, name, level) VALUES (40589, 'määrsõna', 'SUBTOPIC');
INSERT INTO Subtopic(id, topic) VALUES (40589, 30068);
INSERT INTO Taxon(id, name, level) VALUES (40590, 'nimisõna', 'SUBTOPIC');
INSERT INTO Subtopic(id, topic) VALUES (40590, 30068);
INSERT INTO Taxon(id, name, level) VALUES (40591, 'omadussõna', 'SUBTOPIC');
INSERT INTO Subtopic(id, topic) VALUES (40591, 30068);
INSERT INTO Taxon(id, name, level) VALUES (40592, 'sõnatuletus', 'SUBTOPIC');
INSERT INTO Subtopic(id, topic) VALUES (40592, 30068);
INSERT INTO Taxon(id, name, level) VALUES (40593, 'tegusõna', 'SUBTOPIC');
INSERT INTO Subtopic(id, topic) VALUES (40593, 30068);
INSERT INTO Taxon(id, name, level) VALUES (40594, 'kirjutamine', 'SUBTOPIC');
INSERT INTO Subtopic(id, topic) VALUES (40594, 30069);
INSERT INTO Taxon(id, name, level) VALUES (40595, 'kuulamine', 'SUBTOPIC');
INSERT INTO Subtopic(id, topic) VALUES (40595, 30069);
INSERT INTO Taxon(id, name, level) VALUES (40596, 'lugemine', 'SUBTOPIC');
INSERT INTO Subtopic(id, topic) VALUES (40596, 30069);
INSERT INTO Taxon(id, name, level) VALUES (40597, 'rääkimine', 'SUBTOPIC');
INSERT INTO Subtopic(id, topic) VALUES (40597, 30069);
INSERT INTO Taxon(id, name, level) VALUES (40598, 'A1', 'SUBTOPIC');
INSERT INTO Subtopic(id, topic) VALUES (40598, 30070);
INSERT INTO Taxon(id, name, level) VALUES (40599, 'A2', 'SUBTOPIC');
INSERT INTO Subtopic(id, topic) VALUES (40599, 30070);
INSERT INTO Taxon(id, name, level) VALUES (40600, 'B1', 'SUBTOPIC');
INSERT INTO Subtopic(id, topic) VALUES (40600, 30070);
INSERT INTO Taxon(id, name, level) VALUES (40601, 'B2', 'SUBTOPIC');
INSERT INTO Subtopic(id, topic) VALUES (40601, 30070);
INSERT INTO Taxon(id, name, level) VALUES (40602, 'arvsõna', 'SUBTOPIC');
INSERT INTO Subtopic(id, topic) VALUES (40602, 30071);
INSERT INTO Taxon(id, name, level) VALUES (40603, 'asesõna', 'SUBTOPIC');
INSERT INTO Subtopic(id, topic) VALUES (40603, 30071);
INSERT INTO Taxon(id, name, level) VALUES (40604, 'eessõna', 'SUBTOPIC');
INSERT INTO Subtopic(id, topic) VALUES (40604, 30071);
INSERT INTO Taxon(id, name, level) VALUES (40605, 'lauseõpetus', 'SUBTOPIC');
INSERT INTO Subtopic(id, topic) VALUES (40605, 30071);
INSERT INTO Taxon(id, name, level) VALUES (40606, 'määrsõna', 'SUBTOPIC');
INSERT INTO Subtopic(id, topic) VALUES (40606, 30071);
INSERT INTO Taxon(id, name, level) VALUES (40607, 'nimisõna', 'SUBTOPIC');
INSERT INTO Subtopic(id, topic) VALUES (40607, 30071);
INSERT INTO Taxon(id, name, level) VALUES (40608, 'omadussõna', 'SUBTOPIC');
INSERT INTO Subtopic(id, topic) VALUES (40608, 30071);
INSERT INTO Taxon(id, name, level) VALUES (40609, 'sõnatuletus', 'SUBTOPIC');
INSERT INTO Subtopic(id, topic) VALUES (40609, 30071);
INSERT INTO Taxon(id, name, level) VALUES (40610, 'tegusõna', 'SUBTOPIC');
INSERT INTO Subtopic(id, topic) VALUES (40610, 30071);
INSERT INTO Taxon(id, name, level) VALUES (40611, 'kirjutamine', 'SUBTOPIC');
INSERT INTO Subtopic(id, topic) VALUES (40611, 30072);
INSERT INTO Taxon(id, name, level) VALUES (40612, 'kuulamine', 'SUBTOPIC');
INSERT INTO Subtopic(id, topic) VALUES (40612, 30072);
INSERT INTO Taxon(id, name, level) VALUES (40613, 'lugemine', 'SUBTOPIC');
INSERT INTO Subtopic(id, topic) VALUES (40613, 30072);
INSERT INTO Taxon(id, name, level) VALUES (40614, 'rääkimine', 'SUBTOPIC');
INSERT INTO Subtopic(id, topic) VALUES (40614, 30072);
INSERT INTO Taxon(id, name, level) VALUES (40615, 'aeg', 'SUBTOPIC');
INSERT INTO Subtopic(id, topic) VALUES (40615, 30073);
INSERT INTO Taxon(id, name, level) VALUES (40616, 'alg-_ja_kordarvud', 'SUBTOPIC');
INSERT INTO Subtopic(id, topic) VALUES (40616, 30073);
INSERT INTO Taxon(id, name, level) VALUES (40617, 'algarvud', 'SUBTOPIC');
INSERT INTO Subtopic(id, topic) VALUES (40617, 30073);
INSERT INTO Taxon(id, name, level) VALUES (40618, 'andmete_kujutamine_diagrammina', 'SUBTOPIC');
INSERT INTO Subtopic(id, topic) VALUES (40618, 30073);
INSERT INTO Taxon(id, name, level) VALUES (40619, 'aritmeetiline_keskmine', 'SUBTOPIC');
INSERT INTO Subtopic(id, topic) VALUES (40619, 30073);
INSERT INTO Taxon(id, name, level) VALUES (40620, 'aritmeetilised_tehted_ratsionaalarvudega', 'SUBTOPIC');
INSERT INTO Subtopic(id, topic) VALUES (40620, 30073);
INSERT INTO Taxon(id, name, level) VALUES (40621, 'arv_kuubis', 'SUBTOPIC');
INSERT INTO Subtopic(id, topic) VALUES (40621, 30073);
INSERT INTO Taxon(id, name, level) VALUES (40622, 'arv_ruudus', 'SUBTOPIC');
INSERT INTO Subtopic(id, topic) VALUES (40622, 30073);
INSERT INTO Taxon(id, name, level) VALUES (40623, 'arvandmete_kogumine_ja_süstematiseerimine', 'SUBTOPIC');
INSERT INTO Subtopic(id, topic) VALUES (40623, 30073);
INSERT INTO Taxon(id, name, level) VALUES (40624, 'arvtelg', 'SUBTOPIC');
INSERT INTO Subtopic(id, topic) VALUES (40624, 30073);
INSERT INTO Taxon(id, name, level) VALUES (40625, 'arvu_10_astmed', 'SUBTOPIC');
INSERT INTO Subtopic(id, topic) VALUES (40625, 30073);
INSERT INTO Taxon(id, name, level) VALUES (40626, 'arvu_absoluutväärtus', 'SUBTOPIC');
INSERT INTO Subtopic(id, topic) VALUES (40626, 30073);
INSERT INTO Taxon(id, name, level) VALUES (40627, 'arvu_standardkuju', 'SUBTOPIC');
INSERT INTO Subtopic(id, topic) VALUES (40627, 30073);
INSERT INTO Taxon(id, name, level) VALUES (40628, 'arvuteooria_alged', 'SUBTOPIC');
INSERT INTO Subtopic(id, topic) VALUES (40628, 30073);
INSERT INTO Taxon(id, name, level) VALUES (40629, 'arvutiprogrammide_kasutamine', 'SUBTOPIC');
INSERT INTO Subtopic(id, topic) VALUES (40629, 30073);
INSERT INTO Taxon(id, name, level) VALUES (40630, 'arvutusoskus', 'SUBTOPIC');
INSERT INTO Subtopic(id, topic) VALUES (40630, 30073);
INSERT INTO Taxon(id, name, level) VALUES (40631, 'astendamine_täisarvulise_astendajaga', 'SUBTOPIC');
INSERT INTO Subtopic(id, topic) VALUES (40631, 30073);
INSERT INTO Taxon(id, name, level) VALUES (40632, 'geomeetrised_kujundid', 'SUBTOPIC');
INSERT INTO Subtopic(id, topic) VALUES (40632, 30073);
INSERT INTO Taxon(id, name, level) VALUES (40633, 'hariliku_murru_teisendamine', 'SUBTOPIC');
INSERT INTO Subtopic(id, topic) VALUES (40633, 30073);
INSERT INTO Taxon(id, name, level) VALUES (40634, 'harilikud_murrud', 'SUBTOPIC');
INSERT INTO Subtopic(id, topic) VALUES (40634, 30073);
INSERT INTO Taxon(id, name, level) VALUES (40635, 'hoiused', 'SUBTOPIC');
INSERT INTO Subtopic(id, topic) VALUES (40635, 30073);
INSERT INTO Taxon(id, name, level) VALUES (40636, 'intress', 'SUBTOPIC');
INSERT INTO Subtopic(id, topic) VALUES (40636, 30073);
INSERT INTO Taxon(id, name, level) VALUES (40637, 'jaguvustunnused', 'SUBTOPIC');
INSERT INTO Subtopic(id, topic) VALUES (40637, 30073);
INSERT INTO Taxon(id, name, level) VALUES (40638, 'juhuslikkus', 'SUBTOPIC');
INSERT INTO Subtopic(id, topic) VALUES (40638, 30073);
INSERT INTO Taxon(id, name, level) VALUES (40639, 'keskmine_hälve', 'SUBTOPIC');
INSERT INTO Subtopic(id, topic) VALUES (40639, 30073);
INSERT INTO Taxon(id, name, level) VALUES (40640, 'kiirus', 'SUBTOPIC');
INSERT INTO Subtopic(id, topic) VALUES (40640, 30073);
INSERT INTO Taxon(id, name, level) VALUES (40641, 'kirjalik_arvutamine', 'SUBTOPIC');
INSERT INTO Subtopic(id, topic) VALUES (40641, 30073);
INSERT INTO Taxon(id, name, level) VALUES (40642, 'kordarvud', 'SUBTOPIC');
INSERT INTO Subtopic(id, topic) VALUES (40642, 30073);
INSERT INTO Taxon(id, name, level) VALUES (40643, 'kõige_sagedamini_esinev_väärtus', 'SUBTOPIC');
INSERT INTO Subtopic(id, topic) VALUES (40643, 30073);
INSERT INTO Taxon(id, name, level) VALUES (40644, 'kümnendmurru_teisendamine', 'SUBTOPIC');
INSERT INTO Subtopic(id, topic) VALUES (40644, 30073);
INSERT INTO Taxon(id, name, level) VALUES (40645, 'kümnendmurrud', 'SUBTOPIC');
INSERT INTO Subtopic(id, topic) VALUES (40645, 30073);
INSERT INTO Taxon(id, name, level) VALUES (40646, 'ligikaudsed_arvud', 'SUBTOPIC');
INSERT INTO Subtopic(id, topic) VALUES (40646, 30073);
INSERT INTO Taxon(id, name, level) VALUES (40647, 'lihtsamad_empiirilised_graafikud', 'SUBTOPIC');
INSERT INTO Subtopic(id, topic) VALUES (40647, 30073);
INSERT INTO Taxon(id, name, level) VALUES (40648, 'majandusülesanded', 'SUBTOPIC');
INSERT INTO Subtopic(id, topic) VALUES (40648, 30073);
INSERT INTO Taxon(id, name, level) VALUES (40649, 'mass', 'SUBTOPIC');
INSERT INTO Subtopic(id, topic) VALUES (40649, 30073);
INSERT INTO Taxon(id, name, level) VALUES (40650, 'mediaan', 'SUBTOPIC');
INSERT INTO Subtopic(id, topic) VALUES (40650, 30073);
INSERT INTO Taxon(id, name, level) VALUES (40651, 'mood', 'SUBTOPIC');
INSERT INTO Subtopic(id, topic) VALUES (40651, 30073);
INSERT INTO Taxon(id, name, level) VALUES (40652, 'mõõtmine_ja_mõõtühikud', 'SUBTOPIC');
INSERT INTO Subtopic(id, topic) VALUES (40652, 30073);
INSERT INTO Taxon(id, name, level) VALUES (40653, 'naturaalarvu_vastandarv_ja_pöördarv', 'SUBTOPIC');
INSERT INTO Subtopic(id, topic) VALUES (40653, 30073);
INSERT INTO Taxon(id, name, level) VALUES (40654, 'naturaalarvud', 'SUBTOPIC');
INSERT INTO Subtopic(id, topic) VALUES (40654, 30073);
INSERT INTO Taxon(id, name, level) VALUES (40655, 'negatiivse_astendajaga_aste', 'SUBTOPIC');
INSERT INTO Subtopic(id, topic) VALUES (40655, 30073);
INSERT INTO Taxon(id, name, level) VALUES (40656, 'negatiivsed_arvud', 'SUBTOPIC');
INSERT INTO Subtopic(id, topic) VALUES (40656, 30073);
INSERT INTO Taxon(id, name, level) VALUES (40657, 'neli_põhitehet_täis-_ja_ratsionaalarvudega', 'SUBTOPIC');
INSERT INTO Subtopic(id, topic) VALUES (40657, 30073);
INSERT INTO Taxon(id, name, level) VALUES (40658, 'nurk', 'SUBTOPIC');
INSERT INTO Subtopic(id, topic) VALUES (40658, 30073);
INSERT INTO Taxon(id, name, level) VALUES (40659, 'ost_ja_müük', 'SUBTOPIC');
INSERT INTO Subtopic(id, topic) VALUES (40659, 30073);
INSERT INTO Taxon(id, name, level) VALUES (40660, 'paaris-_ja_paaritud_arvud', 'SUBTOPIC');
INSERT INTO Subtopic(id, topic) VALUES (40660, 30073);
INSERT INTO Taxon(id, name, level) VALUES (40661, 'peastarvutus', 'SUBTOPIC');
INSERT INTO Subtopic(id, topic) VALUES (40661, 30073);
INSERT INTO Taxon(id, name, level) VALUES (40662, 'pikkus', 'SUBTOPIC');
INSERT INTO Subtopic(id, topic) VALUES (40662, 30073);
INSERT INTO Taxon(id, name, level) VALUES (40663, 'pindala', 'SUBTOPIC');
INSERT INTO Subtopic(id, topic) VALUES (40663, 30073);
INSERT INTO Taxon(id, name, level) VALUES (40664, 'pindala_arvutamine', 'SUBTOPIC');
INSERT INTO Subtopic(id, topic) VALUES (40664, 30073);
INSERT INTO Taxon(id, name, level) VALUES (40665, 'protsentarvutus', 'SUBTOPIC');
INSERT INTO Subtopic(id, topic) VALUES (40665, 30073);
INSERT INTO Taxon(id, name, level) VALUES (40666, 'rahalised_väärtused', 'SUBTOPIC');
INSERT INTO Subtopic(id, topic) VALUES (40666, 30073);
INSERT INTO Taxon(id, name, level) VALUES (40667, 'ristkoordinaadid_tasandil', 'SUBTOPIC');
INSERT INTO Subtopic(id, topic) VALUES (40667, 30073);
INSERT INTO Taxon(id, name, level) VALUES (40668, 'roomanumbrid', 'SUBTOPIC');
INSERT INTO Subtopic(id, topic) VALUES (40668, 30073);
INSERT INTO Taxon(id, name, level) VALUES (40669, 'ruumala', 'SUBTOPIC');
INSERT INTO Subtopic(id, topic) VALUES (40669, 30073);
INSERT INTO Taxon(id, name, level) VALUES (40670, 'ruumala_arvutamine', 'SUBTOPIC');
INSERT INTO Subtopic(id, topic) VALUES (40670, 30073);
INSERT INTO Taxon(id, name, level) VALUES (40671, 'ruutjuur', 'SUBTOPIC');
INSERT INTO Subtopic(id, topic) VALUES (40671, 30073);
INSERT INTO Taxon(id, name, level) VALUES (40672, 'ruutvõrrandi_lahendite_omadused', 'SUBTOPIC');
INSERT INTO Subtopic(id, topic) VALUES (40672, 30073);
INSERT INTO Taxon(id, name, level) VALUES (40673, 'sagedus', 'SUBTOPIC');
INSERT INTO Subtopic(id, topic) VALUES (40673, 30073);
INSERT INTO Taxon(id, name, level) VALUES (40674, 'sagedustabel', 'SUBTOPIC');
INSERT INTO Subtopic(id, topic) VALUES (40674, 30073);
INSERT INTO Taxon(id, name, level) VALUES (40675, 'statistilise_kogumi_karakteristikud', 'SUBTOPIC');
INSERT INTO Subtopic(id, topic) VALUES (40675, 30073);
INSERT INTO Taxon(id, name, level) VALUES (40676, 'suhteline_sagedus', 'SUBTOPIC');
INSERT INTO Subtopic(id, topic) VALUES (40676, 30073);
INSERT INTO Taxon(id, name, level) VALUES (40677, 'suurim_ühistegur', 'SUBTOPIC');
INSERT INTO Subtopic(id, topic) VALUES (40677, 30073);
INSERT INTO Taxon(id, name, level) VALUES (40678, 'taskuarvutiga_arvutamine', 'SUBTOPIC');
INSERT INTO Subtopic(id, topic) VALUES (40678, 30073);
INSERT INTO Taxon(id, name, level) VALUES (40679, 'tõenäosuse_arvutamine', 'SUBTOPIC');
INSERT INTO Subtopic(id, topic) VALUES (40679, 30073);
INSERT INTO Taxon(id, name, level) VALUES (40680, 'tõenäosuse_mõiste', 'SUBTOPIC');
INSERT INTO Subtopic(id, topic) VALUES (40680, 30073);
INSERT INTO Taxon(id, name, level) VALUES (40681, 'täisarvud', 'SUBTOPIC');
INSERT INTO Subtopic(id, topic) VALUES (40681, 30073);
INSERT INTO Taxon(id, name, level) VALUES (40682, 'vähim_ühiskordne', 'SUBTOPIC');
INSERT INTO Subtopic(id, topic) VALUES (40682, 30073);
INSERT INTO Taxon(id, name, level) VALUES (40683, 'ümbermõõt', 'SUBTOPIC');
INSERT INTO Subtopic(id, topic) VALUES (40683, 30073);
INSERT INTO Taxon(id, name, level) VALUES (40684, 'arvutiprogrammide_kasutamine', 'SUBTOPIC');
INSERT INTO Subtopic(id, topic) VALUES (40684, 30074);
INSERT INTO Taxon(id, name, level) VALUES (40685, 'hulknurgad', 'SUBTOPIC');
INSERT INTO Subtopic(id, topic) VALUES (40685, 30074);
INSERT INTO Taxon(id, name, level) VALUES (40686, 'hulknurkade_sarnasus', 'SUBTOPIC');
INSERT INTO Subtopic(id, topic) VALUES (40686, 30074);
INSERT INTO Taxon(id, name, level) VALUES (40687, 'hulktahukad', 'SUBTOPIC');
INSERT INTO Subtopic(id, topic) VALUES (40687, 30074);
INSERT INTO Taxon(id, name, level) VALUES (40688, 'joonlaud', 'SUBTOPIC');
INSERT INTO Subtopic(id, topic) VALUES (40688, 30074);
INSERT INTO Taxon(id, name, level) VALUES (40689, 'kera', 'SUBTOPIC');
INSERT INTO Subtopic(id, topic) VALUES (40689, 30074);
INSERT INTO Taxon(id, name, level) VALUES (40690, 'kesknurk', 'SUBTOPIC');
INSERT INTO Subtopic(id, topic) VALUES (40690, 30074);
INSERT INTO Taxon(id, name, level) VALUES (40691, 'kiir', 'SUBTOPIC');
INSERT INTO Subtopic(id, topic) VALUES (40691, 30074);
INSERT INTO Taxon(id, name, level) VALUES (40692, 'kiirteteoreem_ja_selle_järeldus', 'SUBTOPIC');
INSERT INTO Subtopic(id, topic) VALUES (40692, 30074);
INSERT INTO Taxon(id, name, level) VALUES (40693, 'kolmnurga_ja_trapetsi_kesklõik', 'SUBTOPIC');
INSERT INTO Subtopic(id, topic) VALUES (40693, 30074);
INSERT INTO Taxon(id, name, level) VALUES (40694, 'kolmnurga_joonestamine', 'SUBTOPIC');
INSERT INTO Subtopic(id, topic) VALUES (40694, 30074);
INSERT INTO Taxon(id, name, level) VALUES (40695, 'kolmnurga_mediaanide_omadus', 'SUBTOPIC');
INSERT INTO Subtopic(id, topic) VALUES (40695, 30074);
INSERT INTO Taxon(id, name, level) VALUES (40696, 'kolmnurga_nurkade_summa', 'SUBTOPIC');
INSERT INTO Subtopic(id, topic) VALUES (40696, 30074);
INSERT INTO Taxon(id, name, level) VALUES (40697, 'kolmnurga_pindala', 'SUBTOPIC');
INSERT INTO Subtopic(id, topic) VALUES (40697, 30074);
INSERT INTO Taxon(id, name, level) VALUES (40698, 'kolmnurga_ümbermõõt', 'SUBTOPIC');
INSERT INTO Subtopic(id, topic) VALUES (40698, 30074);
INSERT INTO Taxon(id, name, level) VALUES (40699, 'kolmnurk', 'SUBTOPIC');
INSERT INTO Subtopic(id, topic) VALUES (40699, 30074);
INSERT INTO Taxon(id, name, level) VALUES (40700, 'kolmnurkade_liigitamine', 'SUBTOPIC');
INSERT INTO Subtopic(id, topic) VALUES (40700, 30074);
INSERT INTO Taxon(id, name, level) VALUES (40701, 'kolmnurkade_sarnasuse_tunnused', 'SUBTOPIC');
INSERT INTO Subtopic(id, topic) VALUES (40701, 30074);
INSERT INTO Taxon(id, name, level) VALUES (40702, 'kolmnurkade_võrdsuse_tunnused', 'SUBTOPIC');
INSERT INTO Subtopic(id, topic) VALUES (40702, 30074);
INSERT INTO Taxon(id, name, level) VALUES (40703, 'kolmnurkne_püstprisma', 'SUBTOPIC');
INSERT INTO Subtopic(id, topic) VALUES (40703, 30074);
INSERT INTO Taxon(id, name, level) VALUES (40704, 'koonus', 'SUBTOPIC');
INSERT INTO Subtopic(id, topic) VALUES (40704, 30074);
INSERT INTO Taxon(id, name, level) VALUES (40705, 'korrapärane_hulknurk', 'SUBTOPIC');
INSERT INTO Subtopic(id, topic) VALUES (40705, 30074);
INSERT INTO Taxon(id, name, level) VALUES (40706, 'kuup', 'SUBTOPIC');
INSERT INTO Subtopic(id, topic) VALUES (40706, 30074);
INSERT INTO Taxon(id, name, level) VALUES (40707, 'kõrvunurgad', 'SUBTOPIC');
INSERT INTO Subtopic(id, topic) VALUES (40707, 30074);
INSERT INTO Taxon(id, name, level) VALUES (40708, 'kõrvunurgad_ja_tippnurgad', 'SUBTOPIC');
INSERT INTO Subtopic(id, topic) VALUES (40708, 30074);
INSERT INTO Taxon(id, name, level) VALUES (40709, 'lõigu_keskristsirge_ja_nurgapoolitaja', 'SUBTOPIC');
INSERT INTO Subtopic(id, topic) VALUES (40709, 30074);
INSERT INTO Taxon(id, name, level) VALUES (40710, 'lõik', 'SUBTOPIC');
INSERT INTO Subtopic(id, topic) VALUES (40710, 30074);
INSERT INTO Taxon(id, name, level) VALUES (40711, 'maa-alade_plaanistamine', 'SUBTOPIC');
INSERT INTO Subtopic(id, topic) VALUES (40711, 30074);
INSERT INTO Taxon(id, name, level) VALUES (40712, 'mall', 'SUBTOPIC');
INSERT INTO Subtopic(id, topic) VALUES (40712, 30074);
INSERT INTO Taxon(id, name, level) VALUES (40713, 'nurk', 'SUBTOPIC');
INSERT INTO Subtopic(id, topic) VALUES (40713, 30074);
INSERT INTO Taxon(id, name, level) VALUES (40714, 'nurkade_liigitamine', 'SUBTOPIC');
INSERT INTO Subtopic(id, topic) VALUES (40714, 30074);
INSERT INTO Taxon(id, name, level) VALUES (40715, 'nurkade_mõõtmine', 'SUBTOPIC');
INSERT INTO Subtopic(id, topic) VALUES (40715, 30074);
INSERT INTO Taxon(id, name, level) VALUES (40716, 'nurkade_võrdlemine', 'SUBTOPIC');
INSERT INTO Subtopic(id, topic) VALUES (40716, 30074);
INSERT INTO Taxon(id, name, level) VALUES (40717, 'nurklaud', 'SUBTOPIC');
INSERT INTO Subtopic(id, topic) VALUES (40717, 30074);
INSERT INTO Taxon(id, name, level) VALUES (40718, 'piirdenurk', 'SUBTOPIC');
INSERT INTO Subtopic(id, topic) VALUES (40718, 30074);
INSERT INTO Taxon(id, name, level) VALUES (40719, 'plaanimõõt', 'SUBTOPIC');
INSERT INTO Subtopic(id, topic) VALUES (40719, 30074);
INSERT INTO Taxon(id, name, level) VALUES (40720, 'punkt,_sirge,_lõik,_kiir,_murdjoon,_nurk', 'SUBTOPIC');
INSERT INTO Subtopic(id, topic) VALUES (40720, 30074);
INSERT INTO Taxon(id, name, level) VALUES (40721, 'püramiid', 'SUBTOPIC');
INSERT INTO Subtopic(id, topic) VALUES (40721, 30074);
INSERT INTO Taxon(id, name, level) VALUES (40722, 'püströöptahukas', 'SUBTOPIC');
INSERT INTO Subtopic(id, topic) VALUES (40722, 30074);
INSERT INTO Taxon(id, name, level) VALUES (40723, 'Pythagorase_teoreem', 'SUBTOPIC');
INSERT INTO Subtopic(id, topic) VALUES (40723, 30074);
INSERT INTO Taxon(id, name, level) VALUES (40724, 'rakendusliku_sisuga_geomeetriaülesanded', 'SUBTOPIC');
INSERT INTO Subtopic(id, topic) VALUES (40724, 30074);
INSERT INTO Taxon(id, name, level) VALUES (40725, 'ring', 'SUBTOPIC');
INSERT INTO Subtopic(id, topic) VALUES (40725, 30074);
INSERT INTO Taxon(id, name, level) VALUES (40726, 'ringi_pindala', 'SUBTOPIC');
INSERT INTO Subtopic(id, topic) VALUES (40726, 30074);
INSERT INTO Taxon(id, name, level) VALUES (40727, 'ringjoon', 'SUBTOPIC');
INSERT INTO Subtopic(id, topic) VALUES (40727, 30074);
INSERT INTO Taxon(id, name, level) VALUES (40728, 'ringjoone_pikkus', 'SUBTOPIC');
INSERT INTO Subtopic(id, topic) VALUES (40728, 30074);
INSERT INTO Taxon(id, name, level) VALUES (40729, 'ringjoone_puutuja', 'SUBTOPIC');
INSERT INTO Subtopic(id, topic) VALUES (40729, 30074);
INSERT INTO Taxon(id, name, level) VALUES (40730, 'ristkoordinaadid_ruumis', 'SUBTOPIC');
INSERT INTO Subtopic(id, topic) VALUES (40730, 30074);
INSERT INTO Taxon(id, name, level) VALUES (40731, 'ristkülik', 'SUBTOPIC');
INSERT INTO Subtopic(id, topic) VALUES (40731, 30074);
INSERT INTO Taxon(id, name, level) VALUES (40732, 'ristküliku_pindala', 'SUBTOPIC');
INSERT INTO Subtopic(id, topic) VALUES (40732, 30074);
INSERT INTO Taxon(id, name, level) VALUES (40733, 'ristküliku_ümbermõõt', 'SUBTOPIC');
INSERT INTO Subtopic(id, topic) VALUES (40733, 30074);
INSERT INTO Taxon(id, name, level) VALUES (40734, 'risttahukas', 'SUBTOPIC');
INSERT INTO Subtopic(id, topic) VALUES (40734, 30074);
INSERT INTO Taxon(id, name, level) VALUES (40735, 'ruumilised_kujundid,_nende_pindala_ja_ruumala', 'SUBTOPIC');
INSERT INTO Subtopic(id, topic) VALUES (40735, 30074);
INSERT INTO Taxon(id, name, level) VALUES (40736, 'ruut', 'SUBTOPIC');
INSERT INTO Subtopic(id, topic) VALUES (40736, 30074);
INSERT INTO Taxon(id, name, level) VALUES (40737, 'rööpkülik', 'SUBTOPIC');
INSERT INTO Subtopic(id, topic) VALUES (40737, 30074);
INSERT INTO Taxon(id, name, level) VALUES (40738, 'sektordiagramm', 'SUBTOPIC');
INSERT INTO Subtopic(id, topic) VALUES (40738, 30074);
INSERT INTO Taxon(id, name, level) VALUES (40739, 'silinder', 'SUBTOPIC');
INSERT INTO Subtopic(id, topic) VALUES (40739, 30074);
INSERT INTO Taxon(id, name, level) VALUES (40740, 'sirge', 'SUBTOPIC');
INSERT INTO Subtopic(id, topic) VALUES (40740, 30074);
INSERT INTO Taxon(id, name, level) VALUES (40741, 'sirkel', 'SUBTOPIC');
INSERT INTO Subtopic(id, topic) VALUES (40741, 30074);
INSERT INTO Taxon(id, name, level) VALUES (40742, 'siseringjooned', 'SUBTOPIC');
INSERT INTO Subtopic(id, topic) VALUES (40742, 30074);
INSERT INTO Taxon(id, name, level) VALUES (40743, 'sarnaste_hulknurkade_ümbermõõdud_ja_pindalad', 'SUBTOPIC');
INSERT INTO Subtopic(id, topic) VALUES (40743, 30074);
INSERT INTO Taxon(id, name, level) VALUES (40744, 'teravnurga_trigonomeetrilised_funktsioonid', 'SUBTOPIC');
INSERT INTO Subtopic(id, topic) VALUES (40744, 30074);
INSERT INTO Taxon(id, name, level) VALUES (40745, 'Thalese_teoreem', 'SUBTOPIC');
INSERT INTO Subtopic(id, topic) VALUES (40745, 30074);
INSERT INTO Taxon(id, name, level) VALUES (40746, 'tippnurgad', 'SUBTOPIC');
INSERT INTO Subtopic(id, topic) VALUES (40746, 30074);
INSERT INTO Taxon(id, name, level) VALUES (40747, 'trapets', 'SUBTOPIC');
INSERT INTO Subtopic(id, topic) VALUES (40747, 30074);
INSERT INTO Taxon(id, name, level) VALUES (40748, 'trigonomeetria_põhiseosed', 'SUBTOPIC');
INSERT INTO Subtopic(id, topic) VALUES (40748, 30074);
INSERT INTO Taxon(id, name, level) VALUES (40749, 'täisnurkse_kolmnurga_lahendamine', 'SUBTOPIC');
INSERT INTO Subtopic(id, topic) VALUES (40749, 30074);
INSERT INTO Taxon(id, name, level) VALUES (40750, 'töövahendite_käsitsemine_geomeetrias', 'SUBTOPIC');
INSERT INTO Subtopic(id, topic) VALUES (40750, 30074);
INSERT INTO Taxon(id, name, level) VALUES (40751, 'ümberringjooned', 'SUBTOPIC');
INSERT INTO Subtopic(id, topic) VALUES (40751, 30074);
INSERT INTO Taxon(id, name, level) VALUES (40752, 'tehted_algebraliste_murdudega', 'SUBTOPIC');
INSERT INTO Subtopic(id, topic) VALUES (40752, 30075);
INSERT INTO Taxon(id, name, level) VALUES (40753, 'aritmeetiline_keskmine', 'SUBTOPIC');
INSERT INTO Subtopic(id, topic) VALUES (40753, 30075);
INSERT INTO Taxon(id, name, level) VALUES (40754, 'aritmeetiliste_tehete_omaduste_avaldamine', 'SUBTOPIC');
INSERT INTO Subtopic(id, topic) VALUES (40754, 30075);
INSERT INTO Taxon(id, name, level) VALUES (40755, 'arv-_ja_tähtavaldis', 'SUBTOPIC');
INSERT INTO Subtopic(id, topic) VALUES (40755, 30075);
INSERT INTO Taxon(id, name, level) VALUES (40756, 'arvandmete_kogumine_ja_korrastamine', 'SUBTOPIC');
INSERT INTO Subtopic(id, topic) VALUES (40756, 30075);
INSERT INTO Taxon(id, name, level) VALUES (40757, 'arvutamise_abivalemid', 'SUBTOPIC');
INSERT INTO Subtopic(id, topic) VALUES (40757, 30075);
INSERT INTO Taxon(id, name, level) VALUES (40758, 'arvutiprogrammide_kasutamine', 'SUBTOPIC');
INSERT INTO Subtopic(id, topic) VALUES (40758, 30075);
INSERT INTO Taxon(id, name, level) VALUES (40759, 'kahe_tundmatuga_lineaarvõrrandisüsteemid', 'SUBTOPIC');
INSERT INTO Subtopic(id, topic) VALUES (40759, 30075);
INSERT INTO Taxon(id, name, level) VALUES (40760, 'kiirus', 'SUBTOPIC');
INSERT INTO Subtopic(id, topic) VALUES (40760, 30075);
INSERT INTO Taxon(id, name, level) VALUES (40761, 'koordinaatteljestik', 'SUBTOPIC');
INSERT INTO Subtopic(id, topic) VALUES (40761, 30075);
INSERT INTO Taxon(id, name, level) VALUES (40762, 'kuupide_summa_ning_vahe', 'SUBTOPIC');
INSERT INTO Subtopic(id, topic) VALUES (40762, 30075);
INSERT INTO Taxon(id, name, level) VALUES (40763, 'kuupvalem', 'SUBTOPIC');
INSERT INTO Subtopic(id, topic) VALUES (40763, 30075);
INSERT INTO Taxon(id, name, level) VALUES (40764, 'lihtsamate_tähtavaldiste_koostamine', 'SUBTOPIC');
INSERT INTO Subtopic(id, topic) VALUES (40764, 30075);
INSERT INTO Taxon(id, name, level) VALUES (40765, 'lihtsamate_võrrandite_lahendamine', 'SUBTOPIC');
INSERT INTO Subtopic(id, topic) VALUES (40765, 30075);
INSERT INTO Taxon(id, name, level) VALUES (40766, 'lineaarvõrrand', 'SUBTOPIC');
INSERT INTO Subtopic(id, topic) VALUES (40766, 30075);
INSERT INTO Taxon(id, name, level) VALUES (40767, 'muutuja', 'SUBTOPIC');
INSERT INTO Subtopic(id, topic) VALUES (40767, 30075);
INSERT INTO Taxon(id, name, level) VALUES (40768, 'protsent,_osa_leidmine_tervikust', 'SUBTOPIC');
INSERT INTO Subtopic(id, topic) VALUES (40768, 30075);
INSERT INTO Taxon(id, name, level) VALUES (40769, 'ruutkolmliikme_lahutamine_tegureiks', 'SUBTOPIC');
INSERT INTO Subtopic(id, topic) VALUES (40769, 30075);
INSERT INTO Taxon(id, name, level) VALUES (40770, 'ruutvõrrand', 'SUBTOPIC');
INSERT INTO Subtopic(id, topic) VALUES (40770, 30075);
INSERT INTO Taxon(id, name, level) VALUES (40771, 'sagedustabel', 'SUBTOPIC');
INSERT INTO Subtopic(id, topic) VALUES (40771, 30075);
INSERT INTO Taxon(id, name, level) VALUES (40772, 'skaala', 'SUBTOPIC');
INSERT INTO Subtopic(id, topic) VALUES (40772, 30075);
INSERT INTO Taxon(id, name, level) VALUES (40773, 'summa_ja_vahe_kuup', 'SUBTOPIC');
INSERT INTO Subtopic(id, topic) VALUES (40773, 30075);
INSERT INTO Taxon(id, name, level) VALUES (40774, 'suuruste_avaldamine_võrdusest', 'SUBTOPIC');
INSERT INTO Subtopic(id, topic) VALUES (40774, 30075);
INSERT INTO Taxon(id, name, level) VALUES (40775, 'tehted_üksliikmete_ja_hulkliikmetega', 'SUBTOPIC');
INSERT INTO Subtopic(id, topic) VALUES (40775, 30075);
INSERT INTO Taxon(id, name, level) VALUES (40776, 'tekstülesande_lahendamine_võrrandiga', 'SUBTOPIC');
INSERT INTO Subtopic(id, topic) VALUES (40776, 30075);
INSERT INTO Taxon(id, name, level) VALUES (40777, 'temperatuuri_ja_liikumise_graafik', 'SUBTOPIC');
INSERT INTO Subtopic(id, topic) VALUES (40777, 30075);
INSERT INTO Taxon(id, name, level) VALUES (40778, 'tulp-,_sirglõik-_ja_sektordiagramm', 'SUBTOPIC');
INSERT INTO Subtopic(id, topic) VALUES (40778, 30075);
INSERT INTO Taxon(id, name, level) VALUES (40779, 'täht_arvu_tähisena', 'SUBTOPIC');
INSERT INTO Subtopic(id, topic) VALUES (40779, 30075);
INSERT INTO Taxon(id, name, level) VALUES (40780, 'tähtavaldise_väärtuse_arvutamine', 'SUBTOPIC');
INSERT INTO Subtopic(id, topic) VALUES (40780, 30075);
INSERT INTO Taxon(id, name, level) VALUES (40781, 'täis-_ja_murdavaldiste_samasusteisendused', 'SUBTOPIC');
INSERT INTO Subtopic(id, topic) VALUES (40781, 30075);
INSERT INTO Taxon(id, name, level) VALUES (40782, 'võrdekujuline_võrrand', 'SUBTOPIC');
INSERT INTO Subtopic(id, topic) VALUES (40782, 30075);
INSERT INTO Taxon(id, name, level) VALUES (40783, 'võrdeline_jaotamine', 'SUBTOPIC');
INSERT INTO Subtopic(id, topic) VALUES (40783, 30075);
INSERT INTO Taxon(id, name, level) VALUES (40784, 'võrrandi_mõiste', 'SUBTOPIC');
INSERT INTO Subtopic(id, topic) VALUES (40784, 30075);
INSERT INTO Taxon(id, name, level) VALUES (40785, 'võrrandi_põhiomadused', 'SUBTOPIC');
INSERT INTO Subtopic(id, topic) VALUES (40785, 30075);
INSERT INTO Taxon(id, name, level) VALUES (40786, 'võrrandisüsteem', 'SUBTOPIC');
INSERT INTO Subtopic(id, topic) VALUES (40786, 30075);
INSERT INTO Taxon(id, name, level) VALUES (40787, 'üksliige_ja_hulkliige', 'SUBTOPIC');
INSERT INTO Subtopic(id, topic) VALUES (40787, 30075);
INSERT INTO Taxon(id, name, level) VALUES (40788, 'kahe_ringjoone_puutumine', 'SUBTOPIC');
INSERT INTO Subtopic(id, topic) VALUES (40788, 30076);
INSERT INTO Taxon(id, name, level) VALUES (40789, 'kolmnurga_sise-_ja_ümberringjoon', 'SUBTOPIC');
INSERT INTO Subtopic(id, topic) VALUES (40789, 30076);
INSERT INTO Taxon(id, name, level) VALUES (40790, 'kolmnurga_võrratus', 'SUBTOPIC');
INSERT INTO Subtopic(id, topic) VALUES (40790, 30076);
INSERT INTO Taxon(id, name, level) VALUES (40791, 'kolmnurk', 'SUBTOPIC');
INSERT INTO Subtopic(id, topic) VALUES (40791, 30076);
INSERT INTO Taxon(id, name, level) VALUES (40792, 'kolmnurkade_pindvõrdsus', 'SUBTOPIC');
INSERT INTO Subtopic(id, topic) VALUES (40792, 30076);
INSERT INTO Taxon(id, name, level) VALUES (40793, 'kolnurkade_võrdsus_ja_sarnasus', 'SUBTOPIC');
INSERT INTO Subtopic(id, topic) VALUES (40793, 30076);
INSERT INTO Taxon(id, name, level) VALUES (40794, 'nurk_kõõlu_ja_puutuja_vahel', 'SUBTOPIC');
INSERT INTO Subtopic(id, topic) VALUES (40794, 30076);
INSERT INTO Taxon(id, name, level) VALUES (40795, 'Pythagorase_teoreemi_pöördteoreem', 'SUBTOPIC');
INSERT INTO Subtopic(id, topic) VALUES (40795, 30076);
INSERT INTO Taxon(id, name, level) VALUES (40796, 'Pythagorase,_Eukleidese_ja_kõrguse_teoreem', 'SUBTOPIC');
INSERT INTO Subtopic(id, topic) VALUES (40796, 30076);
INSERT INTO Taxon(id, name, level) VALUES (40797, 'punkti_potents_ringjoone_suhtes', 'SUBTOPIC');
INSERT INTO Subtopic(id, topic) VALUES (40797, 30076);
INSERT INTO Taxon(id, name, level) VALUES (40798, 'ring,_ringjoon,_kesk-_ja_piirdenurk', 'SUBTOPIC');
INSERT INTO Subtopic(id, topic) VALUES (40798, 30076);
INSERT INTO Taxon(id, name, level) VALUES (40799, 'teoreemid_ringjoone_kõõludest_ja_lõikajatest', 'SUBTOPIC');
INSERT INTO Subtopic(id, topic) VALUES (40799, 30076);
INSERT INTO Taxon(id, name, level) VALUES (40800, 'Thalese_teoreem', 'SUBTOPIC');
INSERT INTO Subtopic(id, topic) VALUES (40800, 30076);
INSERT INTO Taxon(id, name, level) VALUES (40801, 'puutujalõikude_võrdsus', 'SUBTOPIC');
INSERT INTO Subtopic(id, topic) VALUES (40801, 30076);
INSERT INTO Taxon(id, name, level) VALUES (40802, 'aastaaegade_vaheldumine', 'SUBTOPIC');
INSERT INTO Subtopic(id, topic) VALUES (40802, 30077);
INSERT INTO Taxon(id, name, level) VALUES (40803, 'kodukoha_elurikkus_ja_maastikuline_mitmekesisus', 'SUBTOPIC');
INSERT INTO Subtopic(id, topic) VALUES (40803, 30077);
INSERT INTO Taxon(id, name, level) VALUES (40804, 'taimed,_loomad_ja_seened_eri_aastaaegadel', 'SUBTOPIC');
INSERT INTO Subtopic(id, topic) VALUES (40804, 30077);
INSERT INTO Taxon(id, name, level) VALUES (40805, 'aed_kui_kooslus', 'SUBTOPIC');
INSERT INTO Subtopic(id, topic) VALUES (40805, 30078);
INSERT INTO Taxon(id, name, level) VALUES (40806, 'aiataimed', 'SUBTOPIC');
INSERT INTO Subtopic(id, topic) VALUES (40806, 30078);
INSERT INTO Taxon(id, name, level) VALUES (40807, 'fotosüntees', 'SUBTOPIC');
INSERT INTO Subtopic(id, topic) VALUES (40807, 30078);
INSERT INTO Taxon(id, name, level) VALUES (40808, 'inimtegevuse_mõju_mullale', 'SUBTOPIC');
INSERT INTO Subtopic(id, topic) VALUES (40808, 30078);
INSERT INTO Taxon(id, name, level) VALUES (40809, 'keemilise_tõrje_mõju_loodusele', 'SUBTOPIC');
INSERT INTO Subtopic(id, topic) VALUES (40809, 30078);
INSERT INTO Taxon(id, name, level) VALUES (40810, 'mahepõllundus', 'SUBTOPIC');
INSERT INTO Subtopic(id, topic) VALUES (40810, 30078);
INSERT INTO Taxon(id, name, level) VALUES (40811, 'mulla_kaitse', 'SUBTOPIC');
INSERT INTO Subtopic(id, topic) VALUES (40811, 30078);
INSERT INTO Taxon(id, name, level) VALUES (40812, 'mulla_reostumine_ja_hävimine', 'SUBTOPIC');
INSERT INTO Subtopic(id, topic) VALUES (40812, 30078);
INSERT INTO Taxon(id, name, level) VALUES (40813, 'mulla_viljakus', 'SUBTOPIC');
INSERT INTO Subtopic(id, topic) VALUES (40813, 30078);
INSERT INTO Taxon(id, name, level) VALUES (40814, 'põld_kui_kooslus', 'SUBTOPIC');
INSERT INTO Subtopic(id, topic) VALUES (40814, 30078);
INSERT INTO Taxon(id, name, level) VALUES (40815, 'viljapuud-_ja_juurviljaaed,_iluaed', 'SUBTOPIC');
INSERT INTO Subtopic(id, topic) VALUES (40815, 30078);
INSERT INTO Taxon(id, name, level) VALUES (40816, 'aine_olekud', 'SUBTOPIC');
INSERT INTO Subtopic(id, topic) VALUES (40816, 30079);
INSERT INTO Taxon(id, name, level) VALUES (40817, 'aine_tihedus', 'SUBTOPIC');
INSERT INTO Subtopic(id, topic) VALUES (40817, 30079);
INSERT INTO Taxon(id, name, level) VALUES (40818, 'ainete_ja_kehade_koostis', 'SUBTOPIC');
INSERT INTO Subtopic(id, topic) VALUES (40818, 30079);
INSERT INTO Taxon(id, name, level) VALUES (40819, 'keemiline_element,_perioodilisuse_tabel', 'SUBTOPIC');
INSERT INTO Subtopic(id, topic) VALUES (40819, 30079);
INSERT INTO Taxon(id, name, level) VALUES (40820, 'keemiliste_elementide_levik', 'SUBTOPIC');
INSERT INTO Subtopic(id, topic) VALUES (40820, 30079);
INSERT INTO Taxon(id, name, level) VALUES (40821, 'liht-_ja_liitained,_nende_valemid', 'SUBTOPIC');
INSERT INTO Subtopic(id, topic) VALUES (40821, 30079);
INSERT INTO Taxon(id, name, level) VALUES (40822, 'puhtad_ained_ja_segud,_materjalid_ja_lahused', 'SUBTOPIC');
INSERT INTO Subtopic(id, topic) VALUES (40822, 30079);
INSERT INTO Taxon(id, name, level) VALUES (40823, 'eesti_linnad', 'SUBTOPIC');
INSERT INTO Subtopic(id, topic) VALUES (40823, 30080);
INSERT INTO Taxon(id, name, level) VALUES (40824, 'elukeskkond_maa-asulas_ja_linnas', 'SUBTOPIC');
INSERT INTO Subtopic(id, topic) VALUES (40824, 30080);
INSERT INTO Taxon(id, name, level) VALUES (40825, 'elutingimused_asulas', 'SUBTOPIC');
INSERT INTO Subtopic(id, topic) VALUES (40825, 30080);
INSERT INTO Taxon(id, name, level) VALUES (40826, 'koduasula_plaan', 'SUBTOPIC');
INSERT INTO Subtopic(id, topic) VALUES (40826, 30080);
INSERT INTO Taxon(id, name, level) VALUES (40827, 'taimed_ja_loomad_asulas', 'SUBTOPIC');
INSERT INTO Subtopic(id, topic) VALUES (40827, 30080);
INSERT INTO Taxon(id, name, level) VALUES (40828, 'Eesti_loodusvarad', 'SUBTOPIC');
INSERT INTO Subtopic(id, topic) VALUES (40828, 30081);
INSERT INTO Taxon(id, name, level) VALUES (40829, 'Eesti_maavarad', 'SUBTOPIC');
INSERT INTO Subtopic(id, topic) VALUES (40829, 30081);
INSERT INTO Taxon(id, name, level) VALUES (40830, 'kaevandused_ja_karjäärid', 'SUBTOPIC');
INSERT INTO Subtopic(id, topic) VALUES (40830, 30081);
INSERT INTO Taxon(id, name, level) VALUES (40831, 'loodusvarad_energiaallikatena', 'SUBTOPIC');
INSERT INTO Subtopic(id, topic) VALUES (40831, 30081);
INSERT INTO Taxon(id, name, level) VALUES (40832, 'elektrijuhid_ja_mitteelektrijuhid', 'SUBTOPIC');
INSERT INTO Subtopic(id, topic) VALUES (40832, 30082);
INSERT INTO Taxon(id, name, level) VALUES (40833, 'kompass', 'SUBTOPIC');
INSERT INTO Subtopic(id, topic) VALUES (40833, 30082);
INSERT INTO Taxon(id, name, level) VALUES (40834, 'magnetnähtused', 'SUBTOPIC');
INSERT INTO Subtopic(id, topic) VALUES (40834, 30082);
INSERT INTO Taxon(id, name, level) VALUES (40835, 'ohutusnõuded', 'SUBTOPIC');
INSERT INTO Subtopic(id, topic) VALUES (40835, 30082);
INSERT INTO Taxon(id, name, level) VALUES (40836, 'vooluring', 'SUBTOPIC');
INSERT INTO Subtopic(id, topic) VALUES (40836, 30082);
INSERT INTO Taxon(id, name, level) VALUES (40837, 'elu_areng_maal', 'SUBTOPIC');
INSERT INTO Subtopic(id, topic) VALUES (40837, 30083);
INSERT INTO Taxon(id, name, level) VALUES (40838, 'elu_erinevates_keskkonnatingimustes', 'SUBTOPIC');
INSERT INTO Subtopic(id, topic) VALUES (40838, 30083);
INSERT INTO Taxon(id, name, level) VALUES (40839, 'organismide_eluvaldused', 'SUBTOPIC');
INSERT INTO Subtopic(id, topic) VALUES (40839, 30083);
INSERT INTO Taxon(id, name, level) VALUES (40840, 'organismide_mitmekesisus', 'SUBTOPIC');
INSERT INTO Subtopic(id, topic) VALUES (40840, 30083);
INSERT INTO Taxon(id, name, level) VALUES (40841, 'inimese_mõju_ökosüsteemile', 'SUBTOPIC');
INSERT INTO Subtopic(id, topic) VALUES (40841, 30084);
INSERT INTO Taxon(id, name, level) VALUES (40842, 'toitumissuhted_ökosüsteemis', 'SUBTOPIC');
INSERT INTO Subtopic(id, topic) VALUES (40842, 30084);
INSERT INTO Taxon(id, name, level) VALUES (40843, 'tootjad,_tarbijad_ja_lagundajad', 'SUBTOPIC');
INSERT INTO Subtopic(id, topic) VALUES (40843, 30084);
INSERT INTO Taxon(id, name, level) VALUES (40844, 'eluslooduse_mitmekesisus_Eestis', 'SUBTOPIC');
INSERT INTO Subtopic(id, topic) VALUES (40844, 30084);
INSERT INTO Taxon(id, name, level) VALUES (40845, 'energia_tarbimine_ja_materjalide_taaskasutamine', 'SUBTOPIC');
INSERT INTO Subtopic(id, topic) VALUES (40845, 30085);
INSERT INTO Taxon(id, name, level) VALUES (40846, 'inimene_uurib_ökosüsteeme', 'SUBTOPIC');
INSERT INTO Subtopic(id, topic) VALUES (40846, 30085);
INSERT INTO Taxon(id, name, level) VALUES (40847, 'inimtegevus,_tehnoloogia_ja_looduslik_tasakaal', 'SUBTOPIC');
INSERT INTO Subtopic(id, topic) VALUES (40847, 30085);
INSERT INTO Taxon(id, name, level) VALUES (40848, 'kohastumine_füüsikalis-keemiliste_tingimustega', 'SUBTOPIC');
INSERT INTO Subtopic(id, topic) VALUES (40848, 30085);
INSERT INTO Taxon(id, name, level) VALUES (40849, 'süsinikuringe_ökosüsteemides', 'SUBTOPIC');
INSERT INTO Subtopic(id, topic) VALUES (40849, 30085);
INSERT INTO Taxon(id, name, level) VALUES (40850, 'ilmastikunähtused', 'SUBTOPIC');
INSERT INTO Subtopic(id, topic) VALUES (40850, 30086);
INSERT INTO Taxon(id, name, level) VALUES (40851, 'ilmavaatlused', 'SUBTOPIC');
INSERT INTO Subtopic(id, topic) VALUES (40851, 30086);
INSERT INTO Taxon(id, name, level) VALUES (40852, 'elundkondade_ülesanded', 'SUBTOPIC');
INSERT INTO Subtopic(id, topic) VALUES (40852, 30087);
INSERT INTO Taxon(id, name, level) VALUES (40853, 'hügieen', 'SUBTOPIC');
INSERT INTO Subtopic(id, topic) VALUES (40853, 30087);
INSERT INTO Taxon(id, name, level) VALUES (40854, 'inimese_ehitus', 'SUBTOPIC');
INSERT INTO Subtopic(id, topic) VALUES (40854, 30087);
INSERT INTO Taxon(id, name, level) VALUES (40855, 'inimese_elukeskkond', 'SUBTOPIC');
INSERT INTO Subtopic(id, topic) VALUES (40855, 30087);
INSERT INTO Taxon(id, name, level) VALUES (40856, 'inimese_põlvnemine', 'SUBTOPIC');
INSERT INTO Subtopic(id, topic) VALUES (40856, 30087);
INSERT INTO Taxon(id, name, level) VALUES (40857, 'inimese_toiduvajadused', 'SUBTOPIC');
INSERT INTO Subtopic(id, topic) VALUES (40857, 30087);
INSERT INTO Taxon(id, name, level) VALUES (40858, 'inimese_võrdlus_selgroogsete_loomadega', 'SUBTOPIC');
INSERT INTO Subtopic(id, topic) VALUES (40858, 30087);
INSERT INTO Taxon(id, name, level) VALUES (40859, 'inimese_välisehitus', 'SUBTOPIC');
INSERT INTO Subtopic(id, topic) VALUES (40859, 30087);
INSERT INTO Taxon(id, name, level) VALUES (40860, 'organismi_terviklikkus', 'SUBTOPIC');
INSERT INTO Subtopic(id, topic) VALUES (40860, 30087);
INSERT INTO Taxon(id, name, level) VALUES (40861, 'taimed,_loomad,_seened_ja_mikroorganismid_inimese_kasutuses', 'SUBTOPIC');
INSERT INTO Subtopic(id, topic) VALUES (40861, 30087);
INSERT INTO Taxon(id, name, level) VALUES (40862, 'tervislik_toitumine', 'SUBTOPIC');
INSERT INTO Subtopic(id, topic) VALUES (40862, 30087);
INSERT INTO Taxon(id, name, level) VALUES (40863, 'tervislikud_eluviisid', 'SUBTOPIC');
INSERT INTO Subtopic(id, topic) VALUES (40863, 30087);
INSERT INTO Taxon(id, name, level) VALUES (40864, 'andmete_graafiline_esitamine', 'SUBTOPIC');
INSERT INTO Subtopic(id, topic) VALUES (40864, 30088);
INSERT INTO Taxon(id, name, level) VALUES (40865, 'loodusteadused_ja_tehnoloogia', 'SUBTOPIC');
INSERT INTO Subtopic(id, topic) VALUES (40865, 30088);
INSERT INTO Taxon(id, name, level) VALUES (40866, 'mõõtmine_loodusteadustes', 'SUBTOPIC');
INSERT INTO Subtopic(id, topic) VALUES (40866, 30088);
INSERT INTO Taxon(id, name, level) VALUES (40867, 'teaduslik_meetod', 'SUBTOPIC');
INSERT INTO Subtopic(id, topic) VALUES (40867, 30088);
INSERT INTO Taxon(id, name, level) VALUES (40868, 'uurimuse_etapid', 'SUBTOPIC');
INSERT INTO Subtopic(id, topic) VALUES (40868, 30088);
INSERT INTO Taxon(id, name, level) VALUES (40869, 'vaatlus_ja_katse', 'SUBTOPIC');
INSERT INTO Subtopic(id, topic) VALUES (40869, 30088);
INSERT INTO Taxon(id, name, level) VALUES (40870, 'asjad_ja_materjalid', 'SUBTOPIC');
INSERT INTO Subtopic(id, topic) VALUES (40870, 30089);
INSERT INTO Taxon(id, name, level) VALUES (40871, 'elus_ja_eluta', 'SUBTOPIC');
INSERT INTO Subtopic(id, topic) VALUES (40871, 30089);
INSERT INTO Taxon(id, name, level) VALUES (40872, 'inimese_meeled', 'SUBTOPIC');
INSERT INTO Subtopic(id, topic) VALUES (40872, 30089);
INSERT INTO Taxon(id, name, level) VALUES (40873, 'tahked_ained_ja_vedelikud', 'SUBTOPIC');
INSERT INTO Subtopic(id, topic) VALUES (40873, 30089);
INSERT INTO Taxon(id, name, level) VALUES (40874, 'Eesti_jõed', 'SUBTOPIC');
INSERT INTO Subtopic(id, topic) VALUES (40874, 30090);
INSERT INTO Taxon(id, name, level) VALUES (40875, 'Eesti_järved,_nende_paiknemine', 'SUBTOPIC');
INSERT INTO Subtopic(id, topic) VALUES (40875, 30090);
INSERT INTO Taxon(id, name, level) VALUES (40876, 'elutingimused_järves', 'SUBTOPIC');
INSERT INTO Subtopic(id, topic) VALUES (40876, 30090);
INSERT INTO Taxon(id, name, level) VALUES (40877, 'jõgede_ja_järvede_elustik', 'SUBTOPIC');
INSERT INTO Subtopic(id, topic) VALUES (40877, 30090);
INSERT INTO Taxon(id, name, level) VALUES (40878, 'jõgede_ja_järvede_tähtsus,_kasutamine_ning_kaitse', 'SUBTOPIC');
INSERT INTO Subtopic(id, topic) VALUES (40878, 30090);
INSERT INTO Taxon(id, name, level) VALUES (40879, 'jõgi_elukeskkonnana', 'SUBTOPIC');
INSERT INTO Subtopic(id, topic) VALUES (40879, 30090);
INSERT INTO Taxon(id, name, level) VALUES (40880, 'jõgi_ja_selle_osad', 'SUBTOPIC');
INSERT INTO Subtopic(id, topic) VALUES (40880, 30090);
INSERT INTO Taxon(id, name, level) VALUES (40881, 'järvevee_omadused', 'SUBTOPIC');
INSERT INTO Subtopic(id, topic) VALUES (40881, 30090);
INSERT INTO Taxon(id, name, level) VALUES (40882, 'kalakasvatus', 'SUBTOPIC');
INSERT INTO Subtopic(id, topic) VALUES (40882, 30090);
INSERT INTO Taxon(id, name, level) VALUES (40883, 'loodusteaduslik_uurimus', 'SUBTOPIC');
INSERT INTO Subtopic(id, topic) VALUES (40883, 30090);
INSERT INTO Taxon(id, name, level) VALUES (40884, 'taimede_ja_loomade_kohastumine_eluks_vees', 'SUBTOPIC');
INSERT INTO Subtopic(id, topic) VALUES (40884, 30090);
INSERT INTO Taxon(id, name, level) VALUES (40885, 'toiduahelad_ja_toiduvõrgustikud', 'SUBTOPIC');
INSERT INTO Subtopic(id, topic) VALUES (40885, 30090);
INSERT INTO Taxon(id, name, level) VALUES (40886, 'toitainete_sisaldus_järvede_vees', 'SUBTOPIC');
INSERT INTO Subtopic(id, topic) VALUES (40886, 30090);
INSERT INTO Taxon(id, name, level) VALUES (40887, 'vee_voolamine_jões', 'SUBTOPIC');
INSERT INTO Subtopic(id, topic) VALUES (40887, 30090);
INSERT INTO Taxon(id, name, level) VALUES (40888, 'veekogu_kui_uurimisobjekt', 'SUBTOPIC');
INSERT INTO Subtopic(id, topic) VALUES (40888, 30090);
INSERT INTO Taxon(id, name, level) VALUES (40889, 'veetaseme_kõikumine_jões', 'SUBTOPIC');
INSERT INTO Subtopic(id, topic) VALUES (40889, 30090);
INSERT INTO Taxon(id, name, level) VALUES (40890, 'jõud_liikumise_põhjusena', 'SUBTOPIC');
INSERT INTO Subtopic(id, topic) VALUES (40890, 30091);
INSERT INTO Taxon(id, name, level) VALUES (40891, 'liiklusohutus', 'SUBTOPIC');
INSERT INTO Subtopic(id, topic) VALUES (40891, 30091);
INSERT INTO Taxon(id, name, level) VALUES (40892, 'liikumise_tunnused', 'SUBTOPIC');
INSERT INTO Subtopic(id, topic) VALUES (40892, 30091);
INSERT INTO Taxon(id, name, level) VALUES (40893, 'bioloogilise_mitmekesisuse_kaitse', 'SUBTOPIC');
INSERT INTO Subtopic(id, topic) VALUES (40893, 30092);
INSERT INTO Taxon(id, name, level) VALUES (40894, 'inimese_mõju_keskkonnale', 'SUBTOPIC');
INSERT INTO Subtopic(id, topic) VALUES (40894, 30092);
INSERT INTO Taxon(id, name, level) VALUES (40895, 'jäätmekäitlus', 'SUBTOPIC');
INSERT INTO Subtopic(id, topic) VALUES (40895, 30092);
INSERT INTO Taxon(id, name, level) VALUES (40896, 'kaitsealad', 'SUBTOPIC');
INSERT INTO Subtopic(id, topic) VALUES (40896, 30092);
INSERT INTO Taxon(id, name, level) VALUES (40897, 'kodukoha_looduskeskkonna_muutumine', 'SUBTOPIC');
INSERT INTO Subtopic(id, topic) VALUES (40897, 30092);
INSERT INTO Taxon(id, name, level) VALUES (40898, 'looduskaitse_Eestis', 'SUBTOPIC');
INSERT INTO Subtopic(id, topic) VALUES (40898, 30092);
INSERT INTO Taxon(id, name, level) VALUES (40899, 'niit_kui_Eesti_liigirikkaim_kooslus', 'SUBTOPIC');
INSERT INTO Subtopic(id, topic) VALUES (40899, 30092);
INSERT INTO Taxon(id, name, level) VALUES (40900, 'säästev_tarbimine', 'SUBTOPIC');
INSERT INTO Subtopic(id, topic) VALUES (40900, 30092);
INSERT INTO Taxon(id, name, level) VALUES (40901, 'energia', 'SUBTOPIC');
INSERT INTO Subtopic(id, topic) VALUES (40901, 30093);
INSERT INTO Taxon(id, name, level) VALUES (40902, 'energia_liigid', 'SUBTOPIC');
INSERT INTO Subtopic(id, topic) VALUES (40902, 30093);
INSERT INTO Taxon(id, name, level) VALUES (40903, 'energia_ülekandumine_ja_muundumine', 'SUBTOPIC');
INSERT INTO Subtopic(id, topic) VALUES (40903, 30093);
INSERT INTO Taxon(id, name, level) VALUES (40904, 'füüsikalised,_keemilised_ja_bioloogilised_nähtused', 'SUBTOPIC');
INSERT INTO Subtopic(id, topic) VALUES (40904, 30093);
INSERT INTO Taxon(id, name, level) VALUES (40905, 'keemiline_reaktsioon', 'SUBTOPIC');
INSERT INTO Subtopic(id, topic) VALUES (40905, 30093);
INSERT INTO Taxon(id, name, level) VALUES (40906, 'liikumine_ja_kiirus', 'SUBTOPIC');
INSERT INTO Subtopic(id, topic) VALUES (40906, 30093);
INSERT INTO Taxon(id, name, level) VALUES (40907, 'organismide_kaitse_ja_areng', 'SUBTOPIC');
INSERT INTO Subtopic(id, topic) VALUES (40907, 30093);
INSERT INTO Taxon(id, name, level) VALUES (40908, 'soojusjuhtivus,_head_ja_halvad_soojusjuhid', 'SUBTOPIC');
INSERT INTO Subtopic(id, topic) VALUES (40908, 30093);
INSERT INTO Taxon(id, name, level) VALUES (40909, 'vesi_Läänemeres,_merevee_omadused', 'SUBTOPIC');
INSERT INTO Subtopic(id, topic) VALUES (40909, 30094);
INSERT INTO Taxon(id, name, level) VALUES (40910, 'Läänemere_asend,_ümbrus,_saared,_lahed', 'SUBTOPIC');
INSERT INTO Subtopic(id, topic) VALUES (40910, 30094);
INSERT INTO Taxon(id, name, level) VALUES (40911, 'Läänemere_mõju_ilmastikule', 'SUBTOPIC');
INSERT INTO Subtopic(id, topic) VALUES (40911, 30094);
INSERT INTO Taxon(id, name, level) VALUES (40912, 'Läänemere_rannik', 'SUBTOPIC');
INSERT INTO Subtopic(id, topic) VALUES (40912, 30094);
INSERT INTO Taxon(id, name, level) VALUES (40913, 'elutingimused_Läänemeres', 'SUBTOPIC');
INSERT INTO Subtopic(id, topic) VALUES (40913, 30094);
INSERT INTO Taxon(id, name, level) VALUES (40914, 'mere,_ranniku_ja_saarte_elustik', 'SUBTOPIC');
INSERT INTO Subtopic(id, topic) VALUES (40914, 30094);
INSERT INTO Taxon(id, name, level) VALUES (40915, 'mere_mõju_inimtegevusele_ja_rannaasutusele', 'SUBTOPIC');
INSERT INTO Subtopic(id, topic) VALUES (40915, 30094);
INSERT INTO Taxon(id, name, level) VALUES (40916, 'Läänemere_reostumine_ja_kaitse', 'SUBTOPIC');
INSERT INTO Subtopic(id, topic) VALUES (40916, 30094);
INSERT INTO Taxon(id, name, level) VALUES (40917, 'astronoomia', 'SUBTOPIC');
INSERT INTO Subtopic(id, topic) VALUES (40917, 30095);
INSERT INTO Taxon(id, name, level) VALUES (40918, 'galaktikad', 'SUBTOPIC');
INSERT INTO Subtopic(id, topic) VALUES (40918, 30095);
INSERT INTO Taxon(id, name, level) VALUES (40919, 'päike_ja_tähed', 'SUBTOPIC');
INSERT INTO Subtopic(id, topic) VALUES (40919, 30095);
INSERT INTO Taxon(id, name, level) VALUES (40920, 'päikesesüsteem', 'SUBTOPIC');
INSERT INTO Subtopic(id, topic) VALUES (40920, 30095);
INSERT INTO Taxon(id, name, level) VALUES (40921, 'suur_vanker_ja_põhjanael', 'SUBTOPIC');
INSERT INTO Subtopic(id, topic) VALUES (40921, 30095);
INSERT INTO Taxon(id, name, level) VALUES (40922, 'tähistaevas', 'SUBTOPIC');
INSERT INTO Subtopic(id, topic) VALUES (40922, 30095);
INSERT INTO Taxon(id, name, level) VALUES (40923, 'tähtkujud', 'SUBTOPIC');
INSERT INTO Subtopic(id, topic) VALUES (40923, 30095);
INSERT INTO Taxon(id, name, level) VALUES (40924, 'Eesti_metsad', 'SUBTOPIC');
INSERT INTO Subtopic(id, topic) VALUES (40924, 30096);
INSERT INTO Taxon(id, name, level) VALUES (40925, 'Eesti_metsade_iseloomulikud_liigid', 'SUBTOPIC');
INSERT INTO Subtopic(id, topic) VALUES (40925, 30096);
INSERT INTO Taxon(id, name, level) VALUES (40926, 'elutingimused_metsas', 'SUBTOPIC');
INSERT INTO Subtopic(id, topic) VALUES (40926, 30096);
INSERT INTO Taxon(id, name, level) VALUES (40927, 'mets_kui_elukooslus', 'SUBTOPIC');
INSERT INTO Subtopic(id, topic) VALUES (40927, 30096);
INSERT INTO Taxon(id, name, level) VALUES (40928, 'metsade_kaitse', 'SUBTOPIC');
INSERT INTO Subtopic(id, topic) VALUES (40928, 30096);
INSERT INTO Taxon(id, name, level) VALUES (40929, 'metsade_tähtsus_ja_kasutamine', 'SUBTOPIC');
INSERT INTO Subtopic(id, topic) VALUES (40929, 30096);
INSERT INTO Taxon(id, name, level) VALUES (40930, 'metsarinded', 'SUBTOPIC');
INSERT INTO Subtopic(id, topic) VALUES (40930, 30096);
INSERT INTO Taxon(id, name, level) VALUES (40931, 'nõmme-,_palu-,_laane-_ja_salumets', 'SUBTOPIC');
INSERT INTO Subtopic(id, topic) VALUES (40931, 30096);
INSERT INTO Taxon(id, name, level) VALUES (40932, 'puidu_töötlemine', 'SUBTOPIC');
INSERT INTO Subtopic(id, topic) VALUES (40932, 30096);
INSERT INTO Taxon(id, name, level) VALUES (40933, 'asulad_kaardil', 'SUBTOPIC');
INSERT INTO Subtopic(id, topic) VALUES (40933, 30097);
INSERT INTO Taxon(id, name, level) VALUES (40934, 'Eesti_kaart', 'SUBTOPIC');
INSERT INTO Subtopic(id, topic) VALUES (40934, 30097);
INSERT INTO Taxon(id, name, level) VALUES (40935, 'ilmakaared_ning_nende_määramine', 'SUBTOPIC');
INSERT INTO Subtopic(id, topic) VALUES (40935, 30097);
INSERT INTO Taxon(id, name, level) VALUES (40936, 'järved_eesti_kaardil', 'SUBTOPIC');
INSERT INTO Subtopic(id, topic) VALUES (40936, 30097);
INSERT INTO Taxon(id, name, level) VALUES (40937, 'kooliümbruse_plaan', 'SUBTOPIC');
INSERT INTO Subtopic(id, topic) VALUES (40937, 30097);
INSERT INTO Taxon(id, name, level) VALUES (40938, 'kõrgustikud_eesti_kaardil', 'SUBTOPIC');
INSERT INTO Subtopic(id, topic) VALUES (40938, 30097);
INSERT INTO Taxon(id, name, level) VALUES (40939, 'lahed_eesti_kaardil', 'SUBTOPIC');
INSERT INTO Subtopic(id, topic) VALUES (40939, 30097);
INSERT INTO Taxon(id, name, level) VALUES (40940, 'poolsaared_eesti_kaardil', 'SUBTOPIC');
INSERT INTO Subtopic(id, topic) VALUES (40940, 30097);
INSERT INTO Taxon(id, name, level) VALUES (40941, 'saared_eesti_kaardil', 'SUBTOPIC');
INSERT INTO Subtopic(id, topic) VALUES (40941, 30097);
INSERT INTO Taxon(id, name, level) VALUES (40942, 'aineringe', 'SUBTOPIC');
INSERT INTO Subtopic(id, topic) VALUES (40942, 30098);
INSERT INTO Taxon(id, name, level) VALUES (40943, 'muldade_teke_ja_areng', 'SUBTOPIC');
INSERT INTO Subtopic(id, topic) VALUES (40943, 30098);
INSERT INTO Taxon(id, name, level) VALUES (40944, 'mulla_koostis', 'SUBTOPIC');
INSERT INTO Subtopic(id, topic) VALUES (40944, 30098);
INSERT INTO Taxon(id, name, level) VALUES (40945, 'mulla_osa_kooslustes', 'SUBTOPIC');
INSERT INTO Subtopic(id, topic) VALUES (40945, 30098);
INSERT INTO Taxon(id, name, level) VALUES (40946, 'mullakaeve', 'SUBTOPIC');
INSERT INTO Subtopic(id, topic) VALUES (40946, 30098);
INSERT INTO Taxon(id, name, level) VALUES (40947, 'mullaorganismid', 'SUBTOPIC');
INSERT INTO Subtopic(id, topic) VALUES (40947, 30098);
INSERT INTO Taxon(id, name, level) VALUES (40948, 'vee_liikumine_mullas', 'SUBTOPIC');
INSERT INTO Subtopic(id, topic) VALUES (40948, 30098);
INSERT INTO Taxon(id, name, level) VALUES (40949, 'kaalumine', 'SUBTOPIC');
INSERT INTO Subtopic(id, topic) VALUES (40949, 30099);
INSERT INTO Taxon(id, name, level) VALUES (40950, 'pikkuse_mõõtmine', 'SUBTOPIC');
INSERT INTO Subtopic(id, topic) VALUES (40950, 30099);
INSERT INTO Taxon(id, name, level) VALUES (40951, 'temperatuuri_mõõtmine', 'SUBTOPIC');
INSERT INTO Subtopic(id, topic) VALUES (40951, 30099);
INSERT INTO Taxon(id, name, level) VALUES (40952, 'koduloomad', 'SUBTOPIC');
INSERT INTO Subtopic(id, topic) VALUES (40952, 30100);
INSERT INTO Taxon(id, name, level) VALUES (40953, 'maismaataimed_ja_-loomad', 'SUBTOPIC');
INSERT INTO Subtopic(id, topic) VALUES (40953, 30100);
INSERT INTO Taxon(id, name, level) VALUES (40954, 'taimede_ja_loomade_eluavaldused', 'SUBTOPIC');
INSERT INTO Subtopic(id, topic) VALUES (40954, 30100);
INSERT INTO Taxon(id, name, level) VALUES (40955, 'veetaimed_ja_-loomad', 'SUBTOPIC');
INSERT INTO Subtopic(id, topic) VALUES (40955, 30100);
INSERT INTO Taxon(id, name, level) VALUES (40956, 'liik,_kooslus,_toiduahel', 'SUBTOPIC');
INSERT INTO Subtopic(id, topic) VALUES (40956, 30101);
INSERT INTO Taxon(id, name, level) VALUES (40957, 'loomade_mitmekesisus', 'SUBTOPIC');
INSERT INTO Subtopic(id, topic) VALUES (40957, 30101);
INSERT INTO Taxon(id, name, level) VALUES (40958, 'samblikud', 'SUBTOPIC');
INSERT INTO Subtopic(id, topic) VALUES (40958, 30101);
INSERT INTO Taxon(id, name, level) VALUES (40959, 'seente_mitmekesisus', 'SUBTOPIC');
INSERT INTO Subtopic(id, topic) VALUES (40959, 30101);
INSERT INTO Taxon(id, name, level) VALUES (40960, 'taimede_mitmekesisus', 'SUBTOPIC');
INSERT INTO Subtopic(id, topic) VALUES (40960, 30101);
INSERT INTO Taxon(id, name, level) VALUES (40961, 'kodukoha_ja_Eesti_pinnavormid_ning_pinnamood', 'SUBTOPIC');
INSERT INTO Subtopic(id, topic) VALUES (40961, 30102);
INSERT INTO Taxon(id, name, level) VALUES (40962, 'mandrijää_osa_pinnamoe_kujunemises', 'SUBTOPIC');
INSERT INTO Subtopic(id, topic) VALUES (40962, 30102);
INSERT INTO Taxon(id, name, level) VALUES (40963, 'pinnamoe_mõju_inimtegevusele', 'SUBTOPIC');
INSERT INTO Subtopic(id, topic) VALUES (40963, 30102);
INSERT INTO Taxon(id, name, level) VALUES (40964, 'pinnavormid,_nende_kujutamine_kaardil', 'SUBTOPIC');
INSERT INTO Subtopic(id, topic) VALUES (40964, 30102);
INSERT INTO Taxon(id, name, level) VALUES (40965, 'suuremad_kõrgustikud,_madalikud_ja_tasandikud,_paekallas', 'SUBTOPIC');
INSERT INTO Subtopic(id, topic) VALUES (40965, 30102);
INSERT INTO Taxon(id, name, level) VALUES (40966, 'Eesti_asend_Euroopas', 'SUBTOPIC');
INSERT INTO Subtopic(id, topic) VALUES (40966, 30103);
INSERT INTO Taxon(id, name, level) VALUES (40967, 'erinevad_kaardid', 'SUBTOPIC');
INSERT INTO Subtopic(id, topic) VALUES (40967, 30103);
INSERT INTO Taxon(id, name, level) VALUES (40968, 'geograafilise_asendi_iseloomustamine', 'SUBTOPIC');
INSERT INTO Subtopic(id, topic) VALUES (40968, 30103);
INSERT INTO Taxon(id, name, level) VALUES (40969, 'gloobus_kui_maa_mudel', 'SUBTOPIC');
INSERT INTO Subtopic(id, topic) VALUES (40969, 30103);
INSERT INTO Taxon(id, name, level) VALUES (40970, 'looduskatastroofid', 'SUBTOPIC');
INSERT INTO Subtopic(id, topic) VALUES (40970, 30103);
INSERT INTO Taxon(id, name, level) VALUES (40971, 'maa_kujutamine_kaartidel', 'SUBTOPIC');
INSERT INTO Subtopic(id, topic) VALUES (40971, 30103);
INSERT INTO Taxon(id, name, level) VALUES (40972, 'mandrid_ja_ookeanid', 'SUBTOPIC');
INSERT INTO Subtopic(id, topic) VALUES (40972, 30103);
INSERT INTO Taxon(id, name, level) VALUES (40973, 'suuremad_riigid_euroopa_kaardil', 'SUBTOPIC');
INSERT INTO Subtopic(id, topic) VALUES (40973, 30103);
INSERT INTO Taxon(id, name, level) VALUES (40974, 'elutingimused_soos', 'SUBTOPIC');
INSERT INTO Subtopic(id, topic) VALUES (40974, 30104);
INSERT INTO Taxon(id, name, level) VALUES (40975, 'kütteturba_tootmise_tehnoloogia', 'SUBTOPIC');
INSERT INTO Subtopic(id, topic) VALUES (40975, 30104);
INSERT INTO Taxon(id, name, level) VALUES (40976, 'soo_elukeskkonnana', 'SUBTOPIC');
INSERT INTO Subtopic(id, topic) VALUES (40976, 30104);
INSERT INTO Taxon(id, name, level) VALUES (40977, 'soode_areng', 'SUBTOPIC');
INSERT INTO Subtopic(id, topic) VALUES (40977, 30104);
INSERT INTO Taxon(id, name, level) VALUES (40978, 'soode_elustik', 'SUBTOPIC');
INSERT INTO Subtopic(id, topic) VALUES (40978, 30104);
INSERT INTO Taxon(id, name, level) VALUES (40979, 'soode_teke_ja_paiknemine', 'SUBTOPIC');
INSERT INTO Subtopic(id, topic) VALUES (40979, 30104);
INSERT INTO Taxon(id, name, level) VALUES (40980, 'soode_tähtsus', 'SUBTOPIC');
INSERT INTO Subtopic(id, topic) VALUES (40980, 30104);
INSERT INTO Taxon(id, name, level) VALUES (40981, 'turba_kasutamine', 'SUBTOPIC');
INSERT INTO Subtopic(id, topic) VALUES (40981, 30104);
INSERT INTO Taxon(id, name, level) VALUES (40982, 'joogivesi', 'SUBTOPIC');
INSERT INTO Subtopic(id, topic) VALUES (40982, 30105);
INSERT INTO Taxon(id, name, level) VALUES (40983, 'märgamine_ja_kapillaarsus', 'SUBTOPIC');
INSERT INTO Subtopic(id, topic) VALUES (40983, 30105);
INSERT INTO Taxon(id, name, level) VALUES (40984, 'põhjavesi', 'SUBTOPIC');
INSERT INTO Subtopic(id, topic) VALUES (40984, 30105);
INSERT INTO Taxon(id, name, level) VALUES (40985, 'vedela_ja_gaasilise_aine_omadused', 'SUBTOPIC');
INSERT INTO Subtopic(id, topic) VALUES (40985, 30105);
INSERT INTO Taxon(id, name, level) VALUES (40986, 'vee_kasutamine', 'SUBTOPIC');
INSERT INTO Subtopic(id, topic) VALUES (40986, 30105);
INSERT INTO Taxon(id, name, level) VALUES (40987, 'vee_olekud_ja_nende_muutumine', 'SUBTOPIC');
INSERT INTO Subtopic(id, topic) VALUES (40987, 30105);
INSERT INTO Taxon(id, name, level) VALUES (40988, 'vee_omadused', 'SUBTOPIC');
INSERT INTO Subtopic(id, topic) VALUES (40988, 30105);
INSERT INTO Taxon(id, name, level) VALUES (40989, 'vee_puhastamine', 'SUBTOPIC');
INSERT INTO Subtopic(id, topic) VALUES (40989, 30105);
INSERT INTO Taxon(id, name, level) VALUES (40990, 'vee_reostumine_ja_kaitse', 'SUBTOPIC');
INSERT INTO Subtopic(id, topic) VALUES (40990, 30105);
INSERT INTO Taxon(id, name, level) VALUES (40991, 'vee_soojuspaisumine', 'SUBTOPIC');
INSERT INTO Subtopic(id, topic) VALUES (40991, 30105);
INSERT INTO Taxon(id, name, level) VALUES (40992, 'hapniku_tähtsus_looduslikes_protsessides', 'SUBTOPIC');
INSERT INTO Subtopic(id, topic) VALUES (40992, 30106);
INSERT INTO Taxon(id, name, level) VALUES (40993, 'ilm_ja_ilmastik', 'SUBTOPIC');
INSERT INTO Subtopic(id, topic) VALUES (40993, 30106);
INSERT INTO Taxon(id, name, level) VALUES (40994, 'ilma_ennustamine', 'SUBTOPIC');
INSERT INTO Subtopic(id, topic) VALUES (40994, 30106);
INSERT INTO Taxon(id, name, level) VALUES (40995, 'kuiv_ja_niiske_õhk', 'SUBTOPIC');
INSERT INTO Subtopic(id, topic) VALUES (40995, 30106);
INSERT INTO Taxon(id, name, level) VALUES (40996, 'organismide_kohastumine_õhkkeskkonnaga', 'SUBTOPIC');
INSERT INTO Subtopic(id, topic) VALUES (40996, 30106);
INSERT INTO Taxon(id, name, level) VALUES (40997, 'pilved_ja_sademed', 'SUBTOPIC');
INSERT INTO Subtopic(id, topic) VALUES (40997, 30106);
INSERT INTO Taxon(id, name, level) VALUES (40998, 'sademete_mõõtmine', 'SUBTOPIC');
INSERT INTO Subtopic(id, topic) VALUES (40998, 30106);
INSERT INTO Taxon(id, name, level) VALUES (40999, 'veeringe', 'SUBTOPIC');
INSERT INTO Subtopic(id, topic) VALUES (40999, 30106);
INSERT INTO Taxon(id, name, level) VALUES (41000, 'õhk_elukeskkonnana', 'SUBTOPIC');
INSERT INTO Subtopic(id, topic) VALUES (41000, 30106);
INSERT INTO Taxon(id, name, level) VALUES (41001, 'õhu_koostis', 'SUBTOPIC');
INSERT INTO Subtopic(id, topic) VALUES (41001, 30106);
INSERT INTO Taxon(id, name, level) VALUES (41002, 'õhu_liikumine_soojenedes', 'SUBTOPIC');
INSERT INTO Subtopic(id, topic) VALUES (41002, 30106);
INSERT INTO Taxon(id, name, level) VALUES (41003, 'õhu_omadused', 'SUBTOPIC');
INSERT INTO Subtopic(id, topic) VALUES (41003, 30106);
INSERT INTO Taxon(id, name, level) VALUES (41004, 'õhu_saastumise_vältimine', 'SUBTOPIC');
INSERT INTO Subtopic(id, topic) VALUES (41004, 30106);
INSERT INTO Taxon(id, name, level) VALUES (41005, 'õhu_tähtsus', 'SUBTOPIC');
INSERT INTO Subtopic(id, topic) VALUES (41005, 30106);
INSERT INTO Taxon(id, name, level) VALUES (41006, 'õhuliikumine_ja_tuul', 'SUBTOPIC');
INSERT INTO Subtopic(id, topic) VALUES (41006, 30106);
INSERT INTO Taxon(id, name, level) VALUES (41007, 'õhutemperatuur_ja_selle_mõõtmine', 'SUBTOPIC');
INSERT INTO Subtopic(id, topic) VALUES (41007, 30106);
INSERT INTO Taxon(id, name, level) VALUES (41008, 'õhutemperatuuri_ööpäevane_muutumine', 'SUBTOPIC');
INSERT INTO Subtopic(id, topic) VALUES (41008, 30106);
INSERT INTO Taxon(id, name, level) VALUES (41009, 'bioloogia_peamised_uurimismeetodid', 'SUBTOPIC');
INSERT INTO Subtopic(id, topic) VALUES (41009, 30107);
INSERT INTO Taxon(id, name, level) VALUES (41010, 'bioloogia_roll_tänapäeva_tehnoloogia_arendamisel', 'SUBTOPIC');
INSERT INTO Subtopic(id, topic) VALUES (41010, 30107);
INSERT INTO Taxon(id, name, level) VALUES (41011, 'bioloogia_sisu_ja_seos_teiste_loodusteadustega', 'SUBTOPIC');
INSERT INTO Subtopic(id, topic) VALUES (41011, 30107);
INSERT INTO Taxon(id, name, level) VALUES (41012, 'eri_organismirühmade_esindajate_eluavaldused', 'SUBTOPIC');
INSERT INTO Subtopic(id, topic) VALUES (41012, 30107);
INSERT INTO Taxon(id, name, level) VALUES (41013, 'loodusteadusliku_meetodi_etapid_ja_rakendamine', 'SUBTOPIC');
INSERT INTO Subtopic(id, topic) VALUES (41013, 30107);
INSERT INTO Taxon(id, name, level) VALUES (41014, 'organismide_jaotamine', 'SUBTOPIC');
INSERT INTO Subtopic(id, topic) VALUES (41014, 30107);
INSERT INTO Taxon(id, name, level) VALUES (41015, 'organismide_välistunnuste_võrdlus', 'SUBTOPIC');
INSERT INTO Subtopic(id, topic) VALUES (41015, 30107);
INSERT INTO Taxon(id, name, level) VALUES (41016, 'bioloogiline_evolutsioon', 'SUBTOPIC');
INSERT INTO Subtopic(id, topic) VALUES (41016, 30108);
INSERT INTO Taxon(id, name, level) VALUES (41017, 'evolutsiooni_tähtsamad_etapid', 'SUBTOPIC');
INSERT INTO Subtopic(id, topic) VALUES (41017, 30108);
INSERT INTO Taxon(id, name, level) VALUES (41018, 'inimese_evolutsiooni_eripära', 'SUBTOPIC');
INSERT INTO Subtopic(id, topic) VALUES (41018, 30108);
INSERT INTO Taxon(id, name, level) VALUES (41019, 'kohastumise_osa_evolutsioonis', 'SUBTOPIC');
INSERT INTO Subtopic(id, topic) VALUES (41019, 30108);
INSERT INTO Taxon(id, name, level) VALUES (41020, 'liikide_teke_ja_muutumine', 'SUBTOPIC');
INSERT INTO Subtopic(id, topic) VALUES (41020, 30108);
INSERT INTO Taxon(id, name, level) VALUES (41021, 'looduslik_valik,_olelusvõitlus', 'SUBTOPIC');
INSERT INTO Subtopic(id, topic) VALUES (41021, 30108);
INSERT INTO Taxon(id, name, level) VALUES (41022, 'hapniku_ülesanne_rakkudes', 'SUBTOPIC');
INSERT INTO Subtopic(id, topic) VALUES (41022, 30109);
INSERT INTO Taxon(id, name, level) VALUES (41023, 'hingamiselundkonna_ehitus_ja_talitlus', 'SUBTOPIC');
INSERT INTO Subtopic(id, topic) VALUES (41023, 30109);
INSERT INTO Taxon(id, name, level) VALUES (41024, 'hingamiselundkonna_haigused', 'SUBTOPIC');
INSERT INTO Subtopic(id, topic) VALUES (41024, 30109);
INSERT INTO Taxon(id, name, level) VALUES (41025, 'organismi_hapnikuvajadus,_hingamise_regulatsioon', 'SUBTOPIC');
INSERT INTO Subtopic(id, topic) VALUES (41025, 30109);
INSERT INTO Taxon(id, name, level) VALUES (41026, 'sisse-_ja_väljahingatava_õhu_koostise_võrdlus', 'SUBTOPIC');
INSERT INTO Subtopic(id, topic) VALUES (41026, 30109);
INSERT INTO Taxon(id, name, level) VALUES (41027, 'treeningu_mõju_hingamiselundkonnale', 'SUBTOPIC');
INSERT INTO Subtopic(id, topic) VALUES (41027, 30109);
INSERT INTO Taxon(id, name, level) VALUES (41028, 'haistmis-_ja_maitsmismeel', 'SUBTOPIC');
INSERT INTO Subtopic(id, topic) VALUES (41028, 30110);
INSERT INTO Taxon(id, name, level) VALUES (41029, 'infovahetus_väliskeskkonnaga_üldiselt_ja_läbivalt', 'SUBTOPIC');
INSERT INTO Subtopic(id, topic) VALUES (41029, 30110);
INSERT INTO Taxon(id, name, level) VALUES (41030, 'kuulmishäirete_vältimine_ja_korrigeerimine', 'SUBTOPIC');
INSERT INTO Subtopic(id, topic) VALUES (41030, 30110);
INSERT INTO Taxon(id, name, level) VALUES (41031, 'kõrvade_ehitus,_kuulmis-_ja_tasakaalumeel', 'SUBTOPIC');
INSERT INTO Subtopic(id, topic) VALUES (41031, 30110);
INSERT INTO Taxon(id, name, level) VALUES (41032, 'nägemishäirete_vältimine_ja_korrigeerimine', 'SUBTOPIC');
INSERT INTO Subtopic(id, topic) VALUES (41032, 30110);
INSERT INTO Taxon(id, name, level) VALUES (41033, 'silma_ehitus_ja_talitlus,_nägemismeel', 'SUBTOPIC');
INSERT INTO Subtopic(id, topic) VALUES (41033, 30110);
INSERT INTO Taxon(id, name, level) VALUES (41034, 'inimese_elundkondade_põhiülesanded', 'SUBTOPIC');
INSERT INTO Subtopic(id, topic) VALUES (41034, 30111);
INSERT INTO Taxon(id, name, level) VALUES (41035, 'naha_ehitus_ja_ülesanded', 'SUBTOPIC');
INSERT INTO Subtopic(id, topic) VALUES (41035, 30111);
INSERT INTO Taxon(id, name, level) VALUES (41036, 'inimese_luustiku_võrdlus_teiste_selgroogsete_loomadega', 'SUBTOPIC');
INSERT INTO Subtopic(id, topic) VALUES (41036, 30112);
INSERT INTO Taxon(id, name, level) VALUES (41037, 'lihaste_ehituse_ja_talitluse_kooskõla', 'SUBTOPIC');
INSERT INTO Subtopic(id, topic) VALUES (41037, 30112);
INSERT INTO Taxon(id, name, level) VALUES (41038, 'luu-_ja_lihaskoe_mikroskoopiline_ehitus', 'SUBTOPIC');
INSERT INTO Subtopic(id, topic) VALUES (41038, 30112);
INSERT INTO Taxon(id, name, level) VALUES (41039, 'luude_ehituse_iseärasused', 'SUBTOPIC');
INSERT INTO Subtopic(id, topic) VALUES (41039, 30112);
INSERT INTO Taxon(id, name, level) VALUES (41040, 'luude_ja_lihaste_osa_tugi-_ja_liikumiselundkonnas', 'SUBTOPIC');
INSERT INTO Subtopic(id, topic) VALUES (41040, 30112);
INSERT INTO Taxon(id, name, level) VALUES (41041, 'luudevaheliste_ühenduste_tüübid_ja_tähtsus', 'SUBTOPIC');
INSERT INTO Subtopic(id, topic) VALUES (41041, 30112);
INSERT INTO Taxon(id, name, level) VALUES (41042, 'luumurrud,_lihasvenitused_ja_-rebendid', 'SUBTOPIC');
INSERT INTO Subtopic(id, topic) VALUES (41042, 30112);
INSERT INTO Taxon(id, name, level) VALUES (41043, 'treeningu_mõju_tugi-_ja_liikumiselundkonnale', 'SUBTOPIC');
INSERT INTO Subtopic(id, topic) VALUES (41043, 30112);
INSERT INTO Taxon(id, name, level) VALUES (41044, 'bakterhaigustesse_nakatumine', 'SUBTOPIC');
INSERT INTO Subtopic(id, topic) VALUES (41044, 30113);
INSERT INTO Taxon(id, name, level) VALUES (41045, 'bakterite_aeroobne_ja_anaeroobne_eluviis_ning_parasitism', 'SUBTOPIC');
INSERT INTO Subtopic(id, topic) VALUES (41045, 30113);
INSERT INTO Taxon(id, name, level) VALUES (41046, 'bakterite_ja_algloomade_võrdlus_loomade_ning_taimedega', 'SUBTOPIC');
INSERT INTO Subtopic(id, topic) VALUES (41046, 30113);
INSERT INTO Taxon(id, name, level) VALUES (41047, 'bakterite_osa_looduses_ja_inimtegevuses', 'SUBTOPIC');
INSERT INTO Subtopic(id, topic) VALUES (41047, 30113);
INSERT INTO Taxon(id, name, level) VALUES (41048, 'bakterite_paljunemine_ja_levik', 'SUBTOPIC');
INSERT INTO Subtopic(id, topic) VALUES (41048, 30113);
INSERT INTO Taxon(id, name, level) VALUES (41049, 'käärimiseks_vajalikud_tingimused', 'SUBTOPIC');
INSERT INTO Subtopic(id, topic) VALUES (41049, 30113);
INSERT INTO Taxon(id, name, level) VALUES (41050, 'mikroorganismidega_seotud_elukutsed', 'SUBTOPIC');
INSERT INTO Subtopic(id, topic) VALUES (41050, 30113);
INSERT INTO Taxon(id, name, level) VALUES (41051, 'vabalt_elavad_ja_parasiitsed_mikroorganismid', 'SUBTOPIC');
INSERT INTO Subtopic(id, topic) VALUES (41051, 30113);
INSERT INTO Taxon(id, name, level) VALUES (41052, 'viiruste_ehituse_ja_talitluse_eripära', 'SUBTOPIC');
INSERT INTO Subtopic(id, topic) VALUES (41052, 30113);
INSERT INTO Taxon(id, name, level) VALUES (41053, 'viirustega_nakatumine', 'SUBTOPIC');
INSERT INTO Subtopic(id, topic) VALUES (41053, 30113);
INSERT INTO Taxon(id, name, level) VALUES (41054, 'inimorganismi_talitluse_muutused_sünnist_surmani', 'SUBTOPIC');
INSERT INTO Subtopic(id, topic) VALUES (41054, 30114);
INSERT INTO Taxon(id, name, level) VALUES (41055, 'mehe_ja_naise_suguelundkond', 'SUBTOPIC');
INSERT INTO Subtopic(id, topic) VALUES (41055, 30114);
INSERT INTO Taxon(id, name, level) VALUES (41056, 'muna-_ja_seemnerakkude_küpsemine', 'SUBTOPIC');
INSERT INTO Subtopic(id, topic) VALUES (41056, 30114);
INSERT INTO Taxon(id, name, level) VALUES (41057, 'munaraku_viljastumine,_loote_areng,_rasedus_ja_sünnitus', 'SUBTOPIC');
INSERT INTO Subtopic(id, topic) VALUES (41057, 30114);
INSERT INTO Taxon(id, name, level) VALUES (41058, 'pere_plaanimine,_abordiga_kaasnevad_riskid', 'SUBTOPIC');
INSERT INTO Subtopic(id, topic) VALUES (41058, 30114);
INSERT INTO Taxon(id, name, level) VALUES (41059, 'suguelundkonna_tervishoid,_suguhaigused', 'SUBTOPIC');
INSERT INTO Subtopic(id, topic) VALUES (41059, 30114);
INSERT INTO Taxon(id, name, level) VALUES (41060, 'DNA,_geenid_ja_kromosoomid', 'SUBTOPIC');
INSERT INTO Subtopic(id, topic) VALUES (41060, 30115);
INSERT INTO Taxon(id, name, level) VALUES (41061, 'geenide_pärandumine,_tunnuste_avaldumine', 'SUBTOPIC');
INSERT INTO Subtopic(id, topic) VALUES (41061, 30115);
INSERT INTO Taxon(id, name, level) VALUES (41062, 'geenitehnoloogia_ja_seotud_elukutsed', 'SUBTOPIC');
INSERT INTO Subtopic(id, topic) VALUES (41062, 30115);
INSERT INTO Taxon(id, name, level) VALUES (41063, 'geneetikaülesanded', 'SUBTOPIC');
INSERT INTO Subtopic(id, topic) VALUES (41063, 30115);
INSERT INTO Taxon(id, name, level) VALUES (41064, 'mittepärilik_muutlikkus', 'SUBTOPIC');
INSERT INTO Subtopic(id, topic) VALUES (41064, 30115);
INSERT INTO Taxon(id, name, level) VALUES (41065, 'organismi_tunnuste_kujunemine', 'SUBTOPIC');
INSERT INTO Subtopic(id, topic) VALUES (41065, 30115);
INSERT INTO Taxon(id, name, level) VALUES (41066, 'pärilikkuse_muutmine,_teadus_ja_eetika', 'SUBTOPIC');
INSERT INTO Subtopic(id, topic) VALUES (41066, 30115);
INSERT INTO Taxon(id, name, level) VALUES (41067, 'päriliku_muutlikkuse_tähtsus', 'SUBTOPIC');
INSERT INTO Subtopic(id, topic) VALUES (41067, 30115);
INSERT INTO Taxon(id, name, level) VALUES (41068, 'pärilikud_ja_päriliku_eelsoodumusega_haigused', 'SUBTOPIC');
INSERT INTO Subtopic(id, topic) VALUES (41068, 30115);
INSERT INTO Taxon(id, name, level) VALUES (41069, 'inimese_seedeelundkond', 'SUBTOPIC');
INSERT INTO Subtopic(id, topic) VALUES (41069, 30116);
INSERT INTO Taxon(id, name, level) VALUES (41070, 'kopsude,_naha_ja_soolestiku_eritamisülesanne', 'SUBTOPIC');
INSERT INTO Subtopic(id, topic) VALUES (41070, 30116);
INSERT INTO Taxon(id, name, level) VALUES (41071, 'neerude_tööpõhimõte', 'SUBTOPIC');
INSERT INTO Subtopic(id, topic) VALUES (41071, 30116);
INSERT INTO Taxon(id, name, level) VALUES (41072, 'organismi_energiavajadust_mõjutavad_tegurid', 'SUBTOPIC');
INSERT INTO Subtopic(id, topic) VALUES (41072, 30116);
INSERT INTO Taxon(id, name, level) VALUES (41073, 'tervislik_toitumine,_üle-_ja_alakaalulisus', 'SUBTOPIC');
INSERT INTO Subtopic(id, topic) VALUES (41073, 30116);
INSERT INTO Taxon(id, name, level) VALUES (41074, 'eoste_levimise_viisid_ja_idanemise_tingimused', 'SUBTOPIC');
INSERT INTO Subtopic(id, topic) VALUES (41074, 30117);
INSERT INTO Taxon(id, name, level) VALUES (41075, 'inimeste_ja_taimede_nakatumine_seenhaigustesse', 'SUBTOPIC');
INSERT INTO Subtopic(id, topic) VALUES (41075, 30117);
INSERT INTO Taxon(id, name, level) VALUES (41076, 'käärimiseks_vajalikud_tingimused', 'SUBTOPIC');
INSERT INTO Subtopic(id, topic) VALUES (41076, 30117);
INSERT INTO Taxon(id, name, level) VALUES (41077, 'samblike_mitmekesisus,_kasvuvormid_ja_-kohad', 'SUBTOPIC');
INSERT INTO Subtopic(id, topic) VALUES (41077, 30117);
INSERT INTO Taxon(id, name, level) VALUES (41078, 'samblike_toitumine', 'SUBTOPIC');
INSERT INTO Subtopic(id, topic) VALUES (41078, 30117);
INSERT INTO Taxon(id, name, level) VALUES (41079, 'samblikud_kui_seente_ja_vetikate_kooseluvorm', 'SUBTOPIC');
INSERT INTO Subtopic(id, topic) VALUES (41079, 30117);
INSERT INTO Taxon(id, name, level) VALUES (41080, 'seened_ja_samblikud_looduses_ja_inimtegevuses', 'SUBTOPIC');
INSERT INTO Subtopic(id, topic) VALUES (41080, 30117);
INSERT INTO Taxon(id, name, level) VALUES (41081, 'seente_paljunemine_eoste_ja_pungumise_teel', 'SUBTOPIC');
INSERT INTO Subtopic(id, topic) VALUES (41081, 30117);
INSERT INTO Taxon(id, name, level) VALUES (41082, 'seente_välisehituse_ja_talitluste_võrdlus_taimede_ja_loomadega', 'SUBTOPIC');
INSERT INTO Subtopic(id, topic) VALUES (41082, 30117);
INSERT INTO Taxon(id, name, level) VALUES (41083, 'seente_välisehituse_mitmekesisus,_kott-_ja_kandseened', 'SUBTOPIC');
INSERT INTO Subtopic(id, topic) VALUES (41083, 30117);
INSERT INTO Taxon(id, name, level) VALUES (41084, 'parasitism_ja_sümbioos', 'SUBTOPIC');
INSERT INTO Subtopic(id, topic) VALUES (41084, 30117);
INSERT INTO Taxon(id, name, level) VALUES (41085, 'aine-_ja_energiavahetuse_põhiprotsessid', 'SUBTOPIC');
INSERT INTO Subtopic(id, topic) VALUES (41085, 30118);
INSERT INTO Taxon(id, name, level) VALUES (41086, 'hingamiselundite_mitmekesisus', 'SUBTOPIC');
INSERT INTO Subtopic(id, topic) VALUES (41086, 30118);
INSERT INTO Taxon(id, name, level) VALUES (41087, 'loomade_südame_ja_vereringe_erinevused', 'SUBTOPIC');
INSERT INTO Subtopic(id, topic) VALUES (41087, 30118);
INSERT INTO Taxon(id, name, level) VALUES (41088, 'püsi-_ja_kõigusoojased_loomad', 'SUBTOPIC');
INSERT INTO Subtopic(id, topic) VALUES (41088, 30118);
INSERT INTO Taxon(id, name, level) VALUES (41089, 'seedeelundkonna_eripära_sõltuvalt_toidust', 'SUBTOPIC');
INSERT INTO Subtopic(id, topic) VALUES (41089, 30118);
INSERT INTO Taxon(id, name, level) VALUES (41090, 'taim,_loom-_ja_segatoidulised_loomad', 'SUBTOPIC');
INSERT INTO Subtopic(id, topic) VALUES (41090, 30118);
INSERT INTO Taxon(id, name, level) VALUES (41091, 'toidu_hankimise_viisid', 'SUBTOPIC');
INSERT INTO Subtopic(id, topic) VALUES (41091, 30118);
INSERT INTO Taxon(id, name, level) VALUES (41092, 'järglaste_eest_hoolitsemine', 'SUBTOPIC');
INSERT INTO Subtopic(id, topic) VALUES (41092, 30119);
INSERT INTO Taxon(id, name, level) VALUES (41093, 'kehasisese_viljastumise_võrdlus_kehavälisega', 'SUBTOPIC');
INSERT INTO Subtopic(id, topic) VALUES (41093, 30119);
INSERT INTO Taxon(id, name, level) VALUES (41094, 'loomade_paljunemist_mõjutavad_tegurid', 'SUBTOPIC');
INSERT INTO Subtopic(id, topic) VALUES (41094, 30119);
INSERT INTO Taxon(id, name, level) VALUES (41095, 'moondega_ja_otsese_arengu_võrdlus', 'SUBTOPIC');
INSERT INTO Subtopic(id, topic) VALUES (41095, 30119);
INSERT INTO Taxon(id, name, level) VALUES (41096, 'sünnitus_ja_lootejärgne_areng', 'SUBTOPIC');
INSERT INTO Subtopic(id, topic) VALUES (41096, 30119);
INSERT INTO Taxon(id, name, level) VALUES (41097, 'imetajad,_linnud,_roomajad,_kahepaiksed_ja_kalad', 'SUBTOPIC');
INSERT INTO Subtopic(id, topic) VALUES (41097, 30120);
INSERT INTO Taxon(id, name, level) VALUES (41098, 'loomade_jaotamine_selgrootuteks_ja_selgroogseteks', 'SUBTOPIC');
INSERT INTO Subtopic(id, topic) VALUES (41098, 30120);
INSERT INTO Taxon(id, name, level) VALUES (41099, 'loomade_püügi,_jahi_ning_kaitse_reeglid', 'SUBTOPIC');
INSERT INTO Subtopic(id, topic) VALUES (41099, 30120);
INSERT INTO Taxon(id, name, level) VALUES (41100, 'selgroogsete_loomade_meeleorganid', 'SUBTOPIC');
INSERT INTO Subtopic(id, topic) VALUES (41100, 30120);
INSERT INTO Taxon(id, name, level) VALUES (41101, 'selgroogsete_loomade_meelte_sõltuvus_eluviisist', 'SUBTOPIC');
INSERT INTO Subtopic(id, topic) VALUES (41101, 30120);
INSERT INTO Taxon(id, name, level) VALUES (41102, 'selgroogsete_loomade_roll_ökosüsteemides', 'SUBTOPIC');
INSERT INTO Subtopic(id, topic) VALUES (41102, 30120);
INSERT INTO Taxon(id, name, level) VALUES (41103, 'selgroogsete_loomade_välistunnuste_seos', 'SUBTOPIC');
INSERT INTO Subtopic(id, topic) VALUES (41103, 30120);
INSERT INTO Taxon(id, name, level) VALUES (41104, 'käsnad,_ainuõõssed,_ussid,_limused,_lülijalgsed_ja_okasnahksed', 'SUBTOPIC');
INSERT INTO Subtopic(id, topic) VALUES (41104, 30121);
INSERT INTO Taxon(id, name, level) VALUES (41105, 'lülijalgsete_välisehitus', 'SUBTOPIC');
INSERT INTO Subtopic(id, topic) VALUES (41105, 30121);
INSERT INTO Taxon(id, name, level) VALUES (41106, 'otsene,_täismoondeline_ja_vaegmoondeline_areng_loomadel', 'SUBTOPIC');
INSERT INTO Subtopic(id, topic) VALUES (41106, 30121);
INSERT INTO Taxon(id, name, level) VALUES (41107, 'peremeesorganism_ja_vaheperemees_usside_arengus', 'SUBTOPIC');
INSERT INTO Subtopic(id, topic) VALUES (41107, 30121);
INSERT INTO Taxon(id, name, level) VALUES (41108, 'putukate_ja_limuste_välistunnused', 'SUBTOPIC');
INSERT INTO Subtopic(id, topic) VALUES (41108, 30121);
INSERT INTO Taxon(id, name, level) VALUES (41109, 'selgrootute_hingamine', 'SUBTOPIC');
INSERT INTO Subtopic(id, topic) VALUES (41109, 30121);
INSERT INTO Taxon(id, name, level) VALUES (41110, 'selgrootute_loomade_kohastumused', 'SUBTOPIC');
INSERT INTO Subtopic(id, topic) VALUES (41110, 30121);
INSERT INTO Taxon(id, name, level) VALUES (41111, 'selgrootute_loomade_toidu_hankimise_viisid', 'SUBTOPIC');
INSERT INTO Subtopic(id, topic) VALUES (41111, 30121);
INSERT INTO Taxon(id, name, level) VALUES (41112, 'selgrootute_loomade_üldiseloomustus_ja_võrdlus_selgroogsetega', 'SUBTOPIC');
INSERT INTO Subtopic(id, topic) VALUES (41112, 30121);
INSERT INTO Taxon(id, name, level) VALUES (41113, 'usside,_limuste_ning_lülijalgsete_liit-_ja_lahksugulisus', 'SUBTOPIC');
INSERT INTO Subtopic(id, topic) VALUES (41113, 30121);
INSERT INTO Taxon(id, name, level) VALUES (41114, 'fotosüntees', 'SUBTOPIC');
INSERT INTO Subtopic(id, topic) VALUES (41114, 30122);
INSERT INTO Taxon(id, name, level) VALUES (41115, 'putuk-_ja_tuultolmlejad_taimed', 'SUBTOPIC');
INSERT INTO Subtopic(id, topic) VALUES (41115, 30122);
INSERT INTO Taxon(id, name, level) VALUES (41116, 'seemnete_idanemise_ja_taimede_arengu_tingimused', 'SUBTOPIC');
INSERT INTO Subtopic(id, topic) VALUES (41116, 30122);
INSERT INTO Taxon(id, name, level) VALUES (41117, 'suguline_ja_mittesuguline_paljunemine', 'SUBTOPIC');
INSERT INTO Subtopic(id, topic) VALUES (41117, 30122);
INSERT INTO Taxon(id, name, level) VALUES (41118, 'taime-_ja_loomaraku_peamiste_osade_ehitus_ning_talitlus', 'SUBTOPIC');
INSERT INTO Subtopic(id, topic) VALUES (41118, 30122);
INSERT INTO Taxon(id, name, level) VALUES (41119, 'taimede_ehituse_ja_talitluse_erinevused_võrreldes_loomadega', 'SUBTOPIC');
INSERT INTO Subtopic(id, topic) VALUES (41119, 30122);
INSERT INTO Taxon(id, name, level) VALUES (41120, 'taimede_kohastumus_levimiseks', 'SUBTOPIC');
INSERT INTO Subtopic(id, topic) VALUES (41120, 30122);
INSERT INTO Taxon(id, name, level) VALUES (41121, 'taimede_osa_looduses_ja_inimtegevuses', 'SUBTOPIC');
INSERT INTO Subtopic(id, topic) VALUES (41121, 30122);
INSERT INTO Taxon(id, name, level) VALUES (41122, 'taimede_uurimise_ja_kasvatamisega_seotud_elukutsed', 'SUBTOPIC');
INSERT INTO Subtopic(id, topic) VALUES (41122, 30122);
INSERT INTO Taxon(id, name, level) VALUES (41123, 'taimeraku_võrdlus_loomarakuga', 'SUBTOPIC');
INSERT INTO Subtopic(id, topic) VALUES (41123, 30122);
INSERT INTO Taxon(id, name, level) VALUES (41124, 'taimerühma_paljunemine,_kasvukoht_ja_levik', 'SUBTOPIC');
INSERT INTO Subtopic(id, topic) VALUES (41124, 30122);
INSERT INTO Taxon(id, name, level) VALUES (41125, 'tõusev_ja_laskuv_vool_taimedes', 'SUBTOPIC');
INSERT INTO Subtopic(id, topic) VALUES (41125, 30122);
INSERT INTO Taxon(id, name, level) VALUES (41126, 'õis-,_paljasseemne-,_sõnajalg-_ja_sammaltaimed_ning_vetikad', 'SUBTOPIC');
INSERT INTO Subtopic(id, topic) VALUES (41126, 30122);
INSERT INTO Taxon(id, name, level) VALUES (41127, 'elundkondade_koostöö', 'SUBTOPIC');
INSERT INTO Subtopic(id, topic) VALUES (41127, 30123);
INSERT INTO Taxon(id, name, level) VALUES (41128, 'kesk-_ja_piirdenärvisüsteemi_ehitus_ning_ülesanded', 'SUBTOPIC');
INSERT INTO Subtopic(id, topic) VALUES (41128, 30123);
INSERT INTO Taxon(id, name, level) VALUES (41129, 'närviraku_ehitus_ja_rakuosade_ülesanded', 'SUBTOPIC');
INSERT INTO Subtopic(id, topic) VALUES (41129, 30123);
INSERT INTO Taxon(id, name, level) VALUES (41130, 'närvisüsteemi_ja_hormoonide_osa', 'SUBTOPIC');
INSERT INTO Subtopic(id, topic) VALUES (41130, 30123);
INSERT INTO Taxon(id, name, level) VALUES (41131, 'närvisüsteemi_tervishoid', 'SUBTOPIC');
INSERT INTO Subtopic(id, topic) VALUES (41131, 30123);
INSERT INTO Taxon(id, name, level) VALUES (41132, 'refleksikaare_ehitus_ja_talitlus', 'SUBTOPIC');
INSERT INTO Subtopic(id, topic) VALUES (41132, 30123);
INSERT INTO Taxon(id, name, level) VALUES (41133, 'sisenõrenäärmete_toodetavad_hormoonid', 'SUBTOPIC');
INSERT INTO Subtopic(id, topic) VALUES (41133, 30123);
INSERT INTO Taxon(id, name, level) VALUES (41134, 'erinevate_veresoonte_ehituslik_ja_talitluslik_seos', 'SUBTOPIC');
INSERT INTO Subtopic(id, topic) VALUES (41134, 30124);
INSERT INTO Taxon(id, name, level) VALUES (41135, 'imetajate_vereringeelundkonna_erisused', 'SUBTOPIC');
INSERT INTO Subtopic(id, topic) VALUES (41135, 30124);
INSERT INTO Taxon(id, name, level) VALUES (41136, 'immuunsuse_kujunemine', 'SUBTOPIC');
INSERT INTO Subtopic(id, topic) VALUES (41136, 30124);
INSERT INTO Taxon(id, name, level) VALUES (41137, 'immuunsüsteem_ja_vaktsineerimne', 'SUBTOPIC');
INSERT INTO Subtopic(id, topic) VALUES (41137, 30124);
INSERT INTO Taxon(id, name, level) VALUES (41138, 'immuunsüsteemi_häired,_allergia,_AIDS', 'SUBTOPIC');
INSERT INTO Subtopic(id, topic) VALUES (41138, 30124);
INSERT INTO Taxon(id, name, level) VALUES (41139, 'süda,_suur_ja_väike_vereringe', 'SUBTOPIC');
INSERT INTO Subtopic(id, topic) VALUES (41139, 30124);
INSERT INTO Taxon(id, name, level) VALUES (41140, 'südamelihase_ala-_ja_ülekoormuse_tagajärjed', 'SUBTOPIC');
INSERT INTO Subtopic(id, topic) VALUES (41140, 30124);
INSERT INTO Taxon(id, name, level) VALUES (41141, 'treeningu_mõju_vereringeelundkonnale', 'SUBTOPIC');
INSERT INTO Subtopic(id, topic) VALUES (41141, 30124);
INSERT INTO Taxon(id, name, level) VALUES (41142, 'vere_koostisosade_ülesanded', 'SUBTOPIC');
INSERT INTO Subtopic(id, topic) VALUES (41142, 30124);
INSERT INTO Taxon(id, name, level) VALUES (41143, 'vere_osa_organismi_immuunsüsteemis', 'SUBTOPIC');
INSERT INTO Subtopic(id, topic) VALUES (41143, 30124);
INSERT INTO Taxon(id, name, level) VALUES (41144, 'veresoonte_lupjumine,_kõrge_ja_madal_vererõhk', 'SUBTOPIC');
INSERT INTO Subtopic(id, topic) VALUES (41144, 30124);
INSERT INTO Taxon(id, name, level) VALUES (41145, 'bioloogilise_mitmekesisuse_tähtsus', 'SUBTOPIC');
INSERT INTO Subtopic(id, topic) VALUES (41145, 30125);
INSERT INTO Taxon(id, name, level) VALUES (41146, 'biomassi_juurdekasvu_püramiid,_toiduahela_lülid', 'SUBTOPIC');
INSERT INTO Subtopic(id, topic) VALUES (41146, 30125);
INSERT INTO Taxon(id, name, level) VALUES (41147, 'eluta_ja_eluslooduse_ökoloogilised_tegurid', 'SUBTOPIC');
INSERT INTO Subtopic(id, topic) VALUES (41147, 30125);
INSERT INTO Taxon(id, name, level) VALUES (41148, 'inimmõju_ökosüsteemidele', 'SUBTOPIC');
INSERT INTO Subtopic(id, topic) VALUES (41148, 30125);
INSERT INTO Taxon(id, name, level) VALUES (41149, 'keskkonnaprobleemide_lahendamine', 'SUBTOPIC');
INSERT INTO Subtopic(id, topic) VALUES (41149, 30125);
INSERT INTO Taxon(id, name, level) VALUES (41150, 'liigi-_ja_elupaigakaitse_eestis', 'SUBTOPIC');
INSERT INTO Subtopic(id, topic) VALUES (41150, 30125);
INSERT INTO Taxon(id, name, level) VALUES (41151, 'looduslik_tasakaal', 'SUBTOPIC');
INSERT INTO Subtopic(id, topic) VALUES (41151, 30125);
INSERT INTO Taxon(id, name, level) VALUES (41152, 'organismide_jaotamine_liikidesse', 'SUBTOPIC');
INSERT INTO Subtopic(id, topic) VALUES (41152, 30125);
INSERT INTO Taxon(id, name, level) VALUES (41153, 'populatsioon,_ökosüsteem_ja_biosfäär', 'SUBTOPIC');
INSERT INTO Subtopic(id, topic) VALUES (41153, 30125);
INSERT INTO Taxon(id, name, level) VALUES (41154, 'Eesti_asulad', 'SUBTOPIC');
INSERT INTO Subtopic(id, topic) VALUES (41154, 30126);
INSERT INTO Taxon(id, name, level) VALUES (41155, 'Euroopa_riigid,_Euroopa_Liit', 'SUBTOPIC');
INSERT INTO Subtopic(id, topic) VALUES (41155, 30126);
INSERT INTO Taxon(id, name, level) VALUES (41156, 'linnad_ja_maa-asulad', 'SUBTOPIC');
INSERT INTO Subtopic(id, topic) VALUES (41156, 30126);
INSERT INTO Taxon(id, name, level) VALUES (41157, 'linnastumine_Euroopas_ja_Eestis', 'SUBTOPIC');
INSERT INTO Subtopic(id, topic) VALUES (41157, 30126);
INSERT INTO Taxon(id, name, level) VALUES (41158, 'linnastumisega_kaasnevad_probleemid', 'SUBTOPIC');
INSERT INTO Subtopic(id, topic) VALUES (41158, 30126);
INSERT INTO Taxon(id, name, level) VALUES (41159, 'rahvastiku_paiknemine_Eestis', 'SUBTOPIC');
INSERT INTO Subtopic(id, topic) VALUES (41159, 30126);
INSERT INTO Taxon(id, name, level) VALUES (41160, 'rahvastiku_paiknemine_Euroopas', 'SUBTOPIC');
INSERT INTO Subtopic(id, topic) VALUES (41160, 30126);
INSERT INTO Taxon(id, name, level) VALUES (41161, 'Eesti_põhikaart', 'SUBTOPIC');
INSERT INTO Subtopic(id, topic) VALUES (41161, 30127);
INSERT INTO Taxon(id, name, level) VALUES (41162, 'Euroopa_ja_Eesti_asend', 'SUBTOPIC');
INSERT INTO Subtopic(id, topic) VALUES (41162, 30127);
INSERT INTO Taxon(id, name, level) VALUES (41163, 'Euroopa_ja_Eesti_geoloogiline_ehitus,_maavarad', 'SUBTOPIC');
INSERT INTO Subtopic(id, topic) VALUES (41163, 30127);
INSERT INTO Taxon(id, name, level) VALUES (41164, 'Euroopa_ja_Eesti_pinnamood', 'SUBTOPIC');
INSERT INTO Subtopic(id, topic) VALUES (41164, 30127);
INSERT INTO Taxon(id, name, level) VALUES (41165, 'mandrijää_tegevus_pinnamoe_kujunemises', 'SUBTOPIC');
INSERT INTO Subtopic(id, topic) VALUES (41165, 30127);
INSERT INTO Taxon(id, name, level) VALUES (41166, 'Eesti_energiamajandus', 'SUBTOPIC');
INSERT INTO Subtopic(id, topic) VALUES (41166, 30128);
INSERT INTO Taxon(id, name, level) VALUES (41167, 'energiaallikad,_nende_kasutamine', 'SUBTOPIC');
INSERT INTO Subtopic(id, topic) VALUES (41167, 30128);
INSERT INTO Taxon(id, name, level) VALUES (41168, 'erinevate_tööstusharude_geograafia', 'SUBTOPIC');
INSERT INTO Subtopic(id, topic) VALUES (41168, 30128);
INSERT INTO Taxon(id, name, level) VALUES (41169, 'Euroopa_energiamajandus', 'SUBTOPIC');
INSERT INTO Subtopic(id, topic) VALUES (41169, 30128);
INSERT INTO Taxon(id, name, level) VALUES (41170, 'Euroopa_majanduspiirkonnad', 'SUBTOPIC');
INSERT INTO Subtopic(id, topic) VALUES (41170, 30128);
INSERT INTO Taxon(id, name, level) VALUES (41171, 'majandusressursid_ja_majanduse_struktuur', 'SUBTOPIC');
INSERT INTO Subtopic(id, topic) VALUES (41171, 30128);
INSERT INTO Taxon(id, name, level) VALUES (41172, 'põlevkivi_kasutamine_ja_keskkonnaprobleemid', 'SUBTOPIC');
INSERT INTO Subtopic(id, topic) VALUES (41172, 30128);
INSERT INTO Taxon(id, name, level) VALUES (41173, 'Eesti_rahvuslik_koosseis', 'SUBTOPIC');
INSERT INTO Subtopic(id, topic) VALUES (41173, 30129);
INSERT INTO Taxon(id, name, level) VALUES (41174, 'Euroopa_ja_Eesti_rahvaarv,_selle_muutumine', 'SUBTOPIC');
INSERT INTO Subtopic(id, topic) VALUES (41174, 30129);
INSERT INTO Taxon(id, name, level) VALUES (41175, 'Euroopa_rahvad', 'SUBTOPIC');
INSERT INTO Subtopic(id, topic) VALUES (41175, 30129);
INSERT INTO Taxon(id, name, level) VALUES (41176, 'rahvastiku_soolis-vanuseline_koosseis', 'SUBTOPIC');
INSERT INTO Subtopic(id, topic) VALUES (41176, 30129);
INSERT INTO Taxon(id, name, level) VALUES (41177, 'ränded', 'SUBTOPIC');
INSERT INTO Subtopic(id, topic) VALUES (41177, 30129);
INSERT INTO Taxon(id, name, level) VALUES (41178, 'sündimus,_suremus,_loomulik_iive_Euroopas', 'SUBTOPIC');
INSERT INTO Subtopic(id, topic) VALUES (41178, 30129);
INSERT INTO Taxon(id, name, level) VALUES (41179, 'Eesti_transport', 'SUBTOPIC');
INSERT INTO Subtopic(id, topic) VALUES (41179, 30130);
INSERT INTO Taxon(id, name, level) VALUES (41180, 'Euroopa_ja_Eesti_turism', 'SUBTOPIC');
INSERT INTO Subtopic(id, topic) VALUES (41180, 30130);
INSERT INTO Taxon(id, name, level) VALUES (41181, 'Euroopa_peamised_turismiressursid', 'SUBTOPIC');
INSERT INTO Subtopic(id, topic) VALUES (41181, 30130);
INSERT INTO Taxon(id, name, level) VALUES (41182, 'Euroopa_transpordikoridorid', 'SUBTOPIC');
INSERT INTO Subtopic(id, topic) VALUES (41182, 30130);
INSERT INTO Taxon(id, name, level) VALUES (41183, 'teeninduse_liigid', 'SUBTOPIC');
INSERT INTO Subtopic(id, topic) VALUES (41183, 30130);
INSERT INTO Taxon(id, name, level) VALUES (41184, 'transpordi_liigid', 'SUBTOPIC');
INSERT INTO Subtopic(id, topic) VALUES (41184, 30130);
INSERT INTO Taxon(id, name, level) VALUES (41185, 'turism_kui_kiiresti_arenev_majandusharu', 'SUBTOPIC');
INSERT INTO Subtopic(id, topic) VALUES (41185, 30130);
INSERT INTO Taxon(id, name, level) VALUES (41186, 'turismi_liigid', 'SUBTOPIC');
INSERT INTO Subtopic(id, topic) VALUES (41186, 30130);
INSERT INTO Taxon(id, name, level) VALUES (41187, 'turismiga_kaasnevad_keskkonnaprobleemid', 'SUBTOPIC');
INSERT INTO Subtopic(id, topic) VALUES (41187, 30130);
INSERT INTO Taxon(id, name, level) VALUES (41188, 'elu_seismilistes_ja_vulkaanilistes_piirkondades', 'SUBTOPIC');
INSERT INTO Subtopic(id, topic) VALUES (41188, 30131);
INSERT INTO Taxon(id, name, level) VALUES (41189, 'kivimid_ja_nende_teke', 'SUBTOPIC');
INSERT INTO Subtopic(id, topic) VALUES (41189, 30131);
INSERT INTO Taxon(id, name, level) VALUES (41190, 'laamad_ja_laamade_liikumine', 'SUBTOPIC');
INSERT INTO Subtopic(id, topic) VALUES (41190, 30131);
INSERT INTO Taxon(id, name, level) VALUES (41191, 'Maa_siseehitus,_maakoore_ehitus', 'SUBTOPIC');
INSERT INTO Subtopic(id, topic) VALUES (41191, 30131);
INSERT INTO Taxon(id, name, level) VALUES (41192, 'maavärinad,_murrangud', 'SUBTOPIC');
INSERT INTO Subtopic(id, topic) VALUES (41192, 30131);
INSERT INTO Taxon(id, name, level) VALUES (41193, 'vulkaaniline_tegevus', 'SUBTOPIC');
INSERT INTO Subtopic(id, topic) VALUES (41193, 30131);
INSERT INTO Taxon(id, name, level) VALUES (41194, 'ajavööndid', 'SUBTOPIC');
INSERT INTO Subtopic(id, topic) VALUES (41194, 30132);
INSERT INTO Taxon(id, name, level) VALUES (41195, 'geograafilised_koordinaadid_ja_nende_määramine', 'SUBTOPIC');
INSERT INTO Subtopic(id, topic) VALUES (41195, 30132);
INSERT INTO Taxon(id, name, level) VALUES (41196, 'kaartide_mitmekesisus', 'SUBTOPIC');
INSERT INTO Subtopic(id, topic) VALUES (41196, 30132);
INSERT INTO Taxon(id, name, level) VALUES (41197, 'leppemärgid', 'SUBTOPIC');
INSERT INTO Subtopic(id, topic) VALUES (41197, 30132);
INSERT INTO Taxon(id, name, level) VALUES (41198, 'maakera_kuju_ja_suurus', 'SUBTOPIC');
INSERT INTO Subtopic(id, topic) VALUES (41198, 30132);
INSERT INTO Taxon(id, name, level) VALUES (41199, 'mõõtkava,_vahemaade_mõõtmine', 'SUBTOPIC');
INSERT INTO Subtopic(id, topic) VALUES (41199, 30132);
INSERT INTO Taxon(id, name, level) VALUES (41200, 'suundade_määramine_kaardil_ja_looduses', 'SUBTOPIC');
INSERT INTO Subtopic(id, topic) VALUES (41200, 30132);
INSERT INTO Taxon(id, name, level) VALUES (41201, 'trüki-_ja_digitaalsed_kaardid', 'SUBTOPIC');
INSERT INTO Subtopic(id, topic) VALUES (41201, 30132);
INSERT INTO Taxon(id, name, level) VALUES (41202, 'üldgeograafilised_ja_temaatilised_kaardid', 'SUBTOPIC');
INSERT INTO Subtopic(id, topic) VALUES (41202, 30132);
INSERT INTO Taxon(id, name, level) VALUES (41203, 'aastaaegade_kujunemine', 'SUBTOPIC');
INSERT INTO Subtopic(id, topic) VALUES (41203, 30133);
INSERT INTO Taxon(id, name, level) VALUES (41204, 'atmosfäär', 'SUBTOPIC');
INSERT INTO Subtopic(id, topic) VALUES (41204, 30133);
INSERT INTO Taxon(id, name, level) VALUES (41205, 'ilm_ja_kliima', 'SUBTOPIC');
INSERT INTO Subtopic(id, topic) VALUES (41205, 30133);
INSERT INTO Taxon(id, name, level) VALUES (41206, 'kliima_ja_inimtegevus', 'SUBTOPIC');
INSERT INTO Subtopic(id, topic) VALUES (41206, 30133);
INSERT INTO Taxon(id, name, level) VALUES (41207, 'kliimakaart_ja_kliimadiagramm', 'SUBTOPIC');
INSERT INTO Subtopic(id, topic) VALUES (41207, 30133);
INSERT INTO Taxon(id, name, level) VALUES (41208, 'kliimat_kujundavad_tegurid', 'SUBTOPIC');
INSERT INTO Subtopic(id, topic) VALUES (41208, 30133);
INSERT INTO Taxon(id, name, level) VALUES (41209, 'kliimavöötmed', 'SUBTOPIC');
INSERT INTO Subtopic(id, topic) VALUES (41209, 30133);
INSERT INTO Taxon(id, name, level) VALUES (41210, 'ookeanide,_merede_ja_pinnamoe_mõju_kliimale', 'SUBTOPIC');
INSERT INTO Subtopic(id, topic) VALUES (41210, 30133);
INSERT INTO Taxon(id, name, level) VALUES (41211, 'temperatuuri_ja_õhurõhu_seos', 'SUBTOPIC');
INSERT INTO Subtopic(id, topic) VALUES (41211, 30133);
INSERT INTO Taxon(id, name, level) VALUES (41212, 'üldine_õhuringlus', 'SUBTOPIC');
INSERT INTO Subtopic(id, topic) VALUES (41212, 30133);
INSERT INTO Taxon(id, name, level) VALUES (41213, 'ekvatoriaalsed_vihmametsad', 'SUBTOPIC');
INSERT INTO Subtopic(id, topic) VALUES (41213, 30134);
INSERT INTO Taxon(id, name, level) VALUES (41214, 'energiamajandus_ja_keskkonnaprobleemid', 'SUBTOPIC');
INSERT INTO Subtopic(id, topic) VALUES (41214, 30134);
INSERT INTO Taxon(id, name, level) VALUES (41215, 'energiamajandusega_kaasnevad_keskkonnaprobleemid', 'SUBTOPIC');
INSERT INTO Subtopic(id, topic) VALUES (41215, 30134);
INSERT INTO Taxon(id, name, level) VALUES (41216, 'jõgede_veerežiim,_üleujutused_ja_jõgede_hääbumine', 'SUBTOPIC');
INSERT INTO Subtopic(id, topic) VALUES (41216, 30134);
INSERT INTO Taxon(id, name, level) VALUES (41217, 'maailma_energiamajandus', 'SUBTOPIC');
INSERT INTO Subtopic(id, topic) VALUES (41217, 30134);
INSERT INTO Taxon(id, name, level) VALUES (41218, 'maailma_energiaprobleemid', 'SUBTOPIC');
INSERT INTO Subtopic(id, topic) VALUES (41218, 30134);
INSERT INTO Taxon(id, name, level) VALUES (41219, 'maailma_energiaressursid', 'SUBTOPIC');
INSERT INTO Subtopic(id, topic) VALUES (41219, 30134);
INSERT INTO Taxon(id, name, level) VALUES (41220, 'maailma_kalandus_ja_vesiviljelus', 'SUBTOPIC');
INSERT INTO Subtopic(id, topic) VALUES (41220, 30134);
INSERT INTO Taxon(id, name, level) VALUES (41221, 'maailma_metsad', 'SUBTOPIC');
INSERT INTO Subtopic(id, topic) VALUES (41221, 30134);
INSERT INTO Taxon(id, name, level) VALUES (41222, 'maailma_toiduprobleemid', 'SUBTOPIC');
INSERT INTO Subtopic(id, topic) VALUES (41222, 30134);
INSERT INTO Taxon(id, name, level) VALUES (41223, 'maailmameri_ja_rahvusvahelised_lepped', 'SUBTOPIC');
INSERT INTO Subtopic(id, topic) VALUES (41223, 30134);
INSERT INTO Taxon(id, name, level) VALUES (41224, 'metsade_majandamine_ja_kaitse', 'SUBTOPIC');
INSERT INTO Subtopic(id, topic) VALUES (41224, 30134);
INSERT INTO Taxon(id, name, level) VALUES (41225, 'parasvöötme_okasmetsad_ja_nende_majandamine', 'SUBTOPIC');
INSERT INTO Subtopic(id, topic) VALUES (41225, 30134);
INSERT INTO Taxon(id, name, level) VALUES (41226, 'põhjavee_kujunemine,_kasutamine,_reostumine_ja_kaitse', 'SUBTOPIC');
INSERT INTO Subtopic(id, topic) VALUES (41226, 30134);
INSERT INTO Taxon(id, name, level) VALUES (41227, 'põllumajandus_ja_toiduainetööstus', 'SUBTOPIC');
INSERT INTO Subtopic(id, topic) VALUES (41227, 30134);
INSERT INTO Taxon(id, name, level) VALUES (41228, 'põllumajanduse_arengut_mõjutavad_tegurid', 'SUBTOPIC');
INSERT INTO Subtopic(id, topic) VALUES (41228, 30134);
INSERT INTO Taxon(id, name, level) VALUES (41229, 'põllumajanduse_mõju_keskkonnale', 'SUBTOPIC');
INSERT INTO Subtopic(id, topic) VALUES (41229, 30134);
INSERT INTO Taxon(id, name, level) VALUES (41230, 'põllumajanduse_spetsialiseerumine', 'SUBTOPIC');
INSERT INTO Subtopic(id, topic) VALUES (41230, 30134);
INSERT INTO Taxon(id, name, level) VALUES (41231, 'põllumajandusliku_tootmise_mitmekesisus', 'SUBTOPIC');
INSERT INTO Subtopic(id, topic) VALUES (41231, 30134);
INSERT INTO Taxon(id, name, level) VALUES (41232, 'vee_ja_veekogudega_seotud_konfliktid', 'SUBTOPIC');
INSERT INTO Subtopic(id, topic) VALUES (41232, 30134);
INSERT INTO Taxon(id, name, level) VALUES (41233, 'vesi_ja_veega_seotud_probleemid', 'SUBTOPIC');
INSERT INTO Subtopic(id, topic) VALUES (41233, 30134);
INSERT INTO Taxon(id, name, level) VALUES (41234, 'ekvatoriaalsed_vihmametsad', 'SUBTOPIC');
INSERT INTO Subtopic(id, topic) VALUES (41234, 30135);
INSERT INTO Taxon(id, name, level) VALUES (41235, 'jäävöönd', 'SUBTOPIC');
INSERT INTO Subtopic(id, topic) VALUES (41235, 30135);
INSERT INTO Taxon(id, name, level) VALUES (41236, 'keskkonnaprobleemid_loodusvööndites', 'SUBTOPIC');
INSERT INTO Subtopic(id, topic) VALUES (41236, 30135);
INSERT INTO Taxon(id, name, level) VALUES (41237, 'kõrbed', 'SUBTOPIC');
INSERT INTO Subtopic(id, topic) VALUES (41237, 30135);
INSERT INTO Taxon(id, name, level) VALUES (41238, 'kõrgusvööndilisus', 'SUBTOPIC');
INSERT INTO Subtopic(id, topic) VALUES (41238, 30135);
INSERT INTO Taxon(id, name, level) VALUES (41239, 'looduskomponentide_vastastikused_seosed', 'SUBTOPIC');
INSERT INTO Subtopic(id, topic) VALUES (41239, 30135);
INSERT INTO Taxon(id, name, level) VALUES (41240, 'loodusvööndite_paiknemise_seaduspärasused', 'SUBTOPIC');
INSERT INTO Subtopic(id, topic) VALUES (41240, 30135);
INSERT INTO Taxon(id, name, level) VALUES (41241, 'parasvöötme_okas-_ja_lehtmetsad', 'SUBTOPIC');
INSERT INTO Subtopic(id, topic) VALUES (41241, 30135);
INSERT INTO Taxon(id, name, level) VALUES (41242, 'parasvöötme_rohtlad', 'SUBTOPIC');
INSERT INTO Subtopic(id, topic) VALUES (41242, 30135);
INSERT INTO Taxon(id, name, level) VALUES (41243, 'savannid', 'SUBTOPIC');
INSERT INTO Subtopic(id, topic) VALUES (41243, 30135);
INSERT INTO Taxon(id, name, level) VALUES (41244, 'tundra', 'SUBTOPIC');
INSERT INTO Subtopic(id, topic) VALUES (41244, 30135);
INSERT INTO Taxon(id, name, level) VALUES (41245, 'vahemerelised_metsad', 'SUBTOPIC');
INSERT INTO Subtopic(id, topic) VALUES (41245, 30135);
INSERT INTO Taxon(id, name, level) VALUES (41246, 'Ampere\'i_seadus', 'SUBTOPIC');
INSERT INTO Subtopic(id, topic) VALUES (41246, 30136);
INSERT INTO Taxon(id, name, level) VALUES (41247, 'Coulomb\'i_seadus,_punktlaeng', 'SUBTOPIC');
INSERT INTO Subtopic(id, topic) VALUES (41247, 30136);
INSERT INTO Taxon(id, name, level) VALUES (41248, 'elektrilaeng,_positiivsed_ja_negatiivsed_laengud', 'SUBTOPIC');
INSERT INTO Subtopic(id, topic) VALUES (41248, 30136);
INSERT INTO Taxon(id, name, level) VALUES (41249, 'elektrivool', 'SUBTOPIC');
INSERT INTO Subtopic(id, topic) VALUES (41249, 30136);
INSERT INTO Taxon(id, name, level) VALUES (41250, 'elektrivälja_potentsiaal_ja_pinge', 'SUBTOPIC');
INSERT INTO Subtopic(id, topic) VALUES (41250, 30136);
INSERT INTO Taxon(id, name, level) VALUES (41251, 'elektrivälja_tugevus_ja_magnetinduktsioon', 'SUBTOPIC');
INSERT INTO Subtopic(id, topic) VALUES (41251, 30136);
INSERT INTO Taxon(id, name, level) VALUES (41252, 'elementaarlaeng', 'SUBTOPIC');
INSERT INTO Subtopic(id, topic) VALUES (41252, 30136);
INSERT INTO Taxon(id, name, level) VALUES (41253, 'homogeenne_elektriväli_ja_magnetväli', 'SUBTOPIC');
INSERT INTO Subtopic(id, topic) VALUES (41253, 30136);
INSERT INTO Taxon(id, name, level) VALUES (41254, 'laengu_jäävuse_seadus', 'SUBTOPIC');
INSERT INTO Subtopic(id, topic) VALUES (41254, 30136);
INSERT INTO Taxon(id, name, level) VALUES (41255, 'pinge_ja_väljatugevuse_seos', 'SUBTOPIC');
INSERT INTO Subtopic(id, topic) VALUES (41255, 30136);
INSERT INTO Taxon(id, name, level) VALUES (41256, 'punktlaengu_väljatugevus_ja_sirgvoolu_magnetinduktsioon', 'SUBTOPIC');
INSERT INTO Subtopic(id, topic) VALUES (41256, 30136);
INSERT INTO Taxon(id, name, level) VALUES (41257, 'püsimagnet_ja_vooluga_juhe', 'SUBTOPIC');
INSERT INTO Subtopic(id, topic) VALUES (41257, 30136);
INSERT INTO Taxon(id, name, level) VALUES (41258, 'välja_visualiseerimine:_välja_jõujoon_ja_ekvipotentsiaalpind', 'SUBTOPIC');
INSERT INTO Subtopic(id, topic) VALUES (41258, 30136);
INSERT INTO Taxon(id, name, level) VALUES (41259, 'elektrilaeng,_elementaarlaeng', 'SUBTOPIC');
INSERT INTO Subtopic(id, topic) VALUES (41259, 30137);
INSERT INTO Taxon(id, name, level) VALUES (41260, 'elektriline_vastastikmõju', 'SUBTOPIC');
INSERT INTO Subtopic(id, topic) VALUES (41260, 30137);
INSERT INTO Taxon(id, name, level) VALUES (41261, 'elektrimootor_ja_elektrigeneraator', 'SUBTOPIC');
INSERT INTO Subtopic(id, topic) VALUES (41261, 30137);
INSERT INTO Taxon(id, name, level) VALUES (41262, 'elektriohutus', 'SUBTOPIC');
INSERT INTO Subtopic(id, topic) VALUES (41262, 30137);
INSERT INTO Taxon(id, name, level) VALUES (41263, 'elektrisoojendusriist', 'SUBTOPIC');
INSERT INTO Subtopic(id, topic) VALUES (41263, 30137);
INSERT INTO Taxon(id, name, level) VALUES (41264, 'elektritakistus', 'SUBTOPIC');
INSERT INTO Subtopic(id, topic) VALUES (41264, 30137);
INSERT INTO Taxon(id, name, level) VALUES (41265, 'elektrivool', 'SUBTOPIC');
INSERT INTO Subtopic(id, topic) VALUES (41265, 30137);
INSERT INTO Taxon(id, name, level) VALUES (41266, 'elektrivool_looduses_ja_tehnikas', 'SUBTOPIC');
INSERT INTO Subtopic(id, topic) VALUES (41266, 30137);
INSERT INTO Taxon(id, name, level) VALUES (41267, 'elektrivool_metallis_ja_ioone_sisaldavas_lahuses', 'SUBTOPIC');
INSERT INTO Subtopic(id, topic) VALUES (41267, 30137);
INSERT INTO Taxon(id, name, level) VALUES (41268, 'elektrivoolu_toimed', 'SUBTOPIC');
INSERT INTO Subtopic(id, topic) VALUES (41268, 30137);
INSERT INTO Taxon(id, name, level) VALUES (41269, 'elektrivoolu_töö_ja_võimsus', 'SUBTOPIC');
INSERT INTO Subtopic(id, topic) VALUES (41269, 30137);
INSERT INTO Taxon(id, name, level) VALUES (41270, 'elektrivoolu_võimsus', 'SUBTOPIC');
INSERT INTO Subtopic(id, topic) VALUES (41270, 30137);
INSERT INTO Taxon(id, name, level) VALUES (41271, 'elektriväli', 'SUBTOPIC');
INSERT INTO Subtopic(id, topic) VALUES (41271, 30137);
INSERT INTO Taxon(id, name, level) VALUES (41272, 'elektromagnet', 'SUBTOPIC');
INSERT INTO Subtopic(id, topic) VALUES (41272, 30137);
INSERT INTO Taxon(id, name, level) VALUES (41273, 'eritakistus', 'SUBTOPIC');
INSERT INTO Subtopic(id, topic) VALUES (41273, 30137);
INSERT INTO Taxon(id, name, level) VALUES (41274, 'jada-_ja_rööpühenduse_kasutamise_näited', 'SUBTOPIC');
INSERT INTO Subtopic(id, topic) VALUES (41274, 30137);
INSERT INTO Taxon(id, name, level) VALUES (41275, 'juhi_takistuse_sõltuvus_materjalist_ja_juhi_mõõtmetest', 'SUBTOPIC');
INSERT INTO Subtopic(id, topic) VALUES (41275, 30137);
INSERT INTO Taxon(id, name, level) VALUES (41276, 'juht,_isolaator', 'SUBTOPIC');
INSERT INTO Subtopic(id, topic) VALUES (41276, 30137);
INSERT INTO Taxon(id, name, level) VALUES (41277, 'juhtide_jada-_ja_rööpühendus', 'SUBTOPIC');
INSERT INTO Subtopic(id, topic) VALUES (41277, 30137);
INSERT INTO Taxon(id, name, level) VALUES (41278, 'kaitse,_kaitsemaandus', 'SUBTOPIC');
INSERT INTO Subtopic(id, topic) VALUES (41278, 30137);
INSERT INTO Taxon(id, name, level) VALUES (41279, 'kehade_elektriseerimine', 'SUBTOPIC');
INSERT INTO Subtopic(id, topic) VALUES (41279, 30137);
INSERT INTO Taxon(id, name, level) VALUES (41280, 'laetud_kehad_looduses_ja_tehnikas', 'SUBTOPIC');
INSERT INTO Subtopic(id, topic) VALUES (41280, 30137);
INSERT INTO Taxon(id, name, level) VALUES (41281, 'lühis', 'SUBTOPIC');
INSERT INTO Subtopic(id, topic) VALUES (41281, 30137);
INSERT INTO Taxon(id, name, level) VALUES (41282, 'magnetnähtused', 'SUBTOPIC');
INSERT INTO Subtopic(id, topic) VALUES (41282, 30137);
INSERT INTO Taxon(id, name, level) VALUES (41283, 'magnetnähtused_looduses_ja_tehnikas', 'SUBTOPIC');
INSERT INTO Subtopic(id, topic) VALUES (41283, 30137);
INSERT INTO Taxon(id, name, level) VALUES (41284, 'magnetväli', 'SUBTOPIC');
INSERT INTO Subtopic(id, topic) VALUES (41284, 30137);
INSERT INTO Taxon(id, name, level) VALUES (41285, 'Ohmi_seadus', 'SUBTOPIC');
INSERT INTO Subtopic(id, topic) VALUES (41285, 30137);
INSERT INTO Taxon(id, name, level) VALUES (41286, 'pinge,_voltmeeter', 'SUBTOPIC');
INSERT INTO Subtopic(id, topic) VALUES (41286, 30137);
INSERT INTO Taxon(id, name, level) VALUES (41287, 'püsimagnet,_magnetnõel', 'SUBTOPIC');
INSERT INTO Subtopic(id, topic) VALUES (41287, 30137);
INSERT INTO Taxon(id, name, level) VALUES (41288, 'takisti', 'SUBTOPIC');
INSERT INTO Subtopic(id, topic) VALUES (41288, 30137);
INSERT INTO Taxon(id, name, level) VALUES (41289, 'vabad_laengukandjad', 'SUBTOPIC');
INSERT INTO Subtopic(id, topic) VALUES (41289, 30137);
INSERT INTO Taxon(id, name, level) VALUES (41290, 'vooluallikas', 'SUBTOPIC');
INSERT INTO Subtopic(id, topic) VALUES (41290, 30137);
INSERT INTO Taxon(id, name, level) VALUES (41291, 'vooluring', 'SUBTOPIC');
INSERT INTO Subtopic(id, topic) VALUES (41291, 30137);
INSERT INTO Taxon(id, name, level) VALUES (41292, 'vooluringi_osad', 'SUBTOPIC');
INSERT INTO Subtopic(id, topic) VALUES (41292, 30137);
INSERT INTO Taxon(id, name, level) VALUES (41293, 'voolutugevus,_ampermeeter', 'SUBTOPIC');
INSERT INTO Subtopic(id, topic) VALUES (41293, 30137);
INSERT INTO Taxon(id, name, level) VALUES (41294, 'difraktsioon_ja_interferents', 'SUBTOPIC');
INSERT INTO Subtopic(id, topic) VALUES (41294, 30138);
INSERT INTO Taxon(id, name, level) VALUES (41295, 'elektromagnetlainete_amplituud_ja_intensiivsus', 'SUBTOPIC');
INSERT INTO Subtopic(id, topic) VALUES (41295, 30138);
INSERT INTO Taxon(id, name, level) VALUES (41296, 'elektromagnetlainete_skaala', 'SUBTOPIC');
INSERT INTO Subtopic(id, topic) VALUES (41296, 30138);
INSERT INTO Taxon(id, name, level) VALUES (41297, 'footoni_energia', 'SUBTOPIC');
INSERT INTO Subtopic(id, topic) VALUES (41297, 30138);
INSERT INTO Taxon(id, name, level) VALUES (41298, 'lainepikkus_ja_sagedus', 'SUBTOPIC');
INSERT INTO Subtopic(id, topic) VALUES (41298, 30138);
INSERT INTO Taxon(id, name, level) VALUES (41299, 'nähtava_valguse_värvuse_seos_valguse_lainepikkusega_vaakumis', 'SUBTOPIC');
INSERT INTO Subtopic(id, topic) VALUES (41299, 30138);
INSERT INTO Taxon(id, name, level) VALUES (41300, 'optika', 'SUBTOPIC');
INSERT INTO Subtopic(id, topic) VALUES (41300, 30138);
INSERT INTO Taxon(id, name, level) VALUES (41301, 'polariseeritud_valgus', 'SUBTOPIC');
INSERT INTO Subtopic(id, topic) VALUES (41301, 30138);
INSERT INTO Taxon(id, name, level) VALUES (41302, 'valguse_dualism_ja_dualismiprintsiip_looduses', 'SUBTOPIC');
INSERT INTO Subtopic(id, topic) VALUES (41302, 30138);
INSERT INTO Taxon(id, name, level) VALUES (41303, 'elektromagnetvälja_energia', 'SUBTOPIC');
INSERT INTO Subtopic(id, topic) VALUES (41303, 30139);
INSERT INTO Taxon(id, name, level) VALUES (41304, 'Faraday_induktsiooniseadus', 'SUBTOPIC');
INSERT INTO Subtopic(id, topic) VALUES (41304, 30139);
INSERT INTO Taxon(id, name, level) VALUES (41305, 'Faraday_katsed', 'SUBTOPIC');
INSERT INTO Subtopic(id, topic) VALUES (41305, 30139);
INSERT INTO Taxon(id, name, level) VALUES (41306, 'induktsiooni_elektromotoorjõud', 'SUBTOPIC');
INSERT INTO Subtopic(id, topic) VALUES (41306, 30139);
INSERT INTO Taxon(id, name, level) VALUES (41307, 'kondensaator_ja_induktiivpool', 'SUBTOPIC');
INSERT INTO Subtopic(id, topic) VALUES (41307, 30139);
INSERT INTO Taxon(id, name, level) VALUES (41308, 'Lenzi_reegel', 'SUBTOPIC');
INSERT INTO Subtopic(id, topic) VALUES (41308, 30139);
INSERT INTO Taxon(id, name, level) VALUES (41309, 'liikuvale_laetud_osakesele_mõjuv_magnetjõud', 'SUBTOPIC');
INSERT INTO Subtopic(id, topic) VALUES (41309, 30139);
INSERT INTO Taxon(id, name, level) VALUES (41310, 'magnetvoo_mõiste', 'SUBTOPIC');
INSERT INTO Subtopic(id, topic) VALUES (41310, 30139);
INSERT INTO Taxon(id, name, level) VALUES (41311, 'magnetväljas_liikuva_juhtmelõigu_otstele_indutseeritav_pinge', 'SUBTOPIC');
INSERT INTO Subtopic(id, topic) VALUES (41311, 30139);
INSERT INTO Taxon(id, name, level) VALUES (41312, 'mahtuvus_ja_induktiivsus', 'SUBTOPIC');
INSERT INTO Subtopic(id, topic) VALUES (41312, 30139);
INSERT INTO Taxon(id, name, level) VALUES (41313, 'aine_tihedus', 'SUBTOPIC');
INSERT INTO Subtopic(id, topic) VALUES (41313, 30140);
INSERT INTO Taxon(id, name, level) VALUES (41314, 'areomeeter', 'SUBTOPIC');
INSERT INTO Subtopic(id, topic) VALUES (41314, 30140);
INSERT INTO Taxon(id, name, level) VALUES (41315, 'baromeeter', 'SUBTOPIC');
INSERT INTO Subtopic(id, topic) VALUES (41315, 30140);
INSERT INTO Taxon(id, name, level) VALUES (41316, 'deformeerimine,_elastsusjõud', 'SUBTOPIC');
INSERT INTO Subtopic(id, topic) VALUES (41316, 30140);
INSERT INTO Taxon(id, name, level) VALUES (41317, 'dünaamika', 'SUBTOPIC');
INSERT INTO Subtopic(id, topic) VALUES (41317, 30140);
INSERT INTO Taxon(id, name, level) VALUES (41318, 'dünamomeetri_tööpõhimõte', 'SUBTOPIC');
INSERT INTO Subtopic(id, topic) VALUES (41318, 30140);
INSERT INTO Taxon(id, name, level) VALUES (41319, 'elastsusjõud,_jäikustegur', 'SUBTOPIC');
INSERT INTO Subtopic(id, topic) VALUES (41319, 30140);
INSERT INTO Taxon(id, name, level) VALUES (41320, 'elusorganismide_hääleaparaat', 'SUBTOPIC');
INSERT INTO Subtopic(id, topic) VALUES (41320, 30140);
INSERT INTO Taxon(id, name, level) VALUES (41321, 'energia_muundumine_võnkumisel', 'SUBTOPIC');
INSERT INTO Subtopic(id, topic) VALUES (41321, 30140);
INSERT INTO Taxon(id, name, level) VALUES (41322, 'gravitatsioon', 'SUBTOPIC');
INSERT INTO Subtopic(id, topic) VALUES (41322, 30140);
INSERT INTO Taxon(id, name, level) VALUES (41323, 'gravitatsiooniseadus', 'SUBTOPIC');
INSERT INTO Subtopic(id, topic) VALUES (41323, 30140);
INSERT INTO Taxon(id, name, level) VALUES (41324, 'heli_valjus', 'SUBTOPIC');
INSERT INTO Subtopic(id, topic) VALUES (41324, 30140);
INSERT INTO Taxon(id, name, level) VALUES (41325, 'heli,_heli_kiirus,_võnkesagedus', 'SUBTOPIC');
INSERT INTO Subtopic(id, topic) VALUES (41325, 30140);
INSERT INTO Taxon(id, name, level) VALUES (41326, 'hõõrdejõud_ja_hõõrdetegur', 'SUBTOPIC');
INSERT INTO Subtopic(id, topic) VALUES (41326, 30140);
INSERT INTO Taxon(id, name, level) VALUES (41327, 'hõõrdumine,_hõõrdejõud', 'SUBTOPIC');
INSERT INTO Subtopic(id, topic) VALUES (41327, 30140);
INSERT INTO Taxon(id, name, level) VALUES (41328, 'hälbe_sõltuvus_ajast', 'SUBTOPIC');
INSERT INTO Subtopic(id, topic) VALUES (41328, 30140);
INSERT INTO Taxon(id, name, level) VALUES (41329, 'impulsi_jäävuse_seadus', 'SUBTOPIC');
INSERT INTO Subtopic(id, topic) VALUES (41329, 30140);
INSERT INTO Taxon(id, name, level) VALUES (41330, 'jõud_kui_keha_impulsi_muutumise_põhjus', 'SUBTOPIC');
INSERT INTO Subtopic(id, topic) VALUES (41330, 30140);
INSERT INTO Taxon(id, name, level) VALUES (41331, 'jõudude_tasakaal_ja_keha_liikumine', 'SUBTOPIC');
INSERT INTO Subtopic(id, topic) VALUES (41331, 30140);
INSERT INTO Taxon(id, name, level) VALUES (41332, 'jõudude_vektoriaalne_liitmine,_resultantjõud', 'SUBTOPIC');
INSERT INTO Subtopic(id, topic) VALUES (41332, 30140);
INSERT INTO Taxon(id, name, level) VALUES (41333, 'kaalutus', 'SUBTOPIC');
INSERT INTO Subtopic(id, topic) VALUES (41333, 30140);
INSERT INTO Taxon(id, name, level) VALUES (41334, 'keha_impulss', 'SUBTOPIC');
INSERT INTO Subtopic(id, topic) VALUES (41334, 30140);
INSERT INTO Taxon(id, name, level) VALUES (41335, 'keha_tiirlemine_ja_pöörlemine', 'SUBTOPIC');
INSERT INTO Subtopic(id, topic) VALUES (41335, 30140);
INSERT INTO Taxon(id, name, level) VALUES (41336, 'keha_ujumine', 'SUBTOPIC');
INSERT INTO Subtopic(id, topic) VALUES (41336, 30140);
INSERT INTO Taxon(id, name, level) VALUES (41337, 'kehade_elastsus_ja_plastsus', 'SUBTOPIC');
INSERT INTO Subtopic(id, topic) VALUES (41337, 30140);
INSERT INTO Taxon(id, name, level) VALUES (41338, 'kehade_vastastikmõju', 'SUBTOPIC');
INSERT INTO Subtopic(id, topic) VALUES (41338, 30140);
INSERT INTO Taxon(id, name, level) VALUES (41339, 'kehale_mõjuva_jõu_rakenduspunkt', 'SUBTOPIC');
INSERT INTO Subtopic(id, topic) VALUES (41339, 30140);
INSERT INTO Taxon(id, name, level) VALUES (41340, 'keskkonna_takistusjõu_tekkemehhanism', 'SUBTOPIC');
INSERT INTO Subtopic(id, topic) VALUES (41340, 30140);
INSERT INTO Taxon(id, name, level) VALUES (41341, 'kulgliikumise_dünaamika,_newtoni_seadused', 'SUBTOPIC');
INSERT INTO Subtopic(id, topic) VALUES (41341, 30140);
INSERT INTO Taxon(id, name, level) VALUES (41342, 'kõrv_ja_kuulmine', 'SUBTOPIC');
INSERT INTO Subtopic(id, topic) VALUES (41342, 30140);
INSERT INTO Taxon(id, name, level) VALUES (41343, 'laine_peegeldumine,_murdumine,_interferents,_difraktsioon', 'SUBTOPIC');
INSERT INTO Subtopic(id, topic) VALUES (41343, 30140);
INSERT INTO Taxon(id, name, level) VALUES (41344, 'lained_looduses_ning_tehnikas', 'SUBTOPIC');
INSERT INTO Subtopic(id, topic) VALUES (41344, 30140);
INSERT INTO Taxon(id, name, level) VALUES (41345, 'lained:_piki-_ja_ristlained', 'SUBTOPIC');
INSERT INTO Subtopic(id, topic) VALUES (41345, 30140);
INSERT INTO Taxon(id, name, level) VALUES (41346, 'lainepikkus,_kiirus,_periood_ja_sagedus', 'SUBTOPIC');
INSERT INTO Subtopic(id, topic) VALUES (41346, 30140);
INSERT INTO Taxon(id, name, level) VALUES (41347, 'liikumine_ja_jõud_looduses_ning_tehnikas', 'SUBTOPIC');
INSERT INTO Subtopic(id, topic) VALUES (41347, 30140);
INSERT INTO Taxon(id, name, level) VALUES (41348, 'maa_atmosfäär,_õhurõhk', 'SUBTOPIC');
INSERT INTO Subtopic(id, topic) VALUES (41348, 30140);
INSERT INTO Taxon(id, name, level) VALUES (41349, 'manomeeter', 'SUBTOPIC');
INSERT INTO Subtopic(id, topic) VALUES (41349, 30140);
INSERT INTO Taxon(id, name, level) VALUES (41350, 'mass_kui_keha_inertsuse_mõõt', 'SUBTOPIC');
INSERT INTO Subtopic(id, topic) VALUES (41350, 30140);
INSERT INTO Taxon(id, name, level) VALUES (41351, 'müra_ja_mürakaitse', 'SUBTOPIC');
INSERT INTO Subtopic(id, topic) VALUES (41351, 30140);
INSERT INTO Taxon(id, name, level) VALUES (41352, 'näiteid_konstantse_kiirusega_liikumise_kohta', 'SUBTOPIC');
INSERT INTO Subtopic(id, topic) VALUES (41352, 30140);
INSERT INTO Taxon(id, name, level) VALUES (41353, 'orbitaalliikumise_tekkimine', 'SUBTOPIC');
INSERT INTO Subtopic(id, topic) VALUES (41353, 30140);
INSERT INTO Taxon(id, name, level) VALUES (41354, 'Pascali_seadus', 'SUBTOPIC');
INSERT INTO Subtopic(id, topic) VALUES (41354, 30140);
INSERT INTO Taxon(id, name, level) VALUES (41355, 'pendli_võnkumise_hälve,_amplituud,_periood,_sagedus,_faas', 'SUBTOPIC');
INSERT INTO Subtopic(id, topic) VALUES (41355, 30140);
INSERT INTO Taxon(id, name, level) VALUES (41356, 'päikesesüsteem', 'SUBTOPIC');
INSERT INTO Subtopic(id, topic) VALUES (41356, 30140);
INSERT INTO Taxon(id, name, level) VALUES (41357, 'raske_ja_inertne_mass', 'SUBTOPIC');
INSERT INTO Subtopic(id, topic) VALUES (41357, 30140);
INSERT INTO Taxon(id, name, level) VALUES (41358, 'raskusjõud', 'SUBTOPIC');
INSERT INTO Subtopic(id, topic) VALUES (41358, 30140);
INSERT INTO Taxon(id, name, level) VALUES (41359, 'rõhk', 'SUBTOPIC');
INSERT INTO Subtopic(id, topic) VALUES (41359, 30140);
INSERT INTO Taxon(id, name, level) VALUES (41360, 'rõhk_looduses_ja_tehnikas', 'SUBTOPIC');
INSERT INTO Subtopic(id, topic) VALUES (41360, 30140);
INSERT INTO Taxon(id, name, level) VALUES (41361, 'rõhk_vedelikes_erinevatel_sügavustel', 'SUBTOPIC');
INSERT INTO Subtopic(id, topic) VALUES (41361, 30140);
INSERT INTO Taxon(id, name, level) VALUES (41362, 'rõhumisjõud_ja_rõhk', 'SUBTOPIC');
INSERT INTO Subtopic(id, topic) VALUES (41362, 30140);
INSERT INTO Taxon(id, name, level) VALUES (41363, 'rõhumisjõud_looduses_ja_tehnikas', 'SUBTOPIC');
INSERT INTO Subtopic(id, topic) VALUES (41363, 30140);
INSERT INTO Taxon(id, name, level) VALUES (41364, 'tiirlemine_ja_pöörlemine_looduses_ning_tehnikas', 'SUBTOPIC');
INSERT INTO Subtopic(id, topic) VALUES (41364, 30140);
INSERT INTO Taxon(id, name, level) VALUES (41365, 'vastastikmõju_looduses_ja_tehnikas', 'SUBTOPIC');
INSERT INTO Subtopic(id, topic) VALUES (41365, 30140);
INSERT INTO Taxon(id, name, level) VALUES (41366, 'võnkumine_ja_laine', 'SUBTOPIC');
INSERT INTO Subtopic(id, topic) VALUES (41366, 30140);
INSERT INTO Taxon(id, name, level) VALUES (41367, 'võnkumine_kui_perioodiline_liikumine', 'SUBTOPIC');
INSERT INTO Subtopic(id, topic) VALUES (41367, 30140);
INSERT INTO Taxon(id, name, level) VALUES (41368, 'võnkumise_amplituud,_periood,_sagedus', 'SUBTOPIC');
INSERT INTO Subtopic(id, topic) VALUES (41368, 30140);
INSERT INTO Taxon(id, name, level) VALUES (41369, 'võnkumised_ja_resonants_looduses_ning_tehnikas', 'SUBTOPIC');
INSERT INTO Subtopic(id, topic) VALUES (41369, 30140);
INSERT INTO Taxon(id, name, level) VALUES (41370, 'ühtlane_ringjooneline_liikumine', 'SUBTOPIC');
INSERT INTO Subtopic(id, topic) VALUES (41370, 30140);
INSERT INTO Taxon(id, name, level) VALUES (41371, 'üleslükkejõud', 'SUBTOPIC');
INSERT INTO Subtopic(id, topic) VALUES (41371, 30140);
INSERT INTO Taxon(id, name, level) VALUES (41372, 'aastaaegade_vaheldumine', 'SUBTOPIC');
INSERT INTO Subtopic(id, topic) VALUES (41372, 30141);
INSERT INTO Taxon(id, name, level) VALUES (41373, 'aatomi_mudelid', 'SUBTOPIC');
INSERT INTO Subtopic(id, topic) VALUES (41373, 30141);
INSERT INTO Taxon(id, name, level) VALUES (41374, 'aatomielektrijaam', 'SUBTOPIC');
INSERT INTO Subtopic(id, topic) VALUES (41374, 30141);
INSERT INTO Taxon(id, name, level) VALUES (41375, 'aatomituuma_ehitus', 'SUBTOPIC');
INSERT INTO Subtopic(id, topic) VALUES (41375, 30141);
INSERT INTO Taxon(id, name, level) VALUES (41376, 'aine_ehituse_mudel,_soojusliikumine', 'SUBTOPIC');
INSERT INTO Subtopic(id, topic) VALUES (41376, 30141);
INSERT INTO Taxon(id, name, level) VALUES (41377, 'aine_erisoojus', 'SUBTOPIC');
INSERT INTO Subtopic(id, topic) VALUES (41377, 30141);
INSERT INTO Taxon(id, name, level) VALUES (41378, 'aine_olekute_muutused,_soojustehnilised_rakendused', 'SUBTOPIC');
INSERT INTO Subtopic(id, topic) VALUES (41378, 30141);
INSERT INTO Taxon(id, name, level) VALUES (41379, 'aineosakeste_kiiruse_ja_temperatuuri_seos', 'SUBTOPIC');
INSERT INTO Subtopic(id, topic) VALUES (41379, 30141);
INSERT INTO Taxon(id, name, level) VALUES (41380, 'aurumine_ja_kondenseerumine,_keemissoojus', 'SUBTOPIC');
INSERT INTO Subtopic(id, topic) VALUES (41380, 30141);
INSERT INTO Taxon(id, name, level) VALUES (41381, 'energia_jäävuse_seadus_soojusprotsessides', 'SUBTOPIC');
INSERT INTO Subtopic(id, topic) VALUES (41381, 30141);
INSERT INTO Taxon(id, name, level) VALUES (41382, 'gaas,_vedelik,_tahkis', 'SUBTOPIC');
INSERT INTO Subtopic(id, topic) VALUES (41382, 30141);
INSERT INTO Taxon(id, name, level) VALUES (41383, 'keha_soojenemine_ja_jahtumine', 'SUBTOPIC');
INSERT INTO Subtopic(id, topic) VALUES (41383, 30141);
INSERT INTO Taxon(id, name, level) VALUES (41384, 'kiirguskaitse,_dosimeeter', 'SUBTOPIC');
INSERT INTO Subtopic(id, topic) VALUES (41384, 30141);
INSERT INTO Taxon(id, name, level) VALUES (41385, 'konvektsioon', 'SUBTOPIC');
INSERT INTO Subtopic(id, topic) VALUES (41385, 30141);
INSERT INTO Taxon(id, name, level) VALUES (41386, 'kütuse_kütteväärtus', 'SUBTOPIC');
INSERT INTO Subtopic(id, topic) VALUES (41386, 30141);
INSERT INTO Taxon(id, name, level) VALUES (41387, 'päike', 'SUBTOPIC');
INSERT INTO Subtopic(id, topic) VALUES (41387, 30141);
INSERT INTO Taxon(id, name, level) VALUES (41388, 'päikeseküte', 'SUBTOPIC');
INSERT INTO Subtopic(id, topic) VALUES (41388, 30141);
INSERT INTO Taxon(id, name, level) VALUES (41389, 'radioaktiivne_kiirgus', 'SUBTOPIC');
INSERT INTO Subtopic(id, topic) VALUES (41389, 30141);
INSERT INTO Taxon(id, name, level) VALUES (41390, 'siseenergia', 'SUBTOPIC');
INSERT INTO Subtopic(id, topic) VALUES (41390, 30141);
INSERT INTO Taxon(id, name, level) VALUES (41391, 'soojushulk', 'SUBTOPIC');
INSERT INTO Subtopic(id, topic) VALUES (41391, 30141);
INSERT INTO Taxon(id, name, level) VALUES (41392, 'soojusjuhtivus', 'SUBTOPIC');
INSERT INTO Subtopic(id, topic) VALUES (41392, 30141);
INSERT INTO Taxon(id, name, level) VALUES (41393, 'soojuskiirguse_seaduspärasused', 'SUBTOPIC');
INSERT INTO Subtopic(id, topic) VALUES (41393, 30141);
INSERT INTO Taxon(id, name, level) VALUES (41394, 'soojuspaisumine', 'SUBTOPIC');
INSERT INTO Subtopic(id, topic) VALUES (41394, 30141);
INSERT INTO Taxon(id, name, level) VALUES (41395, 'soojustehnilised_rakendused', 'SUBTOPIC');
INSERT INTO Subtopic(id, topic) VALUES (41395, 30141);
INSERT INTO Taxon(id, name, level) VALUES (41396, 'soojusülekanne', 'SUBTOPIC');
INSERT INTO Subtopic(id, topic) VALUES (41396, 30141);
INSERT INTO Taxon(id, name, level) VALUES (41397, 'soojusülekanne_looduses_ja_tehnikas', 'SUBTOPIC');
INSERT INTO Subtopic(id, topic) VALUES (41397, 30141);
INSERT INTO Taxon(id, name, level) VALUES (41398, 'sulamine_ja_tahkumine,_sulamissoojus', 'SUBTOPIC');
INSERT INTO Subtopic(id, topic) VALUES (41398, 30141);
INSERT INTO Taxon(id, name, level) VALUES (41399, 'temperatuuriskaalad', 'SUBTOPIC');
INSERT INTO Subtopic(id, topic) VALUES (41399, 30141);
INSERT INTO Taxon(id, name, level) VALUES (41400, 'termos', 'SUBTOPIC');
INSERT INTO Subtopic(id, topic) VALUES (41400, 30141);
INSERT INTO Taxon(id, name, level) VALUES (41401, 'tuuma_seoseenergia', 'SUBTOPIC');
INSERT INTO Subtopic(id, topic) VALUES (41401, 30141);
INSERT INTO Taxon(id, name, level) VALUES (41402, 'tuumade_lõhustumine_ja_süntees', 'SUBTOPIC');
INSERT INTO Subtopic(id, topic) VALUES (41402, 30141);
INSERT INTO Taxon(id, name, level) VALUES (41403, 'tuumaenergia', 'SUBTOPIC');
INSERT INTO Subtopic(id, topic) VALUES (41403, 30141);
INSERT INTO Taxon(id, name, level) VALUES (41404, 'kujutise_tekitamine_läätse_abil_ja_läätse_valem', 'SUBTOPIC');
INSERT INTO Subtopic(id, topic) VALUES (41404, 30142);
INSERT INTO Taxon(id, name, level) VALUES (41405, 'murdumisnäitaja_seos_valguse_kiirusega', 'SUBTOPIC');
INSERT INTO Subtopic(id, topic) VALUES (41405, 30142);
INSERT INTO Taxon(id, name, level) VALUES (41406, 'murdumisseadus', 'SUBTOPIC');
INSERT INTO Subtopic(id, topic) VALUES (41406, 30142);
INSERT INTO Taxon(id, name, level) VALUES (41407, 'soojuskiirgus_ja_luminestsents', 'SUBTOPIC');
INSERT INTO Subtopic(id, topic) VALUES (41407, 30142);
INSERT INTO Taxon(id, name, level) VALUES (41408, 'spektraalanalüüs', 'SUBTOPIC');
INSERT INTO Subtopic(id, topic) VALUES (41408, 30142);
INSERT INTO Taxon(id, name, level) VALUES (41409, 'spektroskoobi_töö_põhimõte', 'SUBTOPIC');
INSERT INTO Subtopic(id, topic) VALUES (41409, 30142);
INSERT INTO Taxon(id, name, level) VALUES (41410, 'valguse_dispersioon', 'SUBTOPIC');
INSERT INTO Subtopic(id, topic) VALUES (41410, 30142);
INSERT INTO Taxon(id, name, level) VALUES (41411, 'valguse_kiirgumine', 'SUBTOPIC');
INSERT INTO Subtopic(id, topic) VALUES (41411, 30142);
INSERT INTO Taxon(id, name, level) VALUES (41412, 'valguse_peegeldumine_ja_murdumine', 'SUBTOPIC');
INSERT INTO Subtopic(id, topic) VALUES (41412, 30142);
INSERT INTO Taxon(id, name, level) VALUES (41413, 'esemete_nägemine', 'SUBTOPIC');
INSERT INTO Subtopic(id, topic) VALUES (41413, 30143);
INSERT INTO Taxon(id, name, level) VALUES (41414, 'fotoaparaat', 'SUBTOPIC');
INSERT INTO Subtopic(id, topic) VALUES (41414, 30143);
INSERT INTO Taxon(id, name, level) VALUES (41415, 'kehade_värvus', 'SUBTOPIC');
INSERT INTO Subtopic(id, topic) VALUES (41415, 30143);
INSERT INTO Taxon(id, name, level) VALUES (41416, 'kujutised', 'SUBTOPIC');
INSERT INTO Subtopic(id, topic) VALUES (41416, 30143);
INSERT INTO Taxon(id, name, level) VALUES (41417, 'kumer-_ja_nõguspeegel', 'SUBTOPIC');
INSERT INTO Subtopic(id, topic) VALUES (41417, 30143);
INSERT INTO Taxon(id, name, level) VALUES (41418, 'kumerlääts', 'SUBTOPIC');
INSERT INTO Subtopic(id, topic) VALUES (41418, 30143);
INSERT INTO Taxon(id, name, level) VALUES (41419, 'kuu_faaside_teke', 'SUBTOPIC');
INSERT INTO Subtopic(id, topic) VALUES (41419, 30143);
INSERT INTO Taxon(id, name, level) VALUES (41420, 'luup', 'SUBTOPIC');
INSERT INTO Subtopic(id, topic) VALUES (41420, 30143);
INSERT INTO Taxon(id, name, level) VALUES (41421, 'läätse_fookuskaugus,_optiline_tugevus', 'SUBTOPIC');
INSERT INTO Subtopic(id, topic) VALUES (41421, 30143);
INSERT INTO Taxon(id, name, level) VALUES (41422, 'mattpind', 'SUBTOPIC');
INSERT INTO Subtopic(id, topic) VALUES (41422, 30143);
INSERT INTO Taxon(id, name, level) VALUES (41423, 'nõguslääts', 'SUBTOPIC');
INSERT INTO Subtopic(id, topic) VALUES (41423, 30143);
INSERT INTO Taxon(id, name, level) VALUES (41424, 'peegeldumisseadus', 'SUBTOPIC');
INSERT INTO Subtopic(id, topic) VALUES (41424, 30143);
INSERT INTO Taxon(id, name, level) VALUES (41425, 'prillid,_kaug-_ja_lühinägelikkus', 'SUBTOPIC');
INSERT INTO Subtopic(id, topic) VALUES (41425, 30143);
INSERT INTO Taxon(id, name, level) VALUES (41426, 'prisma', 'SUBTOPIC');
INSERT INTO Subtopic(id, topic) VALUES (41426, 30143);
INSERT INTO Taxon(id, name, level) VALUES (41427, 'päike,_täht', 'SUBTOPIC');
INSERT INTO Subtopic(id, topic) VALUES (41427, 30143);
INSERT INTO Taxon(id, name, level) VALUES (41428, 'silm', 'SUBTOPIC');
INSERT INTO Subtopic(id, topic) VALUES (41428, 30143);
INSERT INTO Taxon(id, name, level) VALUES (41429, 'tasapeegel', 'SUBTOPIC');
INSERT INTO Subtopic(id, topic) VALUES (41429, 30143);
INSERT INTO Taxon(id, name, level) VALUES (41430, 'valgus_ja_valguse_sirgjooneline_levimine', 'SUBTOPIC');
INSERT INTO Subtopic(id, topic) VALUES (41430, 30143);
INSERT INTO Taxon(id, name, level) VALUES (41431, 'valgus_kui_energia', 'SUBTOPIC');
INSERT INTO Subtopic(id, topic) VALUES (41431, 30143);
INSERT INTO Taxon(id, name, level) VALUES (41432, 'valgus_kui_liitvalgus', 'SUBTOPIC');
INSERT INTO Subtopic(id, topic) VALUES (41432, 30143);
INSERT INTO Taxon(id, name, level) VALUES (41433, 'valgusallikas', 'SUBTOPIC');
INSERT INTO Subtopic(id, topic) VALUES (41433, 30143);
INSERT INTO Taxon(id, name, level) VALUES (41434, 'valguse_kiirus', 'SUBTOPIC');
INSERT INTO Subtopic(id, topic) VALUES (41434, 30143);
INSERT INTO Taxon(id, name, level) VALUES (41435, 'valguse_murdumine', 'SUBTOPIC');
INSERT INTO Subtopic(id, topic) VALUES (41435, 30143);
INSERT INTO Taxon(id, name, level) VALUES (41436, 'valguse_murdumine_looduses_ja_tehnikas', 'SUBTOPIC');
INSERT INTO Subtopic(id, topic) VALUES (41436, 30143);
INSERT INTO Taxon(id, name, level) VALUES (41437, 'valguse_neeldumine,_valgusfilter', 'SUBTOPIC');
INSERT INTO Subtopic(id, topic) VALUES (41437, 30143);
INSERT INTO Taxon(id, name, level) VALUES (41438, 'valguse_peegeldumine', 'SUBTOPIC');
INSERT INTO Subtopic(id, topic) VALUES (41438, 30143);
INSERT INTO Taxon(id, name, level) VALUES (41439, 'valguse_peegeldumine_looduses_ja_tehnikas', 'SUBTOPIC');
INSERT INTO Subtopic(id, topic) VALUES (41439, 30143);
INSERT INTO Taxon(id, name, level) VALUES (41440, 'valguse_sirgjooneline_levimine', 'SUBTOPIC');
INSERT INTO Subtopic(id, topic) VALUES (41440, 30143);
INSERT INTO Taxon(id, name, level) VALUES (41441, 'valguse_spektraalne_koostis', 'SUBTOPIC');
INSERT INTO Subtopic(id, topic) VALUES (41441, 30143);
INSERT INTO Taxon(id, name, level) VALUES (41442, 'valguse_värvused_looduses_ja_tehnikas', 'SUBTOPIC');
INSERT INTO Subtopic(id, topic) VALUES (41442, 30143);
INSERT INTO Taxon(id, name, level) VALUES (41443, 'vari', 'SUBTOPIC');
INSERT INTO Subtopic(id, topic) VALUES (41443, 30143);
INSERT INTO Taxon(id, name, level) VALUES (41444, 'varjutused', 'SUBTOPIC');
INSERT INTO Subtopic(id, topic) VALUES (41444, 30143);
INSERT INTO Taxon(id, name, level) VALUES (41445, 'aatomi_ehitus', 'SUBTOPIC');
INSERT INTO Subtopic(id, topic) VALUES (41445, 30144);
INSERT INTO Taxon(id, name, level) VALUES (41446, 'aatomite_ja_ioonide_erinevus', 'SUBTOPIC');
INSERT INTO Subtopic(id, topic) VALUES (41446, 30144);
INSERT INTO Taxon(id, name, level) VALUES (41447, 'ioonide_teke,_ioonide_laengud', 'SUBTOPIC');
INSERT INTO Subtopic(id, topic) VALUES (41447, 30144);
INSERT INTO Taxon(id, name, level) VALUES (41448, 'ioonsed_ained,_iooniline_side', 'SUBTOPIC');
INSERT INTO Subtopic(id, topic) VALUES (41448, 30144);
INSERT INTO Taxon(id, name, level) VALUES (41449, 'keemiline_side', 'SUBTOPIC');
INSERT INTO Subtopic(id, topic) VALUES (41449, 30144);
INSERT INTO Taxon(id, name, level) VALUES (41450, 'keemilised_elemendid,_nende_tähised', 'SUBTOPIC');
INSERT INTO Subtopic(id, topic) VALUES (41450, 30144);
INSERT INTO Taxon(id, name, level) VALUES (41451, 'liht-_ja_liitained', 'SUBTOPIC');
INSERT INTO Subtopic(id, topic) VALUES (41451, 30144);
INSERT INTO Taxon(id, name, level) VALUES (41452, 'metallid_ja_mittemetallid', 'SUBTOPIC');
INSERT INTO Subtopic(id, topic) VALUES (41452, 30144);
INSERT INTO Taxon(id, name, level) VALUES (41453, 'molekulaarsed_ja_mittemolekulaarsed_ained', 'SUBTOPIC');
INSERT INTO Subtopic(id, topic) VALUES (41453, 30144);
INSERT INTO Taxon(id, name, level) VALUES (41454, 'molekulid,_aine_valem', 'SUBTOPIC');
INSERT INTO Subtopic(id, topic) VALUES (41454, 30144);
INSERT INTO Taxon(id, name, level) VALUES (41455, 'perioodilisustabel', 'SUBTOPIC');
INSERT INTO Subtopic(id, topic) VALUES (41455, 30144);
INSERT INTO Taxon(id, name, level) VALUES (41456, 'perioodilisustabel', 'SUBTOPIC');
INSERT INTO Subtopic(id, topic) VALUES (41456, 30144);
INSERT INTO Taxon(id, name, level) VALUES (41457, 'aine_hulk,_mool', 'SUBTOPIC');
INSERT INTO Subtopic(id, topic) VALUES (41457, 30145);
INSERT INTO Taxon(id, name, level) VALUES (41458, 'aine_massi_jäävus', 'SUBTOPIC');
INSERT INTO Subtopic(id, topic) VALUES (41458, 30145);
INSERT INTO Taxon(id, name, level) VALUES (41459, 'ainekoguste_ühikud_ja_nende_teisendused', 'SUBTOPIC');
INSERT INTO Subtopic(id, topic) VALUES (41459, 30145);
INSERT INTO Taxon(id, name, level) VALUES (41460, 'gaasi_molaarruumala', 'SUBTOPIC');
INSERT INTO Subtopic(id, topic) VALUES (41460, 30145);
INSERT INTO Taxon(id, name, level) VALUES (41461, 'molaarmass', 'SUBTOPIC');
INSERT INTO Subtopic(id, topic) VALUES (41461, 30145);
INSERT INTO Taxon(id, name, level) VALUES (41462, 'moolarvutused', 'SUBTOPIC');
INSERT INTO Subtopic(id, topic) VALUES (41462, 30145);
INSERT INTO Taxon(id, name, level) VALUES (41463, 'reaktsioonivõrrandi_kordajad', 'SUBTOPIC');
INSERT INTO Subtopic(id, topic) VALUES (41463, 30145);
INSERT INTO Taxon(id, name, level) VALUES (41464, 'ainete_lahustuvus_vees', 'SUBTOPIC');
INSERT INTO Subtopic(id, topic) VALUES (41464, 30146);
INSERT INTO Taxon(id, name, level) VALUES (41465, 'alused', 'SUBTOPIC');
INSERT INTO Subtopic(id, topic) VALUES (41465, 30146);
INSERT INTO Taxon(id, name, level) VALUES (41466, 'aluste_keemilised_omadused', 'SUBTOPIC');
INSERT INTO Subtopic(id, topic) VALUES (41466, 30146);
INSERT INTO Taxon(id, name, level) VALUES (41467, 'aluste_liigitamine', 'SUBTOPIC');
INSERT INTO Subtopic(id, topic) VALUES (41467, 30146);
INSERT INTO Taxon(id, name, level) VALUES (41468, 'anorgaanilised_ühendid_igapäevaelus', 'SUBTOPIC');
INSERT INTO Subtopic(id, topic) VALUES (41468, 30146);
INSERT INTO Taxon(id, name, level) VALUES (41469, 'ehitusmaterjalid', 'SUBTOPIC');
INSERT INTO Subtopic(id, topic) VALUES (41469, 30146);
INSERT INTO Taxon(id, name, level) VALUES (41470, 'hapete_keemilised_omadused', 'SUBTOPIC');
INSERT INTO Subtopic(id, topic) VALUES (41470, 30146);
INSERT INTO Taxon(id, name, level) VALUES (41471, 'happed', 'SUBTOPIC');
INSERT INTO Subtopic(id, topic) VALUES (41471, 30146);
INSERT INTO Taxon(id, name, level) VALUES (41472, 'happed_argielus', 'SUBTOPIC');
INSERT INTO Subtopic(id, topic) VALUES (41472, 30146);
INSERT INTO Taxon(id, name, level) VALUES (41473, 'happelised_ja_aluselised_oksiidid', 'SUBTOPIC');
INSERT INTO Subtopic(id, topic) VALUES (41473, 30146);
INSERT INTO Taxon(id, name, level) VALUES (41474, 'happeliste_ja_aluseliste_oksiidide_reageerimine_veega', 'SUBTOPIC');
INSERT INTO Subtopic(id, topic) VALUES (41474, 30146);
INSERT INTO Taxon(id, name, level) VALUES (41475, 'happesademed', 'SUBTOPIC');
INSERT INTO Subtopic(id, topic) VALUES (41475, 30146);
INSERT INTO Taxon(id, name, level) VALUES (41476, 'hüdroksiidide_koostis_ja_nimetused', 'SUBTOPIC');
INSERT INTO Subtopic(id, topic) VALUES (41476, 30146);
INSERT INTO Taxon(id, name, level) VALUES (41477, 'keskkonna_saastumine_raskmetallide_ühenditega', 'SUBTOPIC');
INSERT INTO Subtopic(id, topic) VALUES (41477, 30146);
INSERT INTO Taxon(id, name, level) VALUES (41478, 'lahuste_protsendilise_koostise_arvutused', 'SUBTOPIC');
INSERT INTO Subtopic(id, topic) VALUES (41478, 30146);
INSERT INTO Taxon(id, name, level) VALUES (41479, 'lahustuvustabel', 'SUBTOPIC');
INSERT INTO Subtopic(id, topic) VALUES (41479, 30146);
INSERT INTO Taxon(id, name, level) VALUES (41480, 'oksiidid', 'SUBTOPIC');
INSERT INTO Subtopic(id, topic) VALUES (41480, 30146);
INSERT INTO Taxon(id, name, level) VALUES (41481, 'seosed_anorgaaniliste_ainete_põhiklasside_vahel', 'SUBTOPIC');
INSERT INTO Subtopic(id, topic) VALUES (41481, 30146);
INSERT INTO Taxon(id, name, level) VALUES (41482, 'soolad', 'SUBTOPIC');
INSERT INTO Subtopic(id, topic) VALUES (41482, 30146);
INSERT INTO Taxon(id, name, level) VALUES (41483, 'soolade_saamise_võimalusi', 'SUBTOPIC');
INSERT INTO Subtopic(id, topic) VALUES (41483, 30146);
INSERT INTO Taxon(id, name, level) VALUES (41484, 'tugevad_ja_nõrgad_happed', 'SUBTOPIC');
INSERT INTO Subtopic(id, topic) VALUES (41484, 30146);
INSERT INTO Taxon(id, name, level) VALUES (41485, 'vee_karedus', 'SUBTOPIC');
INSERT INTO Subtopic(id, topic) VALUES (41485, 30146);
INSERT INTO Taxon(id, name, level) VALUES (41486, 'veekogude_saastumine', 'SUBTOPIC');
INSERT INTO Subtopic(id, topic) VALUES (41486, 30146);
INSERT INTO Taxon(id, name, level) VALUES (41487, 'vesi_lahustina', 'SUBTOPIC');
INSERT INTO Subtopic(id, topic) VALUES (41487, 30146);
INSERT INTO Taxon(id, name, level) VALUES (41488, 'vesiniksoolad', 'SUBTOPIC');
INSERT INTO Subtopic(id, topic) VALUES (41488, 30146);
INSERT INTO Taxon(id, name, level) VALUES (41489, 'väetised', 'SUBTOPIC');
INSERT INTO Subtopic(id, topic) VALUES (41489, 30146);
INSERT INTO Taxon(id, name, level) VALUES (41490, 'gaaside_kogumise_võtteid', 'SUBTOPIC');
INSERT INTO Subtopic(id, topic) VALUES (41490, 30147);
INSERT INTO Taxon(id, name, level) VALUES (41491, 'hapnik', 'SUBTOPIC');
INSERT INTO Subtopic(id, topic) VALUES (41491, 30147);
INSERT INTO Taxon(id, name, level) VALUES (41492, 'oksiidid_igapäevaelus', 'SUBTOPIC');
INSERT INTO Subtopic(id, topic) VALUES (41492, 30147);
INSERT INTO Taxon(id, name, level) VALUES (41493, 'oksiidide_nimetused', 'SUBTOPIC');
INSERT INTO Subtopic(id, topic) VALUES (41493, 30147);
INSERT INTO Taxon(id, name, level) VALUES (41494, 'oksüdatsiooniaste', 'SUBTOPIC');
INSERT INTO Subtopic(id, topic) VALUES (41494, 30147);
INSERT INTO Taxon(id, name, level) VALUES (41495, 'osoonikihi_hõrenemine', 'SUBTOPIC');
INSERT INTO Subtopic(id, topic) VALUES (41495, 30147);
INSERT INTO Taxon(id, name, level) VALUES (41496, 'põlemisreaktsioonid,_oksiidide_teke', 'SUBTOPIC');
INSERT INTO Subtopic(id, topic) VALUES (41496, 30147);
INSERT INTO Taxon(id, name, level) VALUES (41497, 'põlemisreaktsioonide_võrrandid', 'SUBTOPIC');
INSERT INTO Subtopic(id, topic) VALUES (41497, 30147);
INSERT INTO Taxon(id, name, level) VALUES (41498, 'vesinik', 'SUBTOPIC');
INSERT INTO Subtopic(id, topic) VALUES (41498, 30147);
INSERT INTO Taxon(id, name, level) VALUES (41499, 'ühinemisreaktsioon', 'SUBTOPIC');
INSERT INTO Subtopic(id, topic) VALUES (41499, 30147);
INSERT INTO Taxon(id, name, level) VALUES (41500, 'happed,_alused_ja_soolad_igapäevaelus', 'SUBTOPIC');
INSERT INTO Subtopic(id, topic) VALUES (41500, 30148);
INSERT INTO Taxon(id, name, level) VALUES (41501, 'happed,nende_koostis', 'SUBTOPIC');
INSERT INTO Subtopic(id, topic) VALUES (41501, 30148);
INSERT INTO Taxon(id, name, level) VALUES (41502, 'hüdroksiidide_koostis_ja_nimetused', 'SUBTOPIC');
INSERT INTO Subtopic(id, topic) VALUES (41502, 30148);
INSERT INTO Taxon(id, name, level) VALUES (41503, 'lahuste_pH-skaala', 'SUBTOPIC');
INSERT INTO Subtopic(id, topic) VALUES (41503, 30148);
INSERT INTO Taxon(id, name, level) VALUES (41504, 'neutralisatsioonireaktsioon', 'SUBTOPIC');
INSERT INTO Subtopic(id, topic) VALUES (41504, 30148);
INSERT INTO Taxon(id, name, level) VALUES (41505, 'ohutusnõuded_tugevaid_aluseid_kasutades', 'SUBTOPIC');
INSERT INTO Subtopic(id, topic) VALUES (41505, 30148);
INSERT INTO Taxon(id, name, level) VALUES (41506, 'ohutusnõuded_tugevate_hapete_kasutamise_korral', 'SUBTOPIC');
INSERT INTO Subtopic(id, topic) VALUES (41506, 30148);
INSERT INTO Taxon(id, name, level) VALUES (41507, 'soolad,_nende_koostis_ja_nimetused', 'SUBTOPIC');
INSERT INTO Subtopic(id, topic) VALUES (41507, 30148);
INSERT INTO Taxon(id, name, level) VALUES (41508, 'tähtsamad_happed', 'SUBTOPIC');
INSERT INTO Subtopic(id, topic) VALUES (41508, 30148);
INSERT INTO Taxon(id, name, level) VALUES (41509, 'ainete_füüsikalised_omadused', 'SUBTOPIC');
INSERT INTO Subtopic(id, topic) VALUES (41509, 30149);
INSERT INTO Taxon(id, name, level) VALUES (41510, 'keemia_meie_ümber', 'SUBTOPIC');
INSERT INTO Subtopic(id, topic) VALUES (41510, 30149);
INSERT INTO Taxon(id, name, level) VALUES (41511, 'keemilised_reaktsioonid', 'SUBTOPIC');
INSERT INTO Subtopic(id, topic) VALUES (41511, 30149);
INSERT INTO Taxon(id, name, level) VALUES (41512, 'laborivahendid', 'SUBTOPIC');
INSERT INTO Subtopic(id, topic) VALUES (41512, 30149);
INSERT INTO Taxon(id, name, level) VALUES (41513, 'lahused_ja_pihused_looduses_ning_igapäevaelus', 'SUBTOPIC');
INSERT INTO Subtopic(id, topic) VALUES (41513, 30149);
INSERT INTO Taxon(id, name, level) VALUES (41514, 'lahuste_protsendilise_koostis', 'SUBTOPIC');
INSERT INTO Subtopic(id, topic) VALUES (41514, 30149);
INSERT INTO Taxon(id, name, level) VALUES (41515, 'ohutusnõuded', 'SUBTOPIC');
INSERT INTO Subtopic(id, topic) VALUES (41515, 30149);
INSERT INTO Taxon(id, name, level) VALUES (41516, 'pihuste_alaliigid', 'SUBTOPIC');
INSERT INTO Subtopic(id, topic) VALUES (41516, 30149);
INSERT INTO Taxon(id, name, level) VALUES (41517, 'alkoholid', 'SUBTOPIC');
INSERT INTO Subtopic(id, topic) VALUES (41517, 30150);
INSERT INTO Taxon(id, name, level) VALUES (41518, 'aminohapped_ja_valgud', 'SUBTOPIC');
INSERT INTO Subtopic(id, topic) VALUES (41518, 30150);
INSERT INTO Taxon(id, name, level) VALUES (41519, 'ekso-_ja_endotermilised_reaktsioonid', 'SUBTOPIC');
INSERT INTO Subtopic(id, topic) VALUES (41519, 30150);
INSERT INTO Taxon(id, name, level) VALUES (41520, 'hüdrofiilsed_ja_hüdrofoobsed_ained', 'SUBTOPIC');
INSERT INTO Subtopic(id, topic) VALUES (41520, 30150);
INSERT INTO Taxon(id, name, level) VALUES (41521, 'karboksüülhapped', 'SUBTOPIC');
INSERT INTO Subtopic(id, topic) VALUES (41521, 30150);
INSERT INTO Taxon(id, name, level) VALUES (41522, 'kasvuhoonegaasid', 'SUBTOPIC');
INSERT INTO Subtopic(id, topic) VALUES (41522, 30150);
INSERT INTO Taxon(id, name, level) VALUES (41523, 'molekulimudelid_ja_struktuurivalemid', 'SUBTOPIC');
INSERT INTO Subtopic(id, topic) VALUES (41523, 30150);
INSERT INTO Taxon(id, name, level) VALUES (41524, 'plastid_ja_kiudained', 'SUBTOPIC');
INSERT INTO Subtopic(id, topic) VALUES (41524, 30150);
INSERT INTO Taxon(id, name, level) VALUES (41525, 'polümeerid', 'SUBTOPIC');
INSERT INTO Subtopic(id, topic) VALUES (41525, 30150);
INSERT INTO Taxon(id, name, level) VALUES (41526, 'rasvad', 'SUBTOPIC');
INSERT INTO Subtopic(id, topic) VALUES (41526, 30150);
INSERT INTO Taxon(id, name, level) VALUES (41527, 'sahhariidid', 'SUBTOPIC');
INSERT INTO Subtopic(id, topic) VALUES (41527, 30150);
INSERT INTO Taxon(id, name, level) VALUES (41528, 'süsinik_lihtainena', 'SUBTOPIC');
INSERT INTO Subtopic(id, topic) VALUES (41528, 30150);
INSERT INTO Taxon(id, name, level) VALUES (41529, 'süsinikuoksiidid', 'SUBTOPIC');
INSERT INTO Subtopic(id, topic) VALUES (41529, 30150);
INSERT INTO Taxon(id, name, level) VALUES (41530, 'süsinikuühendid_kütusena', 'SUBTOPIC');
INSERT INTO Subtopic(id, topic) VALUES (41530, 30150);
INSERT INTO Taxon(id, name, level) VALUES (41531, 'süsinikuühendite_paljusus', 'SUBTOPIC');
INSERT INTO Subtopic(id, topic) VALUES (41531, 30150);
INSERT INTO Taxon(id, name, level) VALUES (41532, 'süsivesinike_esinemisvormid_looduses', 'SUBTOPIC');
INSERT INTO Subtopic(id, topic) VALUES (41532, 30150);
INSERT INTO Taxon(id, name, level) VALUES (41533, 'süsivesinike_kasutusalad_ja_kasutamine', 'SUBTOPIC');
INSERT INTO Subtopic(id, topic) VALUES (41533, 30150);
INSERT INTO Taxon(id, name, level) VALUES (41534, 'süsivesinike_täielik_põlemine', 'SUBTOPIC');
INSERT INTO Subtopic(id, topic) VALUES (41534, 30150);
INSERT INTO Taxon(id, name, level) VALUES (41535, 'süsivesinikud', 'SUBTOPIC');
INSERT INTO Subtopic(id, topic) VALUES (41535, 30150);
INSERT INTO Taxon(id, name, level) VALUES (41536, 'tervisliku_toitumise_põhimõtted', 'SUBTOPIC');
INSERT INTO Subtopic(id, topic) VALUES (41536, 30150);
INSERT INTO Taxon(id, name, level) VALUES (41537, 'metallid_kui_redutseerijad_ja_hapnik_kui_oksüdeerija', 'SUBTOPIC');
INSERT INTO Subtopic(id, topic) VALUES (41537, 30151);
INSERT INTO Taxon(id, name, level) VALUES (41538, 'metallide_aktiivsuse_võrdlus', 'SUBTOPIC');
INSERT INTO Subtopic(id, topic) VALUES (41538, 30151);
INSERT INTO Taxon(id, name, level) VALUES (41539, 'metallide_füüsikalised_omadused', 'SUBTOPIC');
INSERT INTO Subtopic(id, topic) VALUES (41539, 30151);
INSERT INTO Taxon(id, name, level) VALUES (41540, 'metallide_iseloomulikud_omadused', 'SUBTOPIC');
INSERT INTO Subtopic(id, topic) VALUES (41540, 30151);
INSERT INTO Taxon(id, name, level) VALUES (41541, 'metallide_korrosioon', 'SUBTOPIC');
INSERT INTO Subtopic(id, topic) VALUES (41541, 30151);
INSERT INTO Taxon(id, name, level) VALUES (41542, 'metallide_pingerida', 'SUBTOPIC');
INSERT INTO Subtopic(id, topic) VALUES (41542, 30151);
INSERT INTO Taxon(id, name, level) VALUES (41543, 'metallide_reageerimine_hapete_lahustega', 'SUBTOPIC');
INSERT INTO Subtopic(id, topic) VALUES (41543, 30151);
INSERT INTO Taxon(id, name, level) VALUES (41544, 'metallide_reageerimine_hapnikuga', 'SUBTOPIC');
INSERT INTO Subtopic(id, topic) VALUES (41544, 30151);
INSERT INTO Taxon(id, name, level) VALUES (41545, 'metalliline_side', 'SUBTOPIC');
INSERT INTO Subtopic(id, topic) VALUES (41545, 30151);
INSERT INTO Taxon(id, name, level) VALUES (41546, 'oksüdatsiooniastmete_muutumine_keemilistes_reaktsioonides', 'SUBTOPIC');
INSERT INTO Subtopic(id, topic) VALUES (41546, 30151);
INSERT INTO Taxon(id, name, level) VALUES (41547, 'reaktsiooni_kiirus', 'SUBTOPIC');
INSERT INTO Subtopic(id, topic) VALUES (41547, 30151);
INSERT INTO Taxon(id, name, level) VALUES (41548, 'tähtsamad_metallid_ja_nende_sulamid', 'SUBTOPIC');
INSERT INTO Subtopic(id, topic) VALUES (41548, 30151);
INSERT INTO Taxon(id, name, level) VALUES (41549, 'AIDS', 'SUBTOPIC');
INSERT INTO Subtopic(id, topic) VALUES (41549, 30152);
INSERT INTO Taxon(id, name, level) VALUES (41550, 'esmaabi_erinevates_olukordades', 'SUBTOPIC');
INSERT INTO Subtopic(id, topic) VALUES (41550, 30152);
INSERT INTO Taxon(id, name, level) VALUES (41551, 'esmaabi_põhimõtted', 'SUBTOPIC');
INSERT INTO Subtopic(id, topic) VALUES (41551, 30152);
INSERT INTO Taxon(id, name, level) VALUES (41552, 'haigustest_hoidumine', 'SUBTOPIC');
INSERT INTO Subtopic(id, topic) VALUES (41552, 30152);
INSERT INTO Taxon(id, name, level) VALUES (41553, 'HIV,_selle_levikuteed_ja_sellest_hoidumine', 'SUBTOPIC');
INSERT INTO Subtopic(id, topic) VALUES (41553, 30152);
INSERT INTO Taxon(id, name, level) VALUES (41554, 'käitumine_õnnetusjuhtumi_korral', 'SUBTOPIC');
INSERT INTO Subtopic(id, topic) VALUES (41554, 30152);
INSERT INTO Taxon(id, name, level) VALUES (41555, 'levinumad_laste_ja_noorte_haigused', 'SUBTOPIC');
INSERT INTO Subtopic(id, topic) VALUES (41555, 30152);
INSERT INTO Taxon(id, name, level) VALUES (41556, 'nakkus-_ja_mittenakkushaigused', 'SUBTOPIC');
INSERT INTO Subtopic(id, topic) VALUES (41556, 30152);
INSERT INTO Taxon(id, name, level) VALUES (41557, 'autoriteet', 'SUBTOPIC');
INSERT INTO Subtopic(id, topic) VALUES (41557, 30153);
INSERT INTO Taxon(id, name, level) VALUES (41558, 'erinevad_rühmad_ja_rollid', 'SUBTOPIC');
INSERT INTO Subtopic(id, topic) VALUES (41558, 30153);
INSERT INTO Taxon(id, name, level) VALUES (41559, 'hoolivus_rühmas', 'SUBTOPIC');
INSERT INTO Subtopic(id, topic) VALUES (41559, 30153);
INSERT INTO Taxon(id, name, level) VALUES (41560, 'inimsuhteid_toetavad_reeglid_ja_normid', 'SUBTOPIC');
INSERT INTO Subtopic(id, topic) VALUES (41560, 30153);
INSERT INTO Taxon(id, name, level) VALUES (41561, 'reeglid_ja_normid_rühmas', 'SUBTOPIC');
INSERT INTO Subtopic(id, topic) VALUES (41561, 30153);
INSERT INTO Taxon(id, name, level) VALUES (41562, 'rollide_suhtelisus_ja_kokkuleppelisus', 'SUBTOPIC');
INSERT INTO Subtopic(id, topic) VALUES (41562, 30153);
INSERT INTO Taxon(id, name, level) VALUES (41563, 'rühma_kuulumine,_selle_positiivsed_ja_negatiivsed_küljed', 'SUBTOPIC');
INSERT INTO Subtopic(id, topic) VALUES (41563, 30153);
INSERT INTO Taxon(id, name, level) VALUES (41564, 'rühma_surve_ja_toimetulek_sellega', 'SUBTOPIC');
INSERT INTO Subtopic(id, topic) VALUES (41564, 30153);
INSERT INTO Taxon(id, name, level) VALUES (41565, 'sõltumatus,_selle_olemus', 'SUBTOPIC');
INSERT INTO Subtopic(id, topic) VALUES (41565, 30153);
INSERT INTO Taxon(id, name, level) VALUES (41566, 'edukus,_väärtushinnangud_ja_prioriteedid_elus', 'SUBTOPIC');
INSERT INTO Subtopic(id, topic) VALUES (41566, 30154);
INSERT INTO Taxon(id, name, level) VALUES (41567, 'huvide_ja_võimete_mitmekesisus_ning_valikud', 'SUBTOPIC');
INSERT INTO Subtopic(id, topic) VALUES (41567, 30154);
INSERT INTO Taxon(id, name, level) VALUES (41568, 'mina_ja_teised_kui_väärtus', 'SUBTOPIC');
INSERT INTO Subtopic(id, topic) VALUES (41568, 30154);
INSERT INTO Taxon(id, name, level) VALUES (41569, 'positiivne_mõtlemine', 'SUBTOPIC');
INSERT INTO Subtopic(id, topic) VALUES (41569, 30154);
INSERT INTO Taxon(id, name, level) VALUES (41570, 'toimetulek_iseenda_ja_oma_eluga_õnne_eeldusena', 'SUBTOPIC');
INSERT INTO Subtopic(id, topic) VALUES (41570, 30154);
INSERT INTO Taxon(id, name, level) VALUES (41571, 'õnn', 'SUBTOPIC');
INSERT INTO Subtopic(id, topic) VALUES (41571, 30154);
INSERT INTO Taxon(id, name, level) VALUES (41572, 'areng_ja_kasvamine', 'SUBTOPIC');
INSERT INTO Subtopic(id, topic) VALUES (41572, 30155);
INSERT INTO Taxon(id, name, level) VALUES (41573, 'arengut_ja_kasvamist_mõjutavad_tegurid', 'SUBTOPIC');
INSERT INTO Subtopic(id, topic) VALUES (41573, 30155);
INSERT INTO Taxon(id, name, level) VALUES (41574, 'enesekasvatuse_alused_ja_võimalused', 'SUBTOPIC');
INSERT INTO Subtopic(id, topic) VALUES (41574, 30155);
INSERT INTO Taxon(id, name, level) VALUES (41575, 'inimene_oma_elutee_kujundajana', 'SUBTOPIC');
INSERT INTO Subtopic(id, topic) VALUES (41575, 30155);
INSERT INTO Taxon(id, name, level) VALUES (41576, 'inimese_elukaar', 'SUBTOPIC');
INSERT INTO Subtopic(id, topic) VALUES (41576, 30155);
INSERT INTO Taxon(id, name, level) VALUES (41577, 'murde-_ja_noorukiea_koht_elukaares', 'SUBTOPIC');
INSERT INTO Subtopic(id, topic) VALUES (41577, 30155);
INSERT INTO Taxon(id, name, level) VALUES (41578, 'vastutus_seoses_valikutega', 'SUBTOPIC');
INSERT INTO Subtopic(id, topic) VALUES (41578, 30155);
INSERT INTO Taxon(id, name, level) VALUES (41579, 'armumine', 'SUBTOPIC');
INSERT INTO Subtopic(id, topic) VALUES (41579, 30156);
INSERT INTO Taxon(id, name, level) VALUES (41580, 'konfliktide_vältimine_ja_lahendamine', 'SUBTOPIC');
INSERT INTO Subtopic(id, topic) VALUES (41580, 30156);
INSERT INTO Taxon(id, name, level) VALUES (41581, 'käimine', 'SUBTOPIC');
INSERT INTO Subtopic(id, topic) VALUES (41581, 30156);
INSERT INTO Taxon(id, name, level) VALUES (41582, 'lähedus_suhetes_ja_seksuaalhuvi', 'SUBTOPIC');
INSERT INTO Subtopic(id, topic) VALUES (41582, 30156);
INSERT INTO Taxon(id, name, level) VALUES (41583, 'minapilt_ja_enesehinnang', 'SUBTOPIC');
INSERT INTO Subtopic(id, topic) VALUES (41583, 30156);
INSERT INTO Taxon(id, name, level) VALUES (41584, 'muutunud_välimus', 'SUBTOPIC');
INSERT INTO Subtopic(id, topic) VALUES (41584, 30156);
INSERT INTO Taxon(id, name, level) VALUES (41585, 'naiselikkus_ja_mehelikkus', 'SUBTOPIC');
INSERT INTO Subtopic(id, topic) VALUES (41585, 30156);
INSERT INTO Taxon(id, name, level) VALUES (41586, 'nooruki_põhimured_küpsemisperioodil', 'SUBTOPIC');
INSERT INTO Subtopic(id, topic) VALUES (41586, 30156);
INSERT INTO Taxon(id, name, level) VALUES (41587, 'oma_iseloomujoonte,_huvide,_võimete_ja_väärtuste_määramine', 'SUBTOPIC');
INSERT INTO Subtopic(id, topic) VALUES (41587, 30156);
INSERT INTO Taxon(id, name, level) VALUES (41588, 'soorollid_ja_soostereotüübid', 'SUBTOPIC');
INSERT INTO Subtopic(id, topic) VALUES (41588, 30156);
INSERT INTO Taxon(id, name, level) VALUES (41589, 'suguküpsus', 'SUBTOPIC');
INSERT INTO Subtopic(id, topic) VALUES (41589, 30156);
INSERT INTO Taxon(id, name, level) VALUES (41590, 'sõprus', 'SUBTOPIC');
INSERT INTO Subtopic(id, topic) VALUES (41590, 30156);
INSERT INTO Taxon(id, name, level) VALUES (41591, 'varane_ja_hiline_küpsemine', 'SUBTOPIC');
INSERT INTO Subtopic(id, topic) VALUES (41591, 30156);
INSERT INTO Taxon(id, name, level) VALUES (41592, 'vastutus_seksuaalsuhetes_ja_turvaline_seksuaalkäitumine', 'SUBTOPIC');
INSERT INTO Subtopic(id, topic) VALUES (41592, 30156);
INSERT INTO Taxon(id, name, level) VALUES (41593, 'erinevate_käitumisviiside_leidmine_probleeme_lahendades', 'SUBTOPIC');
INSERT INTO Subtopic(id, topic) VALUES (41593, 30157);
INSERT INTO Taxon(id, name, level) VALUES (41594, 'konfliktide_olemus_ja_põhjused', 'SUBTOPIC');
INSERT INTO Subtopic(id, topic) VALUES (41594, 30157);
INSERT INTO Taxon(id, name, level) VALUES (41595, 'otsustamine_ja_probleemide_lahendamine', 'SUBTOPIC');
INSERT INTO Subtopic(id, topic) VALUES (41595, 30157);
INSERT INTO Taxon(id, name, level) VALUES (41596, 'tagajärgede_arvestamine_probleemilahenduses', 'SUBTOPIC');
INSERT INTO Subtopic(id, topic) VALUES (41596, 30157);
INSERT INTO Taxon(id, name, level) VALUES (41597, 'tõhusad_ja_mittetõhusad_konfliktide_lahendamise_teed', 'SUBTOPIC');
INSERT INTO Subtopic(id, topic) VALUES (41597, 30157);
INSERT INTO Taxon(id, name, level) VALUES (41598, 'vastutus_otsustamisel', 'SUBTOPIC');
INSERT INTO Subtopic(id, topic) VALUES (41598, 30157);
INSERT INTO Taxon(id, name, level) VALUES (41599, 'Eesti_teiste_riikide_seas', 'SUBTOPIC');
INSERT INTO Subtopic(id, topic) VALUES (41599, 30158);
INSERT INTO Taxon(id, name, level) VALUES (41600, 'Eesti_Vabariigi_sümbolid', 'SUBTOPIC');
INSERT INTO Subtopic(id, topic) VALUES (41600, 30158);
INSERT INTO Taxon(id, name, level) VALUES (41601, 'erinevate_rahvaste_tavad_ja_kombed', 'SUBTOPIC');
INSERT INTO Subtopic(id, topic) VALUES (41601, 30158);
INSERT INTO Taxon(id, name, level) VALUES (41602, 'kodukoht:_küla,_vald,_linn,_maakond', 'SUBTOPIC');
INSERT INTO Subtopic(id, topic) VALUES (41602, 30158);
INSERT INTO Taxon(id, name, level) VALUES (41603, 'minu_kodumaa_Eesti', 'SUBTOPIC');
INSERT INTO Subtopic(id, topic) VALUES (41603, 30158);
INSERT INTO Taxon(id, name, level) VALUES (41604, 'naaberriigid', 'SUBTOPIC');
INSERT INTO Subtopic(id, topic) VALUES (41604, 30158);
INSERT INTO Taxon(id, name, level) VALUES (41605, 'rahvakalendri_tähtpäevad', 'SUBTOPIC');
INSERT INTO Subtopic(id, topic) VALUES (41605, 30158);
INSERT INTO Taxon(id, name, level) VALUES (41606, 'sallivus', 'SUBTOPIC');
INSERT INTO Subtopic(id, topic) VALUES (41606, 30158);
INSERT INTO Taxon(id, name, level) VALUES (41607, 'hea_ja_halb_käitumine', 'SUBTOPIC');
INSERT INTO Subtopic(id, topic) VALUES (41607, 30159);
INSERT INTO Taxon(id, name, level) VALUES (41608, 'iga_inimese_väärtus', 'SUBTOPIC');
INSERT INTO Subtopic(id, topic) VALUES (41608, 30159);
INSERT INTO Taxon(id, name, level) VALUES (41609, 'igaühe_individuaalsus_ja_väärtuslikkus', 'SUBTOPIC');
INSERT INTO Subtopic(id, topic) VALUES (41609, 30159);
INSERT INTO Taxon(id, name, level) VALUES (41610, 'keeldumine_kahjulikust_tegevusest', 'SUBTOPIC');
INSERT INTO Subtopic(id, topic) VALUES (41610, 30159);
INSERT INTO Taxon(id, name, level) VALUES (41611, 'kohustetunne_ja_vastutus', 'SUBTOPIC');
INSERT INTO Subtopic(id, topic) VALUES (41611, 30159);
INSERT INTO Taxon(id, name, level) VALUES (41612, 'käitumise_mõju_ja_tagajärjed', 'SUBTOPIC');
INSERT INTO Subtopic(id, topic) VALUES (41612, 30159);
INSERT INTO Taxon(id, name, level) VALUES (41613, 'käitumisreeglid', 'SUBTOPIC');
INSERT INTO Subtopic(id, topic) VALUES (41613, 30159);
INSERT INTO Taxon(id, name, level) VALUES (41614, 'lapse_õigused_ja_kohustused', 'SUBTOPIC');
INSERT INTO Subtopic(id, topic) VALUES (41614, 30159);
INSERT INTO Taxon(id, name, level) VALUES (41615, 'leppimine', 'SUBTOPIC');
INSERT INTO Subtopic(id, topic) VALUES (41615, 30159);
INSERT INTO Taxon(id, name, level) VALUES (41616, 'liiklusreeglid', 'SUBTOPIC');
INSERT INTO Subtopic(id, topic) VALUES (41616, 30159);
INSERT INTO Taxon(id, name, level) VALUES (41617, 'meeskonnatöö', 'SUBTOPIC');
INSERT INTO Subtopic(id, topic) VALUES (41617, 30159);
INSERT INTO Taxon(id, name, level) VALUES (41618, 'mina_ja_endasse_suhtumine', 'SUBTOPIC');
INSERT INTO Subtopic(id, topic) VALUES (41618, 30159);
INSERT INTO Taxon(id, name, level) VALUES (41619, 'mina_ja_teised,_erinevused_ja_sarnasused', 'SUBTOPIC');
INSERT INTO Subtopic(id, topic) VALUES (41619, 30159);
INSERT INTO Taxon(id, name, level) VALUES (41620, 'minu_ja_teiste_vajadused', 'SUBTOPIC');
INSERT INTO Subtopic(id, topic) VALUES (41620, 30159);
INSERT INTO Taxon(id, name, level) VALUES (41621, 'mäng_ja_töö', 'SUBTOPIC');
INSERT INTO Subtopic(id, topic) VALUES (41621, 30159);
INSERT INTO Taxon(id, name, level) VALUES (41622, 'oma_muredest_rääkimine_ja_tunnete_väljendamine', 'SUBTOPIC');
INSERT INTO Subtopic(id, topic) VALUES (41622, 30159);
INSERT INTO Taxon(id, name, level) VALUES (41623, 'oskus_panna_end_teise_inimese_olukorda', 'SUBTOPIC');
INSERT INTO Subtopic(id, topic) VALUES (41623, 30159);
INSERT INTO Taxon(id, name, level) VALUES (41624, 'sõbrad_ja_sõpruse_hoidmine', 'SUBTOPIC');
INSERT INTO Subtopic(id, topic) VALUES (41624, 30159);
INSERT INTO Taxon(id, name, level) VALUES (41625, 'südametunnistus', 'SUBTOPIC');
INSERT INTO Subtopic(id, topic) VALUES (41625, 30159);
INSERT INTO Taxon(id, name, level) VALUES (41626, 'tööjaotus', 'SUBTOPIC');
INSERT INTO Subtopic(id, topic) VALUES (41626, 30159);
INSERT INTO Taxon(id, name, level) VALUES (41627, 'vabandust_palumine_ja_vabandamine', 'SUBTOPIC');
INSERT INTO Subtopic(id, topic) VALUES (41627, 30159);
INSERT INTO Taxon(id, name, level) VALUES (41628, 'viisakas_käitumine', 'SUBTOPIC');
INSERT INTO Subtopic(id, topic) VALUES (41628, 30159);
INSERT INTO Taxon(id, name, level) VALUES (41629, 'õppimine', 'SUBTOPIC');
INSERT INTO Subtopic(id, topic) VALUES (41629, 30159);
INSERT INTO Taxon(id, name, level) VALUES (41630, 'üksteise_eest_hoolitsemine_ja_teiste_abistamine', 'SUBTOPIC');
INSERT INTO Subtopic(id, topic) VALUES (41630, 30159);
INSERT INTO Taxon(id, name, level) VALUES (41631, 'abivalmidus,_kohuse-_ja_vastutustunne', 'SUBTOPIC');
INSERT INTO Subtopic(id, topic) VALUES (41631, 30160);
INSERT INTO Taxon(id, name, level) VALUES (41632, 'erinevad_pered', 'SUBTOPIC');
INSERT INTO Subtopic(id, topic) VALUES (41632, 30160);
INSERT INTO Taxon(id, name, level) VALUES (41633, 'kodu', 'SUBTOPIC');
INSERT INTO Subtopic(id, topic) VALUES (41633, 30160);
INSERT INTO Taxon(id, name, level) VALUES (41634, 'kodu_traditsioonid', 'SUBTOPIC');
INSERT INTO Subtopic(id, topic) VALUES (41634, 30160);
INSERT INTO Taxon(id, name, level) VALUES (41635, 'koduarmastus', 'SUBTOPIC');
INSERT INTO Subtopic(id, topic) VALUES (41635, 30160);
INSERT INTO Taxon(id, name, level) VALUES (41636, 'kodused_tööd', 'SUBTOPIC');
INSERT INTO Subtopic(id, topic) VALUES (41636, 30160);
INSERT INTO Taxon(id, name, level) VALUES (41637, 'koduümbrus', 'SUBTOPIC');
INSERT INTO Subtopic(id, topic) VALUES (41637, 30160);
INSERT INTO Taxon(id, name, level) VALUES (41638, 'naabrid_ja_naabruskond', 'SUBTOPIC');
INSERT INTO Subtopic(id, topic) VALUES (41638, 30160);
INSERT INTO Taxon(id, name, level) VALUES (41639, 'ohud_kodus_ja_koduümbruses', 'SUBTOPIC');
INSERT INTO Subtopic(id, topic) VALUES (41639, 30160);
INSERT INTO Taxon(id, name, level) VALUES (41640, 'perekond', 'SUBTOPIC');
INSERT INTO Subtopic(id, topic) VALUES (41640, 30160);
INSERT INTO Taxon(id, name, level) VALUES (41641, 'pereliikmete_tegevused_ja_rollid', 'SUBTOPIC');
INSERT INTO Subtopic(id, topic) VALUES (41641, 30160);
INSERT INTO Taxon(id, name, level) VALUES (41642, 'vanavanemad_ja_teised_sugulased', 'SUBTOPIC');
INSERT INTO Subtopic(id, topic) VALUES (41642, 30160);
INSERT INTO Taxon(id, name, level) VALUES (41643, 'vanemate_ja_teiste_inimeste_töö', 'SUBTOPIC');
INSERT INTO Subtopic(id, topic) VALUES (41643, 30160);
INSERT INTO Taxon(id, name, level) VALUES (41644, 'võõras_ümbrus_ja_võõraga_kaasaminek', 'SUBTOPIC');
INSERT INTO Subtopic(id, topic) VALUES (41644, 30160);
INSERT INTO Taxon(id, name, level) VALUES (41645, 'aeg', 'SUBTOPIC');
INSERT INTO Subtopic(id, topic) VALUES (41645, 30161);
INSERT INTO Taxon(id, name, level) VALUES (41646, 'aja_planeerimine', 'SUBTOPIC');
INSERT INTO Subtopic(id, topic) VALUES (41646, 30161);
INSERT INTO Taxon(id, name, level) VALUES (41647, 'asja_väärtus_ja_hind', 'SUBTOPIC');
INSERT INTO Subtopic(id, topic) VALUES (41647, 30161);
INSERT INTO Taxon(id, name, level) VALUES (41648, 'asjade_väärtus_teiste_väärtuste_seas', 'SUBTOPIC');
INSERT INTO Subtopic(id, topic) VALUES (41648, 30161);
INSERT INTO Taxon(id, name, level) VALUES (41649, 'minu_oma,_tema_oma,_meie_oma', 'SUBTOPIC');
INSERT INTO Subtopic(id, topic) VALUES (41649, 30161);
INSERT INTO Taxon(id, name, level) VALUES (41650, 'oma_tegevuse_kavandamine', 'SUBTOPIC');
INSERT INTO Subtopic(id, topic) VALUES (41650, 30161);
INSERT INTO Taxon(id, name, level) VALUES (41651, 'täpsus,_lubadused,_vastutus_ja_ausus', 'SUBTOPIC');
INSERT INTO Subtopic(id, topic) VALUES (41651, 30161);
INSERT INTO Taxon(id, name, level) VALUES (41652, 'kehalised_ja_emotsionaalsed_muutused_murdeeas', 'SUBTOPIC');
INSERT INTO Subtopic(id, topic) VALUES (41652, 30162);
INSERT INTO Taxon(id, name, level) VALUES (41653, 'kehaliste_muutuste_erinev_tempo_murdeeas', 'SUBTOPIC');
INSERT INTO Subtopic(id, topic) VALUES (41653, 30162);
INSERT INTO Taxon(id, name, level) VALUES (41654, 'murdeiga_inimese_elukaares', 'SUBTOPIC');
INSERT INTO Subtopic(id, topic) VALUES (41654, 30162);
INSERT INTO Taxon(id, name, level) VALUES (41655, 'suguline_küpsus_ja_soojätkamine', 'SUBTOPIC');
INSERT INTO Subtopic(id, topic) VALUES (41655, 30162);
INSERT INTO Taxon(id, name, level) VALUES (41656, 'suhtumine_kehasse_ja_oma_keha_eest_hoolitsemine', 'SUBTOPIC');
INSERT INTO Subtopic(id, topic) VALUES (41656, 30162);
INSERT INTO Taxon(id, name, level) VALUES (41657, 'abi_ja_nõu_saamise_võimalused', 'SUBTOPIC');
INSERT INTO Subtopic(id, topic) VALUES (41657, 30163);
INSERT INTO Taxon(id, name, level) VALUES (41658, 'armastus', 'SUBTOPIC');
INSERT INTO Subtopic(id, topic) VALUES (41658, 30163);
INSERT INTO Taxon(id, name, level) VALUES (41659, 'HIV_ja_AIDS', 'SUBTOPIC');
INSERT INTO Subtopic(id, topic) VALUES (41659, 30163);
INSERT INTO Taxon(id, name, level) VALUES (41660, 'rasestumisvastased_meetodid', 'SUBTOPIC');
INSERT INTO Subtopic(id, topic) VALUES (41660, 30163);
INSERT INTO Taxon(id, name, level) VALUES (41661, 'seksuaalne_orientatsioon', 'SUBTOPIC');
INSERT INTO Subtopic(id, topic) VALUES (41661, 30163);
INSERT INTO Taxon(id, name, level) VALUES (41662, 'seksuaalsel_teel_levivate_haiguste_vältimine', 'SUBTOPIC');
INSERT INTO Subtopic(id, topic) VALUES (41662, 30163);
INSERT INTO Taxon(id, name, level) VALUES (41663, 'seksuaalsuse_olemus', 'SUBTOPIC');
INSERT INTO Subtopic(id, topic) VALUES (41663, 30163);
INSERT INTO Taxon(id, name, level) VALUES (41664, 'seksuaalvahekord', 'SUBTOPIC');
INSERT INTO Subtopic(id, topic) VALUES (41664, 30163);
INSERT INTO Taxon(id, name, level) VALUES (41665, 'seksuaalõigused', 'SUBTOPIC');
INSERT INTO Subtopic(id, topic) VALUES (41665, 30163);
INSERT INTO Taxon(id, name, level) VALUES (41666, 'soorollid_ja_soostereotüübid', 'SUBTOPIC');
INSERT INTO Subtopic(id, topic) VALUES (41666, 30163);
INSERT INTO Taxon(id, name, level) VALUES (41667, 'sotsiaalne_tervis_ja_suhted', 'SUBTOPIC');
INSERT INTO Subtopic(id, topic) VALUES (41667, 30163);
INSERT INTO Taxon(id, name, level) VALUES (41668, 'suhete_loomine,_säilitamine_ja_katkemine', 'SUBTOPIC');
INSERT INTO Subtopic(id, topic) VALUES (41668, 30163);
INSERT INTO Taxon(id, name, level) VALUES (41669, 'suhete_väärtustamine', 'SUBTOPIC');
INSERT INTO Subtopic(id, topic) VALUES (41669, 30163);
INSERT INTO Taxon(id, name, level) VALUES (41670, 'turvaline_seksuaalkäitumine', 'SUBTOPIC');
INSERT INTO Subtopic(id, topic) VALUES (41670, 30163);
INSERT INTO Taxon(id, name, level) VALUES (41671, 'empaatia', 'SUBTOPIC');
INSERT INTO Subtopic(id, topic) VALUES (41671, 30164);
INSERT INTO Taxon(id, name, level) VALUES (41672, 'erinevuste_ja_mitmekesisuse_väärtustamine', 'SUBTOPIC');
INSERT INTO Subtopic(id, topic) VALUES (41672, 30164);
INSERT INTO Taxon(id, name, level) VALUES (41673, 'erivajadustega_inimesed', 'SUBTOPIC');
INSERT INTO Subtopic(id, topic) VALUES (41673, 30164);
INSERT INTO Taxon(id, name, level) VALUES (41674, 'hoolivus', 'SUBTOPIC');
INSERT INTO Subtopic(id, topic) VALUES (41674, 30164);
INSERT INTO Taxon(id, name, level) VALUES (41675, 'isikute_iseärasused', 'SUBTOPIC');
INSERT INTO Subtopic(id, topic) VALUES (41675, 30164);
INSERT INTO Taxon(id, name, level) VALUES (41676, 'kaaslaste_mõju_ja_surve', 'SUBTOPIC');
INSERT INTO Subtopic(id, topic) VALUES (41676, 30164);
INSERT INTO Taxon(id, name, level) VALUES (41677, 'positiivsed_jooned_ja_omadused_endas_ning_teistes', 'SUBTOPIC');
INSERT INTO Subtopic(id, topic) VALUES (41677, 30164);
INSERT INTO Taxon(id, name, level) VALUES (41678, 'sallivus_enda_ja_teiste_vastu', 'SUBTOPIC');
INSERT INTO Subtopic(id, topic) VALUES (41678, 30164);
INSERT INTO Taxon(id, name, level) VALUES (41679, 'soolised_erinevused', 'SUBTOPIC');
INSERT INTO Subtopic(id, topic) VALUES (41679, 30164);
INSERT INTO Taxon(id, name, level) VALUES (41680, 'sõprussuhted', 'SUBTOPIC');
INSERT INTO Subtopic(id, topic) VALUES (41680, 30164);
INSERT INTO Taxon(id, name, level) VALUES (41681, 'usaldus_suhetes', 'SUBTOPIC');
INSERT INTO Subtopic(id, topic) VALUES (41681, 30164);
INSERT INTO Taxon(id, name, level) VALUES (41682, 'vastutus_suhetes', 'SUBTOPIC');
INSERT INTO Subtopic(id, topic) VALUES (41682, 30164);
INSERT INTO Taxon(id, name, level) VALUES (41683, 'üksteise_aitamine,_jagamine,_koostöö_ja_hoolitsemine', 'SUBTOPIC');
INSERT INTO Subtopic(id, topic) VALUES (41683, 30164);
INSERT INTO Taxon(id, name, level) VALUES (41684, 'eneseanalüüs', 'SUBTOPIC');
INSERT INTO Subtopic(id, topic) VALUES (41684, 30165);
INSERT INTO Taxon(id, name, level) VALUES (41685, 'enesehinnang', 'SUBTOPIC');
INSERT INTO Subtopic(id, topic) VALUES (41685, 30165);
INSERT INTO Taxon(id, name, level) VALUES (41686, 'enesekontroll', 'SUBTOPIC');
INSERT INTO Subtopic(id, topic) VALUES (41686, 30165);
INSERT INTO Taxon(id, name, level) VALUES (41687, 'enesesse_uskumine', 'SUBTOPIC');
INSERT INTO Subtopic(id, topic) VALUES (41687, 30165);
INSERT INTO Taxon(id, name, level) VALUES (41688, 'mina_ja_suhtlemine', 'SUBTOPIC');
INSERT INTO Subtopic(id, topic) VALUES (41688, 30165);
INSERT INTO Taxon(id, name, level) VALUES (41689, 'oma_väärtuste_selgitamine', 'SUBTOPIC');
INSERT INTO Subtopic(id, topic) VALUES (41689, 30165);
INSERT INTO Taxon(id, name, level) VALUES (41690, 'aktiivne_kuulamine', 'SUBTOPIC');
INSERT INTO Subtopic(id, topic) VALUES (41690, 30166);
INSERT INTO Taxon(id, name, level) VALUES (41691, 'eelarvamused', 'SUBTOPIC');
INSERT INTO Subtopic(id, topic) VALUES (41691, 30166);
INSERT INTO Taxon(id, name, level) VALUES (41692, 'ei_ütlemine_ennast_ja_teisi_kahjustava_käitumise_puhul', 'SUBTOPIC');
INSERT INTO Subtopic(id, topic) VALUES (41692, 30166);
INSERT INTO Taxon(id, name, level) VALUES (41693, 'eneseavamine', 'SUBTOPIC');
INSERT INTO Subtopic(id, topic) VALUES (41693, 30166);
INSERT INTO Taxon(id, name, level) VALUES (41694, 'kehtestav,_agressiivne_ja_alistuv_käitumine', 'SUBTOPIC');
INSERT INTO Subtopic(id, topic) VALUES (41694, 30166);
INSERT INTO Taxon(id, name, level) VALUES (41695, 'suhtlemise_komponendid', 'SUBTOPIC');
INSERT INTO Subtopic(id, topic) VALUES (41695, 30166);
INSERT INTO Taxon(id, name, level) VALUES (41696, 'tunnete_väljendamine', 'SUBTOPIC');
INSERT INTO Subtopic(id, topic) VALUES (41696, 30166);
INSERT INTO Taxon(id, name, level) VALUES (41697, 'verbaalne_ja_mitteverbaalne_suhtlemine', 'SUBTOPIC');
INSERT INTO Subtopic(id, topic) VALUES (41697, 30166);
INSERT INTO Taxon(id, name, level) VALUES (41698, 'oma_kulutuste_plaanimine', 'SUBTOPIC');
INSERT INTO Subtopic(id, topic) VALUES (41698, 30167);
INSERT INTO Taxon(id, name, level) VALUES (41699, 'raha', 'SUBTOPIC');
INSERT INTO Subtopic(id, topic) VALUES (41699, 30167);
INSERT INTO Taxon(id, name, level) VALUES (41700, 'raha_teenimine,_kulutamine_ja_laenamine', 'SUBTOPIC');
INSERT INTO Subtopic(id, topic) VALUES (41700, 30167);
INSERT INTO Taxon(id, name, level) VALUES (41701, 'reklaami_mõju', 'SUBTOPIC');
INSERT INTO Subtopic(id, topic) VALUES (41701, 30167);
INSERT INTO Taxon(id, name, level) VALUES (41702, 'teave_ja_teabeallikad_ning_nende_kasutamine', 'SUBTOPIC');
INSERT INTO Subtopic(id, topic) VALUES (41702, 30167);
INSERT INTO Taxon(id, name, level) VALUES (41703, 'turvaline_käitumine_meediakeskkonnas', 'SUBTOPIC');
INSERT INTO Subtopic(id, topic) VALUES (41703, 30167);
INSERT INTO Taxon(id, name, level) VALUES (41704, 'abi_saamise_võimalused', 'SUBTOPIC');
INSERT INTO Subtopic(id, topic) VALUES (41704, 30168);
INSERT INTO Taxon(id, name, level) VALUES (41705, 'abistamine,_abi_otsimine_ja_leidmine', 'SUBTOPIC');
INSERT INTO Subtopic(id, topic) VALUES (41705, 30168);
INSERT INTO Taxon(id, name, level) VALUES (41706, 'Eesti_rahvastiku_tervisenäitajad', 'SUBTOPIC');
INSERT INTO Subtopic(id, topic) VALUES (41706, 30168);
INSERT INTO Taxon(id, name, level) VALUES (41707, 'esmaabi', 'SUBTOPIC');
INSERT INTO Subtopic(id, topic) VALUES (41707, 30168);
INSERT INTO Taxon(id, name, level) VALUES (41708, 'füüsiline,_vaimne,_emotsionaalne_ja_sotsiaalne_tervis', 'SUBTOPIC');
INSERT INTO Subtopic(id, topic) VALUES (41708, 30168);
INSERT INTO Taxon(id, name, level) VALUES (41709, 'hea_ja_halb_stress', 'SUBTOPIC');
INSERT INTO Subtopic(id, topic) VALUES (41709, 30168);
INSERT INTO Taxon(id, name, level) VALUES (41710, 'keha_reaktsioonid_stressile', 'SUBTOPIC');
INSERT INTO Subtopic(id, topic) VALUES (41710, 30168);
INSERT INTO Taxon(id, name, level) VALUES (41711, 'kehaline_aktiivsus_tervise_tugevdajana', 'SUBTOPIC');
INSERT INTO Subtopic(id, topic) VALUES (41711, 30168);
INSERT INTO Taxon(id, name, level) VALUES (41712, 'kehaline_vormisolek_ja_aktiivsus', 'SUBTOPIC');
INSERT INTO Subtopic(id, topic) VALUES (41712, 30168);
INSERT INTO Taxon(id, name, level) VALUES (41713, 'kriis,_selle_olemus', 'SUBTOPIC');
INSERT INTO Subtopic(id, topic) VALUES (41713, 30168);
INSERT INTO Taxon(id, name, level) VALUES (41714, 'käitumine_kriisiolukorras', 'SUBTOPIC');
INSERT INTO Subtopic(id, topic) VALUES (41714, 30168);
INSERT INTO Taxon(id, name, level) VALUES (41715, 'pingete_maandamise_võimalused', 'SUBTOPIC');
INSERT INTO Subtopic(id, topic) VALUES (41715, 30168);
INSERT INTO Taxon(id, name, level) VALUES (41716, 'ravimid', 'SUBTOPIC');
INSERT INTO Subtopic(id, topic) VALUES (41716, 30168);
INSERT INTO Taxon(id, name, level) VALUES (41717, 'stress', 'SUBTOPIC');
INSERT INTO Subtopic(id, topic) VALUES (41717, 30168);
INSERT INTO Taxon(id, name, level) VALUES (41718, 'stressi_kujunemine', 'SUBTOPIC');
INSERT INTO Subtopic(id, topic) VALUES (41718, 30168);
INSERT INTO Taxon(id, name, level) VALUES (41719, 'stressiga_toimetulek', 'SUBTOPIC');
INSERT INTO Subtopic(id, topic) VALUES (41719, 30168);
INSERT INTO Taxon(id, name, level) VALUES (41720, 'stressorid', 'SUBTOPIC');
INSERT INTO Subtopic(id, topic) VALUES (41720, 30168);
INSERT INTO Taxon(id, name, level) VALUES (41721, 'terve_ja_haige_inimene', 'SUBTOPIC');
INSERT INTO Subtopic(id, topic) VALUES (41721, 30168);
INSERT INTO Taxon(id, name, level) VALUES (41722, 'tervis_kui_heaoluseisund', 'SUBTOPIC');
INSERT INTO Subtopic(id, topic) VALUES (41722, 30168);
INSERT INTO Taxon(id, name, level) VALUES (41723, 'tervise_eest_hoolitsemine', 'SUBTOPIC');
INSERT INTO Subtopic(id, topic) VALUES (41723, 30168);
INSERT INTO Taxon(id, name, level) VALUES (41724, 'tervise_olemus', 'SUBTOPIC');
INSERT INTO Subtopic(id, topic) VALUES (41724, 30168);
INSERT INTO Taxon(id, name, level) VALUES (41725, 'tervisealased_infoallikad_ja_teenused', 'SUBTOPIC');
INSERT INTO Subtopic(id, topic) VALUES (41725, 30168);
INSERT INTO Taxon(id, name, level) VALUES (41726, 'terviseaspektide_omavahelised_seosed', 'SUBTOPIC');
INSERT INTO Subtopic(id, topic) VALUES (41726, 30168);
INSERT INTO Taxon(id, name, level) VALUES (41727, 'tervisekäitumise_tegurid', 'SUBTOPIC');
INSERT INTO Subtopic(id, topic) VALUES (41727, 30168);
INSERT INTO Taxon(id, name, level) VALUES (41728, 'tervisenäitajad', 'SUBTOPIC');
INSERT INTO Subtopic(id, topic) VALUES (41728, 30168);
INSERT INTO Taxon(id, name, level) VALUES (41729, 'tervist_mõjutavad_tegurid', 'SUBTOPIC');
INSERT INTO Subtopic(id, topic) VALUES (41729, 30168);
INSERT INTO Taxon(id, name, level) VALUES (41730, 'toitumise_mõju_tervisele', 'SUBTOPIC');
INSERT INTO Subtopic(id, topic) VALUES (41730, 30168);
INSERT INTO Taxon(id, name, level) VALUES (41731, 'toitumist_mõjutavad_tegurid', 'SUBTOPIC');
INSERT INTO Subtopic(id, topic) VALUES (41731, 30168);
INSERT INTO Taxon(id, name, level) VALUES (41732, 'vaimne_heaolu', 'SUBTOPIC');
INSERT INTO Subtopic(id, topic) VALUES (41732, 30168);
INSERT INTO Taxon(id, name, level) VALUES (41733, 'vaimne_ja_füüsiline_tervis', 'SUBTOPIC');
INSERT INTO Subtopic(id, topic) VALUES (41733, 30168);
INSERT INTO Taxon(id, name, level) VALUES (41734, 'vaimset_heaolu_toetavad_tegevused_ja_mõttelaad', 'SUBTOPIC');
INSERT INTO Subtopic(id, topic) VALUES (41734, 30168);
INSERT INTO Taxon(id, name, level) VALUES (41735, 'tervislik_elukeskkond', 'SUBTOPIC');
INSERT INTO Subtopic(id, topic) VALUES (41735, 30169);
INSERT INTO Taxon(id, name, level) VALUES (41736, 'tervislik_õpikeskkond', 'SUBTOPIC');
INSERT INTO Subtopic(id, topic) VALUES (41736, 30169);
INSERT INTO Taxon(id, name, level) VALUES (41737, 'kehalise_aktiivsuse_vormid_ja_põhimõtted', 'SUBTOPIC');
INSERT INTO Subtopic(id, topic) VALUES (41737, 30170);
INSERT INTO Taxon(id, name, level) VALUES (41738, 'päevakava_ning_töö_ja_puhkuse_vaheldumine', 'SUBTOPIC');
INSERT INTO Subtopic(id, topic) VALUES (41738, 30170);
INSERT INTO Taxon(id, name, level) VALUES (41739, 'tervislik_toitumine', 'SUBTOPIC');
INSERT INTO Subtopic(id, topic) VALUES (41739, 30170);
INSERT INTO Taxon(id, name, level) VALUES (41740, 'tervisliku_eluviisi_komponendid', 'SUBTOPIC');
INSERT INTO Subtopic(id, topic) VALUES (41740, 30170);
INSERT INTO Taxon(id, name, level) VALUES (41741, 'tervisliku_toitumise_põhimõtted', 'SUBTOPIC');
INSERT INTO Subtopic(id, topic) VALUES (41741, 30170);
INSERT INTO Taxon(id, name, level) VALUES (41742, 'toitumist_mõjutavad_tegurid', 'SUBTOPIC');
INSERT INTO Subtopic(id, topic) VALUES (41742, 30170);
INSERT INTO Taxon(id, name, level) VALUES (41743, 'uni', 'SUBTOPIC');
INSERT INTO Subtopic(id, topic) VALUES (41743, 30170);
INSERT INTO Taxon(id, name, level) VALUES (41744, 'eakaaslaste_ning_meedia_mõju_ohukäitumise_valikutele', 'SUBTOPIC');
INSERT INTO Subtopic(id, topic) VALUES (41744, 30171);
INSERT INTO Taxon(id, name, level) VALUES (41745, 'emotsioonidega_toimetulek,_enesetunnetamine,_kriitiline_mõtlemine', 'SUBTOPIC');
INSERT INTO Subtopic(id, topic) VALUES (41745, 30171);
INSERT INTO Taxon(id, name, level) VALUES (41746, 'erinevad_legaalsed_ja_illegaalsed_uimastid', 'SUBTOPIC');
INSERT INTO Subtopic(id, topic) VALUES (41746, 30171);
INSERT INTO Taxon(id, name, level) VALUES (41747, 'esmaabi_põhimõtted_ja_käitumine_ohuolukordades', 'SUBTOPIC');
INSERT INTO Subtopic(id, topic) VALUES (41747, 30171);
INSERT INTO Taxon(id, name, level) VALUES (41748, 'hakkamasaamine_kiusamise_ja_vägivallaga', 'SUBTOPIC');
INSERT INTO Subtopic(id, topic) VALUES (41748, 30171);
INSERT INTO Taxon(id, name, level) VALUES (41749, 'iseenda_vastutus', 'SUBTOPIC');
INSERT INTO Subtopic(id, topic) VALUES (41749, 30171);
INSERT INTO Taxon(id, name, level) VALUES (41750, 'levinumad_riskikäitumise_liigid', 'SUBTOPIC');
INSERT INTO Subtopic(id, topic) VALUES (41750, 30171);
INSERT INTO Taxon(id, name, level) VALUES (41751, 'riskikäitumise_mõju_inimese_tervisele_ja_toimetulekule', 'SUBTOPIC');
INSERT INTO Subtopic(id, topic) VALUES (41751, 30171);
INSERT INTO Taxon(id, name, level) VALUES (41752, 'riskikäitumisega_toimetulek', 'SUBTOPIC');
INSERT INTO Subtopic(id, topic) VALUES (41752, 30171);
INSERT INTO Taxon(id, name, level) VALUES (41753, 'sõltuvuse_kujunemine', 'SUBTOPIC');
INSERT INTO Subtopic(id, topic) VALUES (41753, 30171);
INSERT INTO Taxon(id, name, level) VALUES (41754, 'tubaka,_alkoholi_ja_uimastitega_seonduvad_riskid', 'SUBTOPIC');
INSERT INTO Subtopic(id, topic) VALUES (41754, 30171);
INSERT INTO Taxon(id, name, level) VALUES (41755, 'turvaline_ning_ohutu_käitumine', 'SUBTOPIC');
INSERT INTO Subtopic(id, topic) VALUES (41755, 30171);
INSERT INTO Taxon(id, name, level) VALUES (41756, 'uimastid_ja_nende_toime_kesknärvisüsteemile', 'SUBTOPIC');
INSERT INTO Subtopic(id, topic) VALUES (41756, 30171);
INSERT INTO Taxon(id, name, level) VALUES (41757, 'uimastite_tarvitamise_lühi-_ja_pikaajaline_mõju', 'SUBTOPIC');
INSERT INTO Subtopic(id, topic) VALUES (41757, 30171);
INSERT INTO Taxon(id, name, level) VALUES (41758, 'uimastite_tarvitamise_riskid', 'SUBTOPIC');
INSERT INTO Subtopic(id, topic) VALUES (41758, 30171);
INSERT INTO Taxon(id, name, level) VALUES (41759, 'uimastitega_seonduvad_vääruskumused', 'SUBTOPIC');
INSERT INTO Subtopic(id, topic) VALUES (41759, 30171);
INSERT INTO Taxon(id, name, level) VALUES (41760, 'vahendatud_suhtlemine', 'SUBTOPIC');
INSERT INTO Subtopic(id, topic) VALUES (41760, 30171);
INSERT INTO Taxon(id, name, level) VALUES (41761, 'valikud_ja_vastutus_seoses_uimastitega', 'SUBTOPIC');
INSERT INTO Subtopic(id, topic) VALUES (41761, 30171);
INSERT INTO Taxon(id, name, level) VALUES (41762, 'ajaarvamine,_ajaloo_perioodid', 'SUBTOPIC');
INSERT INTO Subtopic(id, topic) VALUES (41762, 30172);
INSERT INTO Taxon(id, name, level) VALUES (41763, 'ajalugu_ja_ajalooallikad', 'SUBTOPIC');
INSERT INTO Subtopic(id, topic) VALUES (41763, 30172);
INSERT INTO Taxon(id, name, level) VALUES (41764, 'ajatelg', 'SUBTOPIC');
INSERT INTO Subtopic(id, topic) VALUES (41764, 30172);
INSERT INTO Taxon(id, name, level) VALUES (41765, 'allikate_tõlgendamine', 'SUBTOPIC');
INSERT INTO Subtopic(id, topic) VALUES (41765, 30172);
INSERT INTO Taxon(id, name, level) VALUES (41766, 'keskaeg', 'SUBTOPIC');
INSERT INTO Subtopic(id, topic) VALUES (41766, 30172);
INSERT INTO Taxon(id, name, level) VALUES (41767, 'lähiajalugu', 'SUBTOPIC');
INSERT INTO Subtopic(id, topic) VALUES (41767, 30172);
INSERT INTO Taxon(id, name, level) VALUES (41768, 'muinasaeg', 'SUBTOPIC');
INSERT INTO Subtopic(id, topic) VALUES (41768, 30172);
INSERT INTO Taxon(id, name, level) VALUES (41769, 'uusaeg', 'SUBTOPIC');
INSERT INTO Subtopic(id, topic) VALUES (41769, 30172);
INSERT INTO Taxon(id, name, level) VALUES (41770, 'vanaaeg', 'SUBTOPIC');
INSERT INTO Subtopic(id, topic) VALUES (41770, 30172);
INSERT INTO Taxon(id, name, level) VALUES (41771, 'ajaloosündmused_ja_silmapaistvad_isikud', 'SUBTOPIC');
INSERT INTO Subtopic(id, topic) VALUES (41771, 30173);
INSERT INTO Taxon(id, name, level) VALUES (41772, 'elu_linnas_ja_maal,_rahu_ja_sõja_ajal', 'SUBTOPIC');
INSERT INTO Subtopic(id, topic) VALUES (41772, 30173);
INSERT INTO Taxon(id, name, level) VALUES (41773, '18._sajandi_valgustatud_absolutism_Preisimaal,_Friedrich_II', 'SUBTOPIC');
INSERT INTO Subtopic(id, topic) VALUES (41773, 30174);
INSERT INTO Taxon(id, name, level) VALUES (41774, 'absolutismi_kujunemine,_Louis_XIV', 'SUBTOPIC');
INSERT INTO Subtopic(id, topic) VALUES (41774, 30174);
INSERT INTO Taxon(id, name, level) VALUES (41775, 'asustus_ja_eluolu_paikkonnas_17._ja_18._sajandil', 'SUBTOPIC');
INSERT INTO Subtopic(id, topic) VALUES (41775, 30174);
INSERT INTO Taxon(id, name, level) VALUES (41776, 'Balti_erikord', 'SUBTOPIC');
INSERT INTO Subtopic(id, topic) VALUES (41776, 30174);
INSERT INTO Taxon(id, name, level) VALUES (41777, 'Eesti_Rootsi_ja_Vene_riigi_koosseisus', 'SUBTOPIC');
INSERT INTO Subtopic(id, topic) VALUES (41777, 30174);
INSERT INTO Taxon(id, name, level) VALUES (41778, 'Eesti_talurahvas_17._ja_18._sajandil', 'SUBTOPIC');
INSERT INTO Subtopic(id, topic) VALUES (41778, 30174);
INSERT INTO Taxon(id, name, level) VALUES (41779, 'Inglise_kodusõda_ja_restauratsioon', 'SUBTOPIC');
INSERT INTO Subtopic(id, topic) VALUES (41779, 30174);
INSERT INTO Taxon(id, name, level) VALUES (41780, 'kultuur:_barokk,_klassitsism', 'SUBTOPIC');
INSERT INTO Subtopic(id, topic) VALUES (41780, 30174);
INSERT INTO Taxon(id, name, level) VALUES (41781, 'Napoleoni_reformid', 'SUBTOPIC');
INSERT INTO Subtopic(id, topic) VALUES (41781, 30174);
INSERT INTO Taxon(id, name, level) VALUES (41782, 'Peeter_I', 'SUBTOPIC');
INSERT INTO Subtopic(id, topic) VALUES (41782, 30174);
INSERT INTO Taxon(id, name, level) VALUES (41783, 'Prantsuse_revolutsioon_ja_Napoleoni_ajastu', 'SUBTOPIC');
INSERT INTO Subtopic(id, topic) VALUES (41783, 30174);
INSERT INTO Taxon(id, name, level) VALUES (41784, 'Prantsuse_revolutsiooni_ja_Napoleoni_sõdade_tähtsus', 'SUBTOPIC');
INSERT INTO Subtopic(id, topic) VALUES (41784, 30174);
INSERT INTO Taxon(id, name, level) VALUES (41785, 'Prantsuse_revolutsiooni_põhjused_ja_kulg', 'SUBTOPIC');
INSERT INTO Subtopic(id, topic) VALUES (41785, 30174);
INSERT INTO Taxon(id, name, level) VALUES (41786, 'Põhjasõda', 'SUBTOPIC');
INSERT INTO Subtopic(id, topic) VALUES (41786, 30174);
INSERT INTO Taxon(id, name, level) VALUES (41787, 'USA_Iseseisvussõda,_USA_riiklik_korraldus', 'SUBTOPIC');
INSERT INTO Subtopic(id, topic) VALUES (41787, 30174);
INSERT INTO Taxon(id, name, level) VALUES (41788, 'uusaja_ühiskonna_põhijooned_Euroopas', 'SUBTOPIC');
INSERT INTO Subtopic(id, topic) VALUES (41788, 30174);
INSERT INTO Taxon(id, name, level) VALUES (41789, 'valgustusfilosoofia', 'SUBTOPIC');
INSERT INTO Subtopic(id, topic) VALUES (41789, 30174);
INSERT INTO Taxon(id, name, level) VALUES (41790, 'Viini_kongress,_Vestfaali_rahu', 'SUBTOPIC');
INSERT INTO Subtopic(id, topic) VALUES (41790, 30174);
INSERT INTO Taxon(id, name, level) VALUES (41791, '19._sajandi_poliitilised_õpetused', 'SUBTOPIC');
INSERT INTO Subtopic(id, topic) VALUES (41791, 30175);
INSERT INTO Taxon(id, name, level) VALUES (41792, '1905._aasta_revolutsiooni_tagajärjed', 'SUBTOPIC');
INSERT INTO Subtopic(id, topic) VALUES (41792, 30175);
INSERT INTO Taxon(id, name, level) VALUES (41793, 'Eesti_19._sajandil_ja_20._sajandi_algul', 'SUBTOPIC');
INSERT INTO Subtopic(id, topic) VALUES (41793, 30175);
INSERT INTO Taxon(id, name, level) VALUES (41794, 'Eesti_iseseisvumine:_autonoomiast_Vabadussõjani', 'SUBTOPIC');
INSERT INTO Subtopic(id, topic) VALUES (41794, 30175);
INSERT INTO Taxon(id, name, level) VALUES (41795, 'Esimene_maailmasõda,_uus_jõudude_vahekord', 'SUBTOPIC');
INSERT INTO Subtopic(id, topic) VALUES (41795, 30175);
INSERT INTO Taxon(id, name, level) VALUES (41796, 'Esimese_maailmasõja_mõju_Eestile', 'SUBTOPIC');
INSERT INTO Subtopic(id, topic) VALUES (41796, 30175);
INSERT INTO Taxon(id, name, level) VALUES (41797, 'Esimese_maailmasõja_põhjused,_kulg_ja_tagajärjed', 'SUBTOPIC');
INSERT INTO Subtopic(id, topic) VALUES (41797, 30175);
INSERT INTO Taxon(id, name, level) VALUES (41798, 'industriaalühiskonna_kujunemine', 'SUBTOPIC');
INSERT INTO Subtopic(id, topic) VALUES (41798, 30175);
INSERT INTO Taxon(id, name, level) VALUES (41799, 'industriaalühiskonna_sotsiaalne_pale', 'SUBTOPIC');
INSERT INTO Subtopic(id, topic) VALUES (41799, 30175);
INSERT INTO Taxon(id, name, level) VALUES (41800, 'kultuur_19._sajandil_ja_20._sajandi_algul', 'SUBTOPIC');
INSERT INTO Subtopic(id, topic) VALUES (41800, 30175);
INSERT INTO Taxon(id, name, level) VALUES (41801, 'linnastumine', 'SUBTOPIC');
INSERT INTO Subtopic(id, topic) VALUES (41801, 30175);
INSERT INTO Taxon(id, name, level) VALUES (41802, 'rahvuslik_ärkamine', 'SUBTOPIC');
INSERT INTO Subtopic(id, topic) VALUES (41802, 30175);
INSERT INTO Taxon(id, name, level) VALUES (41803, 'rahvuslus_ja_rahvusriigid', 'SUBTOPIC');
INSERT INTO Subtopic(id, topic) VALUES (41803, 30175);
INSERT INTO Taxon(id, name, level) VALUES (41804, 'rahvusluse_kasv_Euroopas', 'SUBTOPIC');
INSERT INTO Subtopic(id, topic) VALUES (41804, 30175);
INSERT INTO Taxon(id, name, level) VALUES (41805, 'rahvusriigi_loomine_Saksamaa_näitel', 'SUBTOPIC');
INSERT INTO Subtopic(id, topic) VALUES (41805, 30175);
INSERT INTO Taxon(id, name, level) VALUES (41806, 'Saksa_keisririik', 'SUBTOPIC');
INSERT INTO Subtopic(id, topic) VALUES (41806, 30175);
INSERT INTO Taxon(id, name, level) VALUES (41807, 'talurahvaseadused', 'SUBTOPIC');
INSERT INTO Subtopic(id, topic) VALUES (41807, 30175);
INSERT INTO Taxon(id, name, level) VALUES (41808, 'tööstuslik_pööre,_vabrikutootmine', 'SUBTOPIC');
INSERT INTO Subtopic(id, topic) VALUES (41808, 30175);
INSERT INTO Taxon(id, name, level) VALUES (41809, 'Vene_impeeriumi_äärealade_poliitika', 'SUBTOPIC');
INSERT INTO Subtopic(id, topic) VALUES (41809, 30175);
INSERT INTO Taxon(id, name, level) VALUES (41810, 'venestusaeg', 'SUBTOPIC');
INSERT INTO Subtopic(id, topic) VALUES (41810, 30175);
INSERT INTO Taxon(id, name, level) VALUES (41811, 'asutav_kogu', 'SUBTOPIC');
INSERT INTO Subtopic(id, topic) VALUES (41811, 30176);
INSERT INTO Taxon(id, name, level) VALUES (41812, 'autoritarism_Itaalia_näitel', 'SUBTOPIC');
INSERT INTO Subtopic(id, topic) VALUES (41812, 30176);
INSERT INTO Taxon(id, name, level) VALUES (41813, 'demokraatia_Ameerika_ühendriikide_näitel', 'SUBTOPIC');
INSERT INTO Subtopic(id, topic) VALUES (41813, 30176);
INSERT INTO Taxon(id, name, level) VALUES (41814, 'demokraatia_ja_diktatuuri_põhijooned', 'SUBTOPIC');
INSERT INTO Subtopic(id, topic) VALUES (41814, 30176);
INSERT INTO Taxon(id, name, level) VALUES (41815, 'demokraatliku_parlamentarismi_aastad', 'SUBTOPIC');
INSERT INTO Subtopic(id, topic) VALUES (41815, 30176);
INSERT INTO Taxon(id, name, level) VALUES (41816, 'Eesti_Vabariik', 'SUBTOPIC');
INSERT INTO Subtopic(id, topic) VALUES (41816, 30176);
INSERT INTO Taxon(id, name, level) VALUES (41817, 'kultuur_ja_eluolu_kahe_maailmasõja_vahel', 'SUBTOPIC');
INSERT INTO Subtopic(id, topic) VALUES (41817, 30176);
INSERT INTO Taxon(id, name, level) VALUES (41818, 'kultuur_ja_eluolu_paikkonnas_20._sajandi_algul', 'SUBTOPIC');
INSERT INTO Subtopic(id, topic) VALUES (41818, 30176);
INSERT INTO Taxon(id, name, level) VALUES (41819, 'maailmamajandus,_ülemaailmne_majanduskriis', 'SUBTOPIC');
INSERT INTO Subtopic(id, topic) VALUES (41819, 30176);
INSERT INTO Taxon(id, name, level) VALUES (41820, 'maareform_ja_põhiseadus', 'SUBTOPIC');
INSERT INTO Subtopic(id, topic) VALUES (41820, 30176);
INSERT INTO Taxon(id, name, level) VALUES (41821, 'majandus,_kultuur_ja_eluolu,_välispoliitika', 'SUBTOPIC');
INSERT INTO Subtopic(id, topic) VALUES (41821, 30176);
INSERT INTO Taxon(id, name, level) VALUES (41822, 'Pariisi_rahukonverents', 'SUBTOPIC');
INSERT INTO Subtopic(id, topic) VALUES (41822, 30176);
INSERT INTO Taxon(id, name, level) VALUES (41823, 'poliitiline_kaart_pärast_Esimest_maailmasõda', 'SUBTOPIC');
INSERT INTO Subtopic(id, topic) VALUES (41823, 30176);
INSERT INTO Taxon(id, name, level) VALUES (41824, 'Rahvasteliidu_tegevus_ja_mõju,_sõjakolded_Aasias_ja_Euroopas', 'SUBTOPIC');
INSERT INTO Subtopic(id, topic) VALUES (41824, 30176);
INSERT INTO Taxon(id, name, level) VALUES (41825, 'rahvusvaheline_olukord', 'SUBTOPIC');
INSERT INTO Subtopic(id, topic) VALUES (41825, 30176);
INSERT INTO Taxon(id, name, level) VALUES (41826, 'sõjakollete_kujunemine_Aasias_ja_Euroopas', 'SUBTOPIC');
INSERT INTO Subtopic(id, topic) VALUES (41826, 30176);
INSERT INTO Taxon(id, name, level) VALUES (41827, 'totalitarism_NSV_Liidu_ja_Saksamaa_näitel', 'SUBTOPIC');
INSERT INTO Subtopic(id, topic) VALUES (41827, 30176);
INSERT INTO Taxon(id, name, level) VALUES (41828, 'Vabadussõda', 'SUBTOPIC');
INSERT INTO Subtopic(id, topic) VALUES (41828, 30176);
INSERT INTO Taxon(id, name, level) VALUES (41829, 'vaikiv_ajastu', 'SUBTOPIC');
INSERT INTO Subtopic(id, topic) VALUES (41829, 30176);
INSERT INTO Taxon(id, name, level) VALUES (41830, 'Versailles\'_süsteem', 'SUBTOPIC');
INSERT INTO Subtopic(id, topic) VALUES (41830, 30176);
INSERT INTO Taxon(id, name, level) VALUES (41831, 'Araabia_ühiskond,_Muhamed', 'SUBTOPIC');
INSERT INTO Subtopic(id, topic) VALUES (41831, 30177);
INSERT INTO Taxon(id, name, level) VALUES (41832, 'araablased', 'SUBTOPIC');
INSERT INTO Subtopic(id, topic) VALUES (41832, 30177);
INSERT INTO Taxon(id, name, level) VALUES (41833, 'asustus,_tegevusalad_ja_eluolu_kodukohas_muinasaja_lõpul', 'SUBTOPIC');
INSERT INTO Subtopic(id, topic) VALUES (41833, 30177);
INSERT INTO Taxon(id, name, level) VALUES (41834, 'Bütsants,_Justinianus_I,_Vana-Vene_riik', 'SUBTOPIC');
INSERT INTO Subtopic(id, topic) VALUES (41834, 30177);
INSERT INTO Taxon(id, name, level) VALUES (41835, 'Eesti_keskajal,_eluolu_muinasaja_lõpus', 'SUBTOPIC');
INSERT INTO Subtopic(id, topic) VALUES (41835, 30177);
INSERT INTO Taxon(id, name, level) VALUES (41836, 'eluolu_keskajal', 'SUBTOPIC');
INSERT INTO Subtopic(id, topic) VALUES (41836, 30177);
INSERT INTO Taxon(id, name, level) VALUES (41837, 'Frangi_riik,_Karl_Suur', 'SUBTOPIC');
INSERT INTO Subtopic(id, topic) VALUES (41837, 30177);
INSERT INTO Taxon(id, name, level) VALUES (41838, 'hansakaubandus_Põhja-Euroopas,_tsunftikord', 'SUBTOPIC');
INSERT INTO Subtopic(id, topic) VALUES (41838, 30177);
INSERT INTO Taxon(id, name, level) VALUES (41839, 'islam,_araabia_kultuur_ja_selle_mõju_Euroopale', 'SUBTOPIC');
INSERT INTO Subtopic(id, topic) VALUES (41839, 30177);
INSERT INTO Taxon(id, name, level) VALUES (41840, 'keskaja_ühiskond_Saksamaa,_Inglismaa_ja_Prantsusmaa_näitel', 'SUBTOPIC');
INSERT INTO Subtopic(id, topic) VALUES (41840, 30177);
INSERT INTO Taxon(id, name, level) VALUES (41841, 'keskaja_üldiseloomustus_ja_periodiseering', 'SUBTOPIC');
INSERT INTO Subtopic(id, topic) VALUES (41841, 30177);
INSERT INTO Taxon(id, name, level) VALUES (41842, 'linnad_ja_kaubandus,_linnade_teke_ja_eluolu', 'SUBTOPIC');
INSERT INTO Subtopic(id, topic) VALUES (41842, 30177);
INSERT INTO Taxon(id, name, level) VALUES (41843, 'läänikord,_eluolu', 'SUBTOPIC');
INSERT INTO Subtopic(id, topic) VALUES (41843, 30177);
INSERT INTO Taxon(id, name, level) VALUES (41844, 'muinasmaakonnad,_muistne_vabadusvõitlus', 'SUBTOPIC');
INSERT INTO Subtopic(id, topic) VALUES (41844, 30177);
INSERT INTO Taxon(id, name, level) VALUES (41845, 'parlamendi_kujunemine_Inglismaal', 'SUBTOPIC');
INSERT INTO Subtopic(id, topic) VALUES (41845, 30177);
INSERT INTO Taxon(id, name, level) VALUES (41846, 'Prantsusmaa_ühendamine', 'SUBTOPIC');
INSERT INTO Subtopic(id, topic) VALUES (41846, 30177);
INSERT INTO Taxon(id, name, level) VALUES (41847, 'Põhja-Euroopa_ja_Eesti', 'SUBTOPIC');
INSERT INTO Subtopic(id, topic) VALUES (41847, 30177);
INSERT INTO Taxon(id, name, level) VALUES (41848, 'religioon,_teadus_ja_kultuur_keskajal', 'SUBTOPIC');
INSERT INTO Subtopic(id, topic) VALUES (41848, 30177);
INSERT INTO Taxon(id, name, level) VALUES (41849, 'Saksa-Rooma_keisririik', 'SUBTOPIC');
INSERT INTO Subtopic(id, topic) VALUES (41849, 30177);
INSERT INTO Taxon(id, name, level) VALUES (41850, 'Skandinaavia_eluviis_ja_ühiskond,_viikingite_retked', 'SUBTOPIC');
INSERT INTO Subtopic(id, topic) VALUES (41850, 30177);
INSERT INTO Taxon(id, name, level) VALUES (41851, 'valitsemine,_Liivi_Ordu,_linnad', 'SUBTOPIC');
INSERT INTO Subtopic(id, topic) VALUES (41851, 30177);
INSERT INTO Taxon(id, name, level) VALUES (41852, 'Balti_kett', 'SUBTOPIC');
INSERT INTO Subtopic(id, topic) VALUES (41852, 30178);
INSERT INTO Taxon(id, name, level) VALUES (41853, 'Eesti_Nõukogude_okupatsiooni_all', 'SUBTOPIC');
INSERT INTO Subtopic(id, topic) VALUES (41853, 30178);
INSERT INTO Taxon(id, name, level) VALUES (41854, 'Eesti_Vabariigi_iseseisvuse_taastamine', 'SUBTOPIC');
INSERT INTO Subtopic(id, topic) VALUES (41854, 30178);
INSERT INTO Taxon(id, name, level) VALUES (41855, 'Euroopa_Liidu_laienemine', 'SUBTOPIC');
INSERT INTO Subtopic(id, topic) VALUES (41855, 30178);
INSERT INTO Taxon(id, name, level) VALUES (41856, 'kommunistliku_süsteemi_lagunemine', 'SUBTOPIC');
INSERT INTO Subtopic(id, topic) VALUES (41856, 30178);
INSERT INTO Taxon(id, name, level) VALUES (41857, 'kommunistlikud_riigid,_kommunistliku_süsteemi_teke', 'SUBTOPIC');
INSERT INTO Subtopic(id, topic) VALUES (41857, 30178);
INSERT INTO Taxon(id, name, level) VALUES (41858, 'kultuur_ja_eluolu_20._sajandi_teisel_poolel', 'SUBTOPIC');
INSERT INTO Subtopic(id, topic) VALUES (41858, 30178);
INSERT INTO Taxon(id, name, level) VALUES (41859, 'Külm_sõda,_kriisid_ja_sõjad', 'SUBTOPIC');
INSERT INTO Subtopic(id, topic) VALUES (41859, 30178);
INSERT INTO Taxon(id, name, level) VALUES (41860, 'Laulev_revolutsioon', 'SUBTOPIC');
INSERT INTO Subtopic(id, topic) VALUES (41860, 30178);
INSERT INTO Taxon(id, name, level) VALUES (41861, 'läänemaailm_USA_ja_Saksamaa_Liitvabariigi_näitel', 'SUBTOPIC');
INSERT INTO Subtopic(id, topic) VALUES (41861, 30178);
INSERT INTO Taxon(id, name, level) VALUES (41862, 'maailm_alates_1990._aastaist,_üldülevaade', 'SUBTOPIC');
INSERT INTO Subtopic(id, topic) VALUES (41862, 30178);
INSERT INTO Taxon(id, name, level) VALUES (41863, 'NATO_laienemine,_uued_vastasseisud', 'SUBTOPIC');
INSERT INTO Subtopic(id, topic) VALUES (41863, 30178);
INSERT INTO Taxon(id, name, level) VALUES (41864, 'NSV_Liit,_stalinism,_sula,_stagnatsioon', 'SUBTOPIC');
INSERT INTO Subtopic(id, topic) VALUES (41864, 30178);
INSERT INTO Taxon(id, name, level) VALUES (41865, 'poliitilised_liikumised,_kultuur_ja_ajalooline_mälu_kodukohas', 'SUBTOPIC');
INSERT INTO Subtopic(id, topic) VALUES (41865, 30178);
INSERT INTO Taxon(id, name, level) VALUES (41866, 'põhiseadusliku_korra_taastamine', 'SUBTOPIC');
INSERT INTO Subtopic(id, topic) VALUES (41866, 30178);
INSERT INTO Taxon(id, name, level) VALUES (41867, 'Saksamaa_Liitvabariigi_majanduse_areng,_Ida-_ja_Lääne-Saksamaa_suhted', 'SUBTOPIC');
INSERT INTO Subtopic(id, topic) VALUES (41867, 30178);
INSERT INTO Taxon(id, name, level) VALUES (41868, 'teaduse_ja_tehnika_areng,_massikultuur,_muutused_mentaliteedis', 'SUBTOPIC');
INSERT INTO Subtopic(id, topic) VALUES (41868, 30178);
INSERT INTO Taxon(id, name, level) VALUES (41869, 'USA_ühiskond,_sisepoliitika,_ühiskondlikud_liikumised,_välispoliitika', 'SUBTOPIC');
INSERT INTO Subtopic(id, topic) VALUES (41869, 30178);
INSERT INTO Taxon(id, name, level) VALUES (41870, 'Ameerika_avastamine,_Euroopa_mõju_avastatud_maades', 'SUBTOPIC');
INSERT INTO Subtopic(id, topic) VALUES (41870, 30179);
INSERT INTO Taxon(id, name, level) VALUES (41871, 'Eesti_16._sajandil,_reformatsioon,_haldusjaotus_ja_linnad', 'SUBTOPIC');
INSERT INTO Subtopic(id, topic) VALUES (41871, 30179);
INSERT INTO Taxon(id, name, level) VALUES (41872, 'Liivi_sõja_põhjused_ja_tagajärjed', 'SUBTOPIC');
INSERT INTO Subtopic(id, topic) VALUES (41872, 30179);
INSERT INTO Taxon(id, name, level) VALUES (41873, 'Martin_Luther', 'SUBTOPIC');
INSERT INTO Subtopic(id, topic) VALUES (41873, 30179);
INSERT INTO Taxon(id, name, level) VALUES (41874, 'reformatsioon_Saksamaal', 'SUBTOPIC');
INSERT INTO Subtopic(id, topic) VALUES (41874, 30179);
INSERT INTO Taxon(id, name, level) VALUES (41875, 'suured_maadeavastused', 'SUBTOPIC');
INSERT INTO Subtopic(id, topic) VALUES (41875, 30179);
INSERT INTO Taxon(id, name, level) VALUES (41876, 'tehnoloogia_majandus,_humanism,_kunst', 'SUBTOPIC');
INSERT INTO Subtopic(id, topic) VALUES (41876, 30179);
INSERT INTO Taxon(id, name, level) VALUES (41877, 'ühiskond_varauusajal,_tehnoloogia,_uus_maailmapilt', 'SUBTOPIC');
INSERT INTO Subtopic(id, topic) VALUES (41877, 30179);
INSERT INTO Taxon(id, name, level) VALUES (41878, 'Eesti_muinasaja_üldiseloomustus', 'SUBTOPIC');
INSERT INTO Subtopic(id, topic) VALUES (41878, 30180);
INSERT INTO Taxon(id, name, level) VALUES (41879, 'kiviaja_inimese_tegevusalad', 'SUBTOPIC');
INSERT INTO Subtopic(id, topic) VALUES (41879, 30180);
INSERT INTO Taxon(id, name, level) VALUES (41880, 'kodukoha_inimasustus_muinasajal', 'SUBTOPIC');
INSERT INTO Subtopic(id, topic) VALUES (41880, 30180);
INSERT INTO Taxon(id, name, level) VALUES (41881, 'Kunda', 'SUBTOPIC');
INSERT INTO Subtopic(id, topic) VALUES (41881, 30180);
INSERT INTO Taxon(id, name, level) VALUES (41882, 'käsitöö_areng', 'SUBTOPIC');
INSERT INTO Subtopic(id, topic) VALUES (41882, 30180);
INSERT INTO Taxon(id, name, level) VALUES (41883, 'metallide_kasutusele_võtmine', 'SUBTOPIC');
INSERT INTO Subtopic(id, topic) VALUES (41883, 30180);
INSERT INTO Taxon(id, name, level) VALUES (41884, 'muinas-_ja_vanaaja_periodiseerimine', 'SUBTOPIC');
INSERT INTO Subtopic(id, topic) VALUES (41884, 30180);
INSERT INTO Taxon(id, name, level) VALUES (41885, 'muinasaegsed_mälestised,_arheoloogilised_leiud', 'SUBTOPIC');
INSERT INTO Subtopic(id, topic) VALUES (41885, 30180);
INSERT INTO Taxon(id, name, level) VALUES (41886, 'muinasaja_arengujärgud', 'SUBTOPIC');
INSERT INTO Subtopic(id, topic) VALUES (41886, 30180);
INSERT INTO Taxon(id, name, level) VALUES (41887, 'Pulli', 'SUBTOPIC');
INSERT INTO Subtopic(id, topic) VALUES (41887, 30180);
INSERT INTO Taxon(id, name, level) VALUES (41888, 'põlluharimise_algus,_loomade_kodustamine', 'SUBTOPIC');
INSERT INTO Subtopic(id, topic) VALUES (41888, 30180);
INSERT INTO Taxon(id, name, level) VALUES (41889, 'baaside_ajastu', 'SUBTOPIC');
INSERT INTO Subtopic(id, topic) VALUES (41889, 30181);
INSERT INTO Taxon(id, name, level) VALUES (41890, 'Eesti_Teise_maailmasõja_ajal', 'SUBTOPIC');
INSERT INTO Subtopic(id, topic) VALUES (41890, 30181);
INSERT INTO Taxon(id, name, level) VALUES (41891, 'holokaust', 'SUBTOPIC');
INSERT INTO Subtopic(id, topic) VALUES (41891, 30181);
INSERT INTO Taxon(id, name, level) VALUES (41892, 'iseseisvuse_kaotamine', 'SUBTOPIC');
INSERT INTO Subtopic(id, topic) VALUES (41892, 30181);
INSERT INTO Taxon(id, name, level) VALUES (41893, 'juuniküüditamine', 'SUBTOPIC');
INSERT INTO Subtopic(id, topic) VALUES (41893, 30181);
INSERT INTO Taxon(id, name, level) VALUES (41894, 'lääneriikide_järeleandmised_Saksamaale', 'SUBTOPIC');
INSERT INTO Subtopic(id, topic) VALUES (41894, 30181);
INSERT INTO Taxon(id, name, level) VALUES (41895, 'Molotovi-Ribbentropi_pakt', 'SUBTOPIC');
INSERT INTO Subtopic(id, topic) VALUES (41895, 30181);
INSERT INTO Taxon(id, name, level) VALUES (41896, 'München', 'SUBTOPIC');
INSERT INTO Subtopic(id, topic) VALUES (41896, 30181);
INSERT INTO Taxon(id, name, level) VALUES (41897, 'Nõukogude_ja_Saksa_okupatsioon', 'SUBTOPIC');
INSERT INTO Subtopic(id, topic) VALUES (41897, 30181);
INSERT INTO Taxon(id, name, level) VALUES (41898, 'rahvusvaheline_olukord', 'SUBTOPIC');
INSERT INTO Subtopic(id, topic) VALUES (41898, 30181);
INSERT INTO Taxon(id, name, level) VALUES (41899, 'sõjategevus_Eesti_territooriumil', 'SUBTOPIC');
INSERT INTO Subtopic(id, topic) VALUES (41899, 30181);
INSERT INTO Taxon(id, name, level) VALUES (41900, 'sõjategevus,_rinded', 'SUBTOPIC');
INSERT INTO Subtopic(id, topic) VALUES (41900, 30181);
INSERT INTO Taxon(id, name, level) VALUES (41901, 'sõjategevuse_üldiseloomustus,_sõdivad_pooled', 'SUBTOPIC');
INSERT INTO Subtopic(id, topic) VALUES (41901, 30181);
INSERT INTO Taxon(id, name, level) VALUES (41902, 'Teise_maailmasõja_mõjud_paikkonnas', 'SUBTOPIC');
INSERT INTO Subtopic(id, topic) VALUES (41902, 30181);
INSERT INTO Taxon(id, name, level) VALUES (41903, 'üRO_asutamine', 'SUBTOPIC');
INSERT INTO Subtopic(id, topic) VALUES (41903, 30181);
INSERT INTO Taxon(id, name, level) VALUES (41904, 'Aleksander_Suure_sõjaretk,_maailmariigi_tekkimine', 'SUBTOPIC');
INSERT INTO Subtopic(id, topic) VALUES (41904, 30182);
INSERT INTO Taxon(id, name, level) VALUES (41905, 'Homerose_kangelaseepika,_ajalookirjutus,_teater,_kunst', 'SUBTOPIC');
INSERT INTO Subtopic(id, topic) VALUES (41905, 30182);
INSERT INTO Taxon(id, name, level) VALUES (41906, 'Kreeka_linnriigid', 'SUBTOPIC');
INSERT INTO Subtopic(id, topic) VALUES (41906, 30182);
INSERT INTO Taxon(id, name, level) VALUES (41907, 'Kreeka_loodus_ja_rahvastik,_Kreeta_ja_Mükeene_kultuur', 'SUBTOPIC');
INSERT INTO Subtopic(id, topic) VALUES (41907, 30182);
INSERT INTO Taxon(id, name, level) VALUES (41908, 'linnriikide_nõrgenemine_ja_alistamine_Makedooniale', 'SUBTOPIC');
INSERT INTO Subtopic(id, topic) VALUES (41908, 30182);
INSERT INTO Taxon(id, name, level) VALUES (41909, 'olümpiamängud', 'SUBTOPIC');
INSERT INTO Subtopic(id, topic) VALUES (41909, 30182);
INSERT INTO Taxon(id, name, level) VALUES (41910, 'Vana-Kreeka_kultuur_ja_religioon,_eluolu_ja_mütoloogia', 'SUBTOPIC');
INSERT INTO Subtopic(id, topic) VALUES (41910, 30182);
INSERT INTO Taxon(id, name, level) VALUES (41911, 'Vana-Kreeka_kultuuri_tähtsus', 'SUBTOPIC');
INSERT INTO Subtopic(id, topic) VALUES (41911, 30182);
INSERT INTO Taxon(id, name, level) VALUES (41912, 'vanim_kõrgkultuur_Euroopas', 'SUBTOPIC');
INSERT INTO Subtopic(id, topic) VALUES (41912, 30182);
INSERT INTO Taxon(id, name, level) VALUES (41913, 'ühiskonnakorraldus_ja_kasvatus_Ateenas_ning_Spartas', 'SUBTOPIC');
INSERT INTO Subtopic(id, topic) VALUES (41913, 30182);
INSERT INTO Taxon(id, name, level) VALUES (41914, 'Augustus,_Rooma_impeerium_ja_selle_lõhenemine', 'SUBTOPIC');
INSERT INTO Subtopic(id, topic) VALUES (41914, 30183);
INSERT INTO Taxon(id, name, level) VALUES (41915, 'Hannibal,_Caesar,_vabariigi_lõpp', 'SUBTOPIC');
INSERT INTO Subtopic(id, topic) VALUES (41915, 30183);
INSERT INTO Taxon(id, name, level) VALUES (41916, 'ristiusu_teke,_Uus_Testament', 'SUBTOPIC');
INSERT INTO Subtopic(id, topic) VALUES (41916, 30183);
INSERT INTO Taxon(id, name, level) VALUES (41917, 'Rooma_keisririigi_ühiskondlik_korraldus', 'SUBTOPIC');
INSERT INTO Subtopic(id, topic) VALUES (41917, 30183);
INSERT INTO Taxon(id, name, level) VALUES (41918, 'Rooma_riigi_tekkimine,_looduslikud_olud,_kuningad', 'SUBTOPIC');
INSERT INTO Subtopic(id, topic) VALUES (41918, 30183);
INSERT INTO Taxon(id, name, level) VALUES (41919, 'Rooma_Vabariigi_algus_ja_ühiskondlik_korraldus', 'SUBTOPIC');
INSERT INTO Subtopic(id, topic) VALUES (41919, 30183);
INSERT INTO Taxon(id, name, level) VALUES (41920, 'Rooma_võimu_laienemine_Vahemere_maades', 'SUBTOPIC');
INSERT INTO Subtopic(id, topic) VALUES (41920, 30183);
INSERT INTO Taxon(id, name, level) VALUES (41921, 'Vana-Rooma_kultuur,_kunst,_rahvas_ja_eluolu', 'SUBTOPIC');
INSERT INTO Subtopic(id, topic) VALUES (41921, 30183);
INSERT INTO Taxon(id, name, level) VALUES (41922, 'vanaaja_sisu_ja_üldiseloomustus', 'SUBTOPIC');
INSERT INTO Subtopic(id, topic) VALUES (41922, 30184);
INSERT INTO Taxon(id, name, level) VALUES (41923, 'Vana-Egiptuse_riigikorraldus,_eluolu,_kultuur', 'SUBTOPIC');
INSERT INTO Subtopic(id, topic) VALUES (41923, 30184);
INSERT INTO Taxon(id, name, level) VALUES (41924, 'vaaraod_Thutmosis_III,_Ramses_II,_Tutanhamon', 'SUBTOPIC');
INSERT INTO Subtopic(id, topic) VALUES (41924, 30184);
INSERT INTO Taxon(id, name, level) VALUES (41925, 'Mesopotaamia,_sumerite_linnriigid,_kultuur_ja_leiutised', 'SUBTOPIC');
INSERT INTO Subtopic(id, topic) VALUES (41925, 30184);
INSERT INTO Taxon(id, name, level) VALUES (41926, 'Iisraeli_ja_Juuda_riik,_ainujumala_usk', 'SUBTOPIC');
INSERT INTO Subtopic(id, topic) VALUES (41926, 30184);
INSERT INTO Taxon(id, name, level) VALUES (41927, 'Vana_Testament,_kümme_käsku', 'SUBTOPIC');
INSERT INTO Subtopic(id, topic) VALUES (41927, 30184);
INSERT INTO Taxon(id, name, level) VALUES (41928, 'demokraatia_põhimõtted', 'SUBTOPIC');
INSERT INTO Subtopic(id, topic) VALUES (41928, 30185);
INSERT INTO Taxon(id, name, level) VALUES (41929, 'demokraatlik_valitsemine', 'SUBTOPIC');
INSERT INTO Subtopic(id, topic) VALUES (41929, 30185);
INSERT INTO Taxon(id, name, level) VALUES (41930, 'demokraatliku_ja_mittedemokraatliku_ühiskonna_erinevused', 'SUBTOPIC');
INSERT INTO Subtopic(id, topic) VALUES (41930, 30185);
INSERT INTO Taxon(id, name, level) VALUES (41931, 'kodanikuvabadused_ja_-õigused', 'SUBTOPIC');
INSERT INTO Subtopic(id, topic) VALUES (41931, 30185);
INSERT INTO Taxon(id, name, level) VALUES (41932, 'kohalik_omavalitsus', 'SUBTOPIC');
INSERT INTO Subtopic(id, topic) VALUES (41932, 30185);
INSERT INTO Taxon(id, name, level) VALUES (41933, 'peamised_inimõigused', 'SUBTOPIC');
INSERT INTO Subtopic(id, topic) VALUES (41933, 30185);
INSERT INTO Taxon(id, name, level) VALUES (41934, 'rahva_osalemine_valitsemises,_sõnavabadus,_valimisõigus', 'SUBTOPIC');
INSERT INTO Subtopic(id, topic) VALUES (41934, 30185);
INSERT INTO Taxon(id, name, level) VALUES (41935, 'riigikogu,_valitsus,_president,_kohus', 'SUBTOPIC');
INSERT INTO Subtopic(id, topic) VALUES (41935, 30185);
INSERT INTO Taxon(id, name, level) VALUES (41936, 'seaduse_ülimuslikkus,_seadus_kui_regulatsioon', 'SUBTOPIC');
INSERT INTO Subtopic(id, topic) VALUES (41936, 30185);
INSERT INTO Taxon(id, name, level) VALUES (41937, 'võimude_lahusus', 'SUBTOPIC');
INSERT INTO Subtopic(id, topic) VALUES (41937, 30185);
INSERT INTO Taxon(id, name, level) VALUES (41938, 'õigusriik', 'SUBTOPIC');
INSERT INTO Subtopic(id, topic) VALUES (41938, 30185);
INSERT INTO Taxon(id, name, level) VALUES (41939, 'alaealiste_õiguslik_vastutus', 'SUBTOPIC');
INSERT INTO Subtopic(id, topic) VALUES (41939, 30186);
INSERT INTO Taxon(id, name, level) VALUES (41940, 'Eesti_Euroopa_Liidu_liikmena', 'SUBTOPIC');
INSERT INTO Subtopic(id, topic) VALUES (41940, 30186);
INSERT INTO Taxon(id, name, level) VALUES (41941, 'Eesti_kodakondsuse_saamise_tingimused', 'SUBTOPIC');
INSERT INTO Subtopic(id, topic) VALUES (41941, 30186);
INSERT INTO Taxon(id, name, level) VALUES (41942, 'Eesti_kohtusüsteem', 'SUBTOPIC');
INSERT INTO Subtopic(id, topic) VALUES (41942, 30186);
INSERT INTO Taxon(id, name, level) VALUES (41943, 'Eesti_parlamendierakonnad', 'SUBTOPIC');
INSERT INTO Subtopic(id, topic) VALUES (41943, 30186);
INSERT INTO Taxon(id, name, level) VALUES (41944, 'Eesti_rahvusvahelistes_organisatsioonides', 'SUBTOPIC');
INSERT INTO Subtopic(id, topic) VALUES (41944, 30186);
INSERT INTO Taxon(id, name, level) VALUES (41945, 'erakonna_ülesanded_demokraatlikus_riigis', 'SUBTOPIC');
INSERT INTO Subtopic(id, topic) VALUES (41945, 30186);
INSERT INTO Taxon(id, name, level) VALUES (41946, 'erakonnad', 'SUBTOPIC');
INSERT INTO Subtopic(id, topic) VALUES (41946, 30186);
INSERT INTO Taxon(id, name, level) VALUES (41947, 'kandidaadid_ja_hääletajad,_nende_rollid', 'SUBTOPIC');
INSERT INTO Subtopic(id, topic) VALUES (41947, 30186);
INSERT INTO Taxon(id, name, level) VALUES (41948, 'kodakondsus', 'SUBTOPIC');
INSERT INTO Subtopic(id, topic) VALUES (41948, 30186);
INSERT INTO Taxon(id, name, level) VALUES (41949, 'kodanikuõigused_ja_-kohustused', 'SUBTOPIC');
INSERT INTO Subtopic(id, topic) VALUES (41949, 30186);
INSERT INTO Taxon(id, name, level) VALUES (41950, 'kohalik_omavalitsus', 'SUBTOPIC');
INSERT INTO Subtopic(id, topic) VALUES (41950, 30186);
INSERT INTO Taxon(id, name, level) VALUES (41951, 'kohus', 'SUBTOPIC');
INSERT INTO Subtopic(id, topic) VALUES (41951, 30186);
INSERT INTO Taxon(id, name, level) VALUES (41952, 'mittekodanike_õigused_ja_kohustused_Eestis', 'SUBTOPIC');
INSERT INTO Subtopic(id, topic) VALUES (41952, 30186);
INSERT INTO Taxon(id, name, level) VALUES (41953, 'põhiseadus', 'SUBTOPIC');
INSERT INTO Subtopic(id, topic) VALUES (41953, 30186);
INSERT INTO Taxon(id, name, level) VALUES (41954, 'põhiseaduslikud_institutsioonid', 'SUBTOPIC');
INSERT INTO Subtopic(id, topic) VALUES (41954, 30186);
INSERT INTO Taxon(id, name, level) VALUES (41955, 'riigikogu_ja_valitsuse_koosseis_ja_ülesanded', 'SUBTOPIC');
INSERT INTO Subtopic(id, topic) VALUES (41955, 30186);
INSERT INTO Taxon(id, name, level) VALUES (41956, 'teadlik_hääletamine', 'SUBTOPIC');
INSERT INTO Subtopic(id, topic) VALUES (41956, 30186);
INSERT INTO Taxon(id, name, level) VALUES (41957, 'Vabariigi_President', 'SUBTOPIC');
INSERT INTO Subtopic(id, topic) VALUES (41957, 30186);
INSERT INTO Taxon(id, name, level) VALUES (41958, 'valimised', 'SUBTOPIC');
INSERT INTO Subtopic(id, topic) VALUES (41958, 30186);
INSERT INTO Taxon(id, name, level) VALUES (41959, 'valimiskampaania', 'SUBTOPIC');
INSERT INTO Subtopic(id, topic) VALUES (41959, 30186);
INSERT INTO Taxon(id, name, level) VALUES (41960, 'valimiste_üldine_protseduur', 'SUBTOPIC');
INSERT INTO Subtopic(id, topic) VALUES (41960, 30186);
INSERT INTO Taxon(id, name, level) VALUES (41961, 'õigusaktide_kasutamine', 'SUBTOPIC');
INSERT INTO Subtopic(id, topic) VALUES (41961, 30186);
INSERT INTO Taxon(id, name, level) VALUES (41962, 'õiguskantsler,_riigikontroll', 'SUBTOPIC');
INSERT INTO Subtopic(id, topic) VALUES (41962, 30186);
INSERT INTO Taxon(id, name, level) VALUES (41963, 'õigussüsteem', 'SUBTOPIC');
INSERT INTO Subtopic(id, topic) VALUES (41963, 30186);
INSERT INTO Taxon(id, name, level) VALUES (41964, 'Eestis_ja_kodukohas_elavad_rahvarühmad', 'SUBTOPIC');
INSERT INTO Subtopic(id, topic) VALUES (41964, 30187);
INSERT INTO Taxon(id, name, level) VALUES (41965, 'Euroopa_riigid_ja_rahvad', 'SUBTOPIC');
INSERT INTO Subtopic(id, topic) VALUES (41965, 30187);
INSERT INTO Taxon(id, name, level) VALUES (41966, 'Euroopa_riigid,_Eesti_naaberriigid', 'SUBTOPIC');
INSERT INTO Subtopic(id, topic) VALUES (41966, 30187);
INSERT INTO Taxon(id, name, level) VALUES (41967, 'koolipere', 'SUBTOPIC');
INSERT INTO Subtopic(id, topic) VALUES (41967, 30187);
INSERT INTO Taxon(id, name, level) VALUES (41968, 'naabruskond_maal_ja_linnas', 'SUBTOPIC');
INSERT INTO Subtopic(id, topic) VALUES (41968, 30187);
INSERT INTO Taxon(id, name, level) VALUES (41969, 'pere_ja_suguvõsa', 'SUBTOPIC');
INSERT INTO Subtopic(id, topic) VALUES (41969, 30187);
INSERT INTO Taxon(id, name, level) VALUES (41970, 'sallivus', 'SUBTOPIC');
INSERT INTO Subtopic(id, topic) VALUES (41970, 30187);
INSERT INTO Taxon(id, name, level) VALUES (41971, 'sooline_võrdõiguslikkus', 'SUBTOPIC');
INSERT INTO Subtopic(id, topic) VALUES (41971, 30187);
INSERT INTO Taxon(id, name, level) VALUES (41972, 'sõpruskond', 'SUBTOPIC');
INSERT INTO Subtopic(id, topic) VALUES (41972, 30187);
INSERT INTO Taxon(id, name, level) VALUES (41973, 'kirik_ja_usuühendused', 'SUBTOPIC');
INSERT INTO Subtopic(id, topic) VALUES (41973, 30188);
INSERT INTO Taxon(id, name, level) VALUES (41974, 'kodanikuajakirjandus', 'SUBTOPIC');
INSERT INTO Subtopic(id, topic) VALUES (41974, 30188);
INSERT INTO Taxon(id, name, level) VALUES (41975, 'kodanikuosalus_ja_kodanikualgatus', 'SUBTOPIC');
INSERT INTO Subtopic(id, topic) VALUES (41975, 30188);
INSERT INTO Taxon(id, name, level) VALUES (41976, 'kodanikuühiskonna_olemus_ja_põhijooned', 'SUBTOPIC');
INSERT INTO Subtopic(id, topic) VALUES (41976, 30188);
INSERT INTO Taxon(id, name, level) VALUES (41977, 'käitumine_kriisioludes', 'SUBTOPIC');
INSERT INTO Subtopic(id, topic) VALUES (41977, 30188);
INSERT INTO Taxon(id, name, level) VALUES (41978, 'noorte_osalusvõimalused', 'SUBTOPIC');
INSERT INTO Subtopic(id, topic) VALUES (41978, 30188);
INSERT INTO Taxon(id, name, level) VALUES (41979, 'noorteprojektid', 'SUBTOPIC');
INSERT INTO Subtopic(id, topic) VALUES (41979, 30188);
INSERT INTO Taxon(id, name, level) VALUES (41980, 'vabatahtlik_tegevus', 'SUBTOPIC');
INSERT INTO Subtopic(id, topic) VALUES (41980, 30188);
INSERT INTO Taxon(id, name, level) VALUES (41981, 'vabaühendused_ja_mittetulundusühingud', 'SUBTOPIC');
INSERT INTO Subtopic(id, topic) VALUES (41981, 30188);
INSERT INTO Taxon(id, name, level) VALUES (41982, 'õpilasomavalitsus_ja_õpilasorganisatsioonid', 'SUBTOPIC');
INSERT INTO Subtopic(id, topic) VALUES (41982, 30188);
INSERT INTO Taxon(id, name, level) VALUES (41983, 'kooli_sisekord', 'SUBTOPIC');
INSERT INTO Subtopic(id, topic) VALUES (41983, 30189);
INSERT INTO Taxon(id, name, level) VALUES (41984, 'lapse_õigused', 'SUBTOPIC');
INSERT INTO Subtopic(id, topic) VALUES (41984, 30189);
INSERT INTO Taxon(id, name, level) VALUES (41985, 'õiguste,_kohustuste_ja_vastutuse_tasakaal', 'SUBTOPIC');
INSERT INTO Subtopic(id, topic) VALUES (41985, 30189);
INSERT INTO Taxon(id, name, level) VALUES (41986, 'õpilasomavalitsus', 'SUBTOPIC');
INSERT INTO Subtopic(id, topic) VALUES (41986, 30189);
INSERT INTO Taxon(id, name, level) VALUES (41987, 'aus_maksumaksmine', 'SUBTOPIC');
INSERT INTO Subtopic(id, topic) VALUES (41987, 30190);
INSERT INTO Taxon(id, name, level) VALUES (41988, 'eesmärkide_seadmine_ja_ressursside_hindamine', 'SUBTOPIC');
INSERT INTO Subtopic(id, topic) VALUES (41988, 30190);
INSERT INTO Taxon(id, name, level) VALUES (41989, 'elukestva_õppe_tähtsus_pikaajalises_toimetulekus', 'SUBTOPIC');
INSERT INTO Subtopic(id, topic) VALUES (41989, 30190);
INSERT INTO Taxon(id, name, level) VALUES (41990, 'erineva_soo,_haridustaseme_ja_ettevalmistusega_inimesed_tööturul', 'SUBTOPIC');
INSERT INTO Subtopic(id, topic) VALUES (41990, 30190);
INSERT INTO Taxon(id, name, level) VALUES (41991, 'ettevõtluse_roll_ühiskonnas', 'SUBTOPIC');
INSERT INTO Subtopic(id, topic) VALUES (41991, 30190);
INSERT INTO Taxon(id, name, level) VALUES (41992, 'ettevõtluse_vormid', 'SUBTOPIC');
INSERT INTO Subtopic(id, topic) VALUES (41992, 30190);
INSERT INTO Taxon(id, name, level) VALUES (41993, 'hõivepoliitika,_tööturu_meetmed', 'SUBTOPIC');
INSERT INTO Subtopic(id, topic) VALUES (41993, 30190);
INSERT INTO Taxon(id, name, level) VALUES (41994, 'isiklik_eelarve', 'SUBTOPIC');
INSERT INTO Subtopic(id, topic) VALUES (41994, 30190);
INSERT INTO Taxon(id, name, level) VALUES (41995, 'isiklik_ettevõtlus', 'SUBTOPIC');
INSERT INTO Subtopic(id, topic) VALUES (41995, 30190);
INSERT INTO Taxon(id, name, level) VALUES (41996, 'isiklik_majanduslik_toimetulek', 'SUBTOPIC');
INSERT INTO Subtopic(id, topic) VALUES (41996, 30190);
INSERT INTO Taxon(id, name, level) VALUES (41997, 'konkurents', 'SUBTOPIC');
INSERT INTO Subtopic(id, topic) VALUES (41997, 30190);
INSERT INTO Taxon(id, name, level) VALUES (41998, 'laenamine', 'SUBTOPIC');
INSERT INTO Subtopic(id, topic) VALUES (41998, 30190);
INSERT INTO Taxon(id, name, level) VALUES (41999, 'maksud,_maksustamise_põhimõtted', 'SUBTOPIC');
INSERT INTO Subtopic(id, topic) VALUES (41999, 30190);
INSERT INTO Taxon(id, name, level) VALUES (42000, 'nõudmine_ja_pakkumine', 'SUBTOPIC');
INSERT INTO Subtopic(id, topic) VALUES (42000, 30190);
INSERT INTO Taxon(id, name, level) VALUES (42001, 'palk_ja_palgaläbirääkimised', 'SUBTOPIC');
INSERT INTO Subtopic(id, topic) VALUES (42001, 30190);
INSERT INTO Taxon(id, name, level) VALUES (42002, 'ressursside_jagunemine_maailmas', 'SUBTOPIC');
INSERT INTO Subtopic(id, topic) VALUES (42002, 30190);
INSERT INTO Taxon(id, name, level) VALUES (42003, 'riigi_roll_majanduses:_plaanimine_ja_regulatsioon', 'SUBTOPIC');
INSERT INTO Subtopic(id, topic) VALUES (42003, 30190);
INSERT INTO Taxon(id, name, level) VALUES (42004, 'riigieelarve', 'SUBTOPIC');
INSERT INTO Subtopic(id, topic) VALUES (42004, 30190);
INSERT INTO Taxon(id, name, level) VALUES (42005, 'sotsiaaltoetused_ja_sotsiaalkindlustus', 'SUBTOPIC');
INSERT INTO Subtopic(id, topic) VALUES (42005, 30190);
INSERT INTO Taxon(id, name, level) VALUES (42006, 'säästmine_ning_investeerimine', 'SUBTOPIC');
INSERT INTO Subtopic(id, topic) VALUES (42006, 30190);
INSERT INTO Taxon(id, name, level) VALUES (42007, 'tarbijakaitse_kaupade_ja_teenuste_turul', 'SUBTOPIC');
INSERT INTO Subtopic(id, topic) VALUES (42007, 30190);
INSERT INTO Taxon(id, name, level) VALUES (42008, 'tarbijakäitumine,_säästlik_ja_õiglane_tarbimine', 'SUBTOPIC');
INSERT INTO Subtopic(id, topic) VALUES (42008, 30190);
INSERT INTO Taxon(id, name, level) VALUES (42009, 'tootemärgistused', 'SUBTOPIC');
INSERT INTO Subtopic(id, topic) VALUES (42009, 30190);
INSERT INTO Taxon(id, name, level) VALUES (42010, 'tootlikkus_ja_kasum', 'SUBTOPIC');
INSERT INTO Subtopic(id, topic) VALUES (42010, 30190);
INSERT INTO Taxon(id, name, level) VALUES (42011, 'tulude_ümberjagamine', 'SUBTOPIC');
INSERT INTO Subtopic(id, topic) VALUES (42011, 30190);
INSERT INTO Taxon(id, name, level) VALUES (42012, 'turumajanduse_põhijooned', 'SUBTOPIC');
INSERT INTO Subtopic(id, topic) VALUES (42012, 30190);
INSERT INTO Taxon(id, name, level) VALUES (42013, 'tööandja_ja_töövõtja_rollid_töösuhetes', 'SUBTOPIC');
INSERT INTO Subtopic(id, topic) VALUES (42013, 30190);
INSERT INTO Taxon(id, name, level) VALUES (42014, 'tööturg', 'SUBTOPIC');
INSERT INTO Subtopic(id, topic) VALUES (42014, 30190);
INSERT INTO Taxon(id, name, level) VALUES (42015, 'tööõigus', 'SUBTOPIC');
INSERT INTO Subtopic(id, topic) VALUES (42015, 30190);
INSERT INTO Taxon(id, name, level) VALUES (42016, 'ühishüved_ja_sotsiaalne_turvalisus', 'SUBTOPIC');
INSERT INTO Subtopic(id, topic) VALUES (42016, 30190);
INSERT INTO Taxon(id, name, level) VALUES (42017, 'ajakirjanduse_roll_ühiskonnas', 'SUBTOPIC');
INSERT INTO Subtopic(id, topic) VALUES (42017, 30191);
INSERT INTO Taxon(id, name, level) VALUES (42018, 'autoriõigused_ja_-vastutus,_teoste_kasutamine', 'SUBTOPIC');
INSERT INTO Subtopic(id, topic) VALUES (42018, 30191);
INSERT INTO Taxon(id, name, level) VALUES (42019, 'kommunikatsioonieetika,_avaliku_ja_eraelu_piir', 'SUBTOPIC');
INSERT INTO Subtopic(id, topic) VALUES (42019, 30191);
INSERT INTO Taxon(id, name, level) VALUES (42020, 'plagiaat', 'SUBTOPIC');
INSERT INTO Subtopic(id, topic) VALUES (42020, 30191);
INSERT INTO Taxon(id, name, level) VALUES (42021, 'raamatukogu,_internet', 'SUBTOPIC');
INSERT INTO Subtopic(id, topic) VALUES (42021, 30191);
INSERT INTO Taxon(id, name, level) VALUES (42022, 'turunduskommunikatsiooni_funktsioon_ja_liigid', 'SUBTOPIC');
INSERT INTO Subtopic(id, topic) VALUES (42022, 30191);
INSERT INTO Taxon(id, name, level) VALUES (42023, 'aja_ja_kulutuste_planeerimine_ning_raha_kasutamine,_laenamine_ja_säästmine', 'SUBTOPIC');
INSERT INTO Subtopic(id, topic) VALUES (42023, 30192);
INSERT INTO Taxon(id, name, level) VALUES (42024, 'elukestev_õpe', 'SUBTOPIC');
INSERT INTO Subtopic(id, topic) VALUES (42024, 30192);
INSERT INTO Taxon(id, name, level) VALUES (42025, 'elukutsed:_teadmised_ja_oskused', 'SUBTOPIC');
INSERT INTO Subtopic(id, topic) VALUES (42025, 30192);
INSERT INTO Taxon(id, name, level) VALUES (42026, 'elukutsed_ja_ettevõtted_kodukohas', 'SUBTOPIC');
INSERT INTO Subtopic(id, topic) VALUES (42026, 30192);
INSERT INTO Taxon(id, name, level) VALUES (42027, 'teadlik,_säästev_tarbimine', 'SUBTOPIC');
INSERT INTO Subtopic(id, topic) VALUES (42027, 30192);
INSERT INTO Taxon(id, name, level) VALUES (42028, 'töökultuur_ja_tööeetika', 'SUBTOPIC');
INSERT INTO Subtopic(id, topic) VALUES (42028, 30192);
INSERT INTO Taxon(id, name, level) VALUES (42029, 'eakohased_kodanikualgatuse_võimalused', 'SUBTOPIC');
INSERT INTO Subtopic(id, topic) VALUES (42029, 30193);
INSERT INTO Taxon(id, name, level) VALUES (42030, 'kodukoha_seltsid,_klubid_ja_ühendused', 'SUBTOPIC');
INSERT INTO Subtopic(id, topic) VALUES (42030, 30193);
INSERT INTO Taxon(id, name, level) VALUES (42031, 'koostöö_ja_ühistegevus,_kommunikatsioon', 'SUBTOPIC');
INSERT INTO Subtopic(id, topic) VALUES (42031, 30193);
INSERT INTO Taxon(id, name, level) VALUES (42032, 'noorteorganisatsioonid', 'SUBTOPIC');
INSERT INTO Subtopic(id, topic) VALUES (42032, 30193);
INSERT INTO Taxon(id, name, level) VALUES (42033, 'avalik_sektor_ja_selle_institutsioonid', 'SUBTOPIC');
INSERT INTO Subtopic(id, topic) VALUES (42033, 30194);
INSERT INTO Taxon(id, name, level) VALUES (42034, 'erasektor_kui_kasumile_suunatud_sektor', 'SUBTOPIC');
INSERT INTO Subtopic(id, topic) VALUES (42034, 30194);
INSERT INTO Taxon(id, name, level) VALUES (42035, 'kolmas_sektor_kui_mittetulundussektor', 'SUBTOPIC');
INSERT INTO Subtopic(id, topic) VALUES (42035, 30194);
INSERT INTO Taxon(id, name, level) VALUES (42036, 'sihtasutused,_heategevus,_vabatahtlik_töö,_kodanikualgatused', 'SUBTOPIC');
INSERT INTO Subtopic(id, topic) VALUES (42036, 30194);
INSERT INTO Taxon(id, name, level) VALUES (42037, 'mitmekultuuriline_ühiskond', 'SUBTOPIC');
INSERT INTO Subtopic(id, topic) VALUES (42037, 30195);
INSERT INTO Taxon(id, name, level) VALUES (42038, 'solidaarsus', 'SUBTOPIC');
INSERT INTO Subtopic(id, topic) VALUES (42038, 30195);
INSERT INTO Taxon(id, name, level) VALUES (42039, 'sotsiaalne_kihistumine_ja_selle_põhjused', 'SUBTOPIC');
INSERT INTO Subtopic(id, topic) VALUES (42039, 30195);
INSERT INTO Taxon(id, name, level) VALUES (42040, 'sotsiaalne_sidusus', 'SUBTOPIC');
INSERT INTO Subtopic(id, topic) VALUES (42040, 30195);
INSERT INTO Taxon(id, name, level) VALUES (42041, 'sotsiaalne_tõrjutus', 'SUBTOPIC');
INSERT INTO Subtopic(id, topic) VALUES (42041, 30195);
INSERT INTO Taxon(id, name, level) VALUES (42042, 'sotsiaalne_õiglus_ja_võrdõiguslikkus', 'SUBTOPIC');
INSERT INTO Subtopic(id, topic) VALUES (42042, 30195);
INSERT INTO Taxon(id, name, level) VALUES (42043, 'sotsiaalsed_rühmad_ühiskonnas', 'SUBTOPIC');
INSERT INTO Subtopic(id, topic) VALUES (42043, 30195);
INSERT INTO Taxon(id, name, level) VALUES (42044, 'sotsiaalsed_suhted', 'SUBTOPIC');
INSERT INTO Subtopic(id, topic) VALUES (42044, 30195);
INSERT INTO Taxon(id, name, level) VALUES (42045, 'väärtused_ja_identiteedid', 'SUBTOPIC');
INSERT INTO Subtopic(id, topic) VALUES (42045, 30195);
INSERT INTO Taxon(id, name, level) VALUES (42046, 'inimõigused_igapäevaelus', 'SUBTOPIC');
INSERT INTO Subtopic(id, topic) VALUES (42046, 30196);
INSERT INTO Taxon(id, name, level) VALUES (42047, 'inimkaubandus,_tööorjus,_seksuaalne_ekspluateerimine', 'SUBTOPIC');
INSERT INTO Subtopic(id, topic) VALUES (42047, 30196);
INSERT INTO Taxon(id, name, level) VALUES (42048, 'inimõiguste_rikkumise_ärahoidmine', 'SUBTOPIC');
INSERT INTO Subtopic(id, topic) VALUES (42048, 30196);
INSERT INTO Taxon(id, name, level) VALUES (42049, 'lapse_õigused,_kohustused_ja_vastutus', 'SUBTOPIC');
INSERT INTO Subtopic(id, topic) VALUES (42049, 30196);
INSERT INTO Taxon(id, name, level) VALUES (42050, 'lastekaitse_rahvusvahelised_probleemid', 'SUBTOPIC');
INSERT INTO Subtopic(id, topic) VALUES (42050, 30196);
INSERT INTO Taxon(id, name, level) VALUES (42051, 'põhiõigused', 'SUBTOPIC');
INSERT INTO Subtopic(id, topic) VALUES (42051, 30196);
INSERT INTO Taxon(id, name, level) VALUES (42052, 'UNICEFi_tegevus', 'SUBTOPIC');
INSERT INTO Subtopic(id, topic) VALUES (42052, 30196);
INSERT INTO Taxon(id, name, level) VALUES (42053, 'vägivald,_kuritarvitamine,_inimkaubandus', 'SUBTOPIC');
INSERT INTO Subtopic(id, topic) VALUES (42053, 30196);
INSERT INTO Taxon(id, name, level) VALUES (42054, 'klassitsism', 'SUBTOPIC');
INSERT INTO Subtopic(id, topic) VALUES (42054, 30197);
INSERT INTO Taxon(id, name, level) VALUES (42055, 'realism', 'SUBTOPIC');
INSERT INTO Subtopic(id, topic) VALUES (42055, 30197);
INSERT INTO Taxon(id, name, level) VALUES (42056, 'romanstism', 'SUBTOPIC');
INSERT INTO Subtopic(id, topic) VALUES (42056, 30197);
INSERT INTO Taxon(id, name, level) VALUES (42057, 'impressionism', 'SUBTOPIC');
INSERT INTO Subtopic(id, topic) VALUES (42057, 30198);
INSERT INTO Taxon(id, name, level) VALUES (42058, 'postimpressionism', 'SUBTOPIC');
INSERT INTO Subtopic(id, topic) VALUES (42058, 30198);
INSERT INTO Taxon(id, name, level) VALUES (42059, 'juugend', 'SUBTOPIC');
INSERT INTO Subtopic(id, topic) VALUES (42059, 30198);
INSERT INTO Taxon(id, name, level) VALUES (42060, 'sümbolism', 'SUBTOPIC');
INSERT INTO Subtopic(id, topic) VALUES (42060, 30198);
INSERT INTO Taxon(id, name, level) VALUES (42061, 'abstraktsionism', 'SUBTOPIC');
INSERT INTO Subtopic(id, topic) VALUES (42061, 30199);
INSERT INTO Taxon(id, name, level) VALUES (42062, 'avangard', 'SUBTOPIC');
INSERT INTO Subtopic(id, topic) VALUES (42062, 30199);
INSERT INTO Taxon(id, name, level) VALUES (42063, 'dadaism', 'SUBTOPIC');
INSERT INTO Subtopic(id, topic) VALUES (42063, 30199);
INSERT INTO Taxon(id, name, level) VALUES (42064, 'ekspressionism', 'SUBTOPIC');
INSERT INTO Subtopic(id, topic) VALUES (42064, 30199);
INSERT INTO Taxon(id, name, level) VALUES (42065, 'fovism', 'SUBTOPIC');
INSERT INTO Subtopic(id, topic) VALUES (42065, 30199);
INSERT INTO Taxon(id, name, level) VALUES (42066, 'funktsionalism', 'SUBTOPIC');
INSERT INTO Subtopic(id, topic) VALUES (42066, 30199);
INSERT INTO Taxon(id, name, level) VALUES (42067, 'futurism', 'SUBTOPIC');
INSERT INTO Subtopic(id, topic) VALUES (42067, 30199);
INSERT INTO Taxon(id, name, level) VALUES (42068, 'kubism', 'SUBTOPIC');
INSERT INTO Subtopic(id, topic) VALUES (42068, 30199);
INSERT INTO Taxon(id, name, level) VALUES (42069, 'sotsialistlik_realism', 'SUBTOPIC');
INSERT INTO Subtopic(id, topic) VALUES (42069, 30199);
INSERT INTO Taxon(id, name, level) VALUES (42070, 'sürrealism', 'SUBTOPIC');
INSERT INTO Subtopic(id, topic) VALUES (42070, 30199);
INSERT INTO Taxon(id, name, level) VALUES (42071, 'Vana-Kreeka', 'SUBTOPIC');
INSERT INTO Subtopic(id, topic) VALUES (42071, 30200);
INSERT INTO Taxon(id, name, level) VALUES (42072, 'Vana-Rooma', 'SUBTOPIC');
INSERT INTO Subtopic(id, topic) VALUES (42072, 30200);
INSERT INTO Taxon(id, name, level) VALUES (42073, 'barokk_ja_rokokoo', 'SUBTOPIC');
INSERT INTO Subtopic(id, topic) VALUES (42073, 30201);
INSERT INTO Taxon(id, name, level) VALUES (42074, 'õukonnakunst', 'SUBTOPIC');
INSERT INTO Subtopic(id, topic) VALUES (42074, 30201);
INSERT INTO Taxon(id, name, level) VALUES (42075, 'Bütsants', 'SUBTOPIC');
INSERT INTO Subtopic(id, topic) VALUES (42075, 30202);
INSERT INTO Taxon(id, name, level) VALUES (42076, 'gootika', 'SUBTOPIC');
INSERT INTO Subtopic(id, topic) VALUES (42076, 30202);
INSERT INTO Taxon(id, name, level) VALUES (42077, 'kunst_ja_religioon', 'SUBTOPIC');
INSERT INTO Subtopic(id, topic) VALUES (42077, 30202);
INSERT INTO Taxon(id, name, level) VALUES (42078, 'romaanika', 'SUBTOPIC');
INSERT INTO Subtopic(id, topic) VALUES (42078, 30202);
INSERT INTO Taxon(id, name, level) VALUES (42079, 'varakristlus', 'SUBTOPIC');
INSERT INTO Subtopic(id, topic) VALUES (42079, 30202);
INSERT INTO Taxon(id, name, level) VALUES (42080, 'kunstiteose_analüüs', 'SUBTOPIC');
INSERT INTO Subtopic(id, topic) VALUES (42080, 30203);
INSERT INTO Taxon(id, name, level) VALUES (42081, 'kunstiteose_analüüsi_ja_tõlgendamise_meetodid', 'SUBTOPIC');
INSERT INTO Subtopic(id, topic) VALUES (42081, 30203);
INSERT INTO Taxon(id, name, level) VALUES (42082, 'kunstiteose_analüüsi_ja_tõlgendamise_vormid', 'SUBTOPIC');
INSERT INTO Subtopic(id, topic) VALUES (42082, 30203);
INSERT INTO Taxon(id, name, level) VALUES (42083, 'kunstiteoste_kriitiline_võrdlemine', 'SUBTOPIC');
INSERT INTO Subtopic(id, topic) VALUES (42083, 30203);
INSERT INTO Taxon(id, name, level) VALUES (42084, 'kunstiteoste_stiilid', 'SUBTOPIC');
INSERT INTO Subtopic(id, topic) VALUES (42084, 30203);
INSERT INTO Taxon(id, name, level) VALUES (42085, 'kunstiteoste_vaatlmine_ja_arutlemine', 'SUBTOPIC');
INSERT INTO Subtopic(id, topic) VALUES (42085, 30203);
INSERT INTO Taxon(id, name, level) VALUES (42086, 'kunstnik,_teos,_vaataja_oma_ajas', 'SUBTOPIC');
INSERT INTO Subtopic(id, topic) VALUES (42086, 30203);
INSERT INTO Taxon(id, name, level) VALUES (42087, 'loomemajandus', 'SUBTOPIC');
INSERT INTO Subtopic(id, topic) VALUES (42087, 30203);
INSERT INTO Taxon(id, name, level) VALUES (42088, 'nüüdiskunst', 'SUBTOPIC');
INSERT INTO Subtopic(id, topic) VALUES (42088, 30203);
INSERT INTO Taxon(id, name, level) VALUES (42089, 'visuaalne_kommunikatsioon', 'SUBTOPIC');
INSERT INTO Subtopic(id, topic) VALUES (42089, 30203);
INSERT INTO Taxon(id, name, level) VALUES (42090, 'inimesekeskne_maailmapilt', 'SUBTOPIC');
INSERT INTO Subtopic(id, topic) VALUES (42090, 30204);
INSERT INTO Taxon(id, name, level) VALUES (42091, 'kunst_Itaalias_ja_põhjapool_Alpe', 'SUBTOPIC');
INSERT INTO Subtopic(id, topic) VALUES (42091, 30204);
INSERT INTO Taxon(id, name, level) VALUES (42092, 'kunst_ja_teadus', 'SUBTOPIC');
INSERT INTO Subtopic(id, topic) VALUES (42092, 30204);
INSERT INTO Taxon(id, name, level) VALUES (42093, 'trükikunst', 'SUBTOPIC');
INSERT INTO Subtopic(id, topic) VALUES (42093, 30204);
INSERT INTO Taxon(id, name, level) VALUES (42094, 'autoriõigus', 'SUBTOPIC');
INSERT INTO Subtopic(id, topic) VALUES (42094, 30205);
INSERT INTO Taxon(id, name, level) VALUES (42095, 'happening', 'SUBTOPIC');
INSERT INTO Subtopic(id, topic) VALUES (42095, 30205);
INSERT INTO Taxon(id, name, level) VALUES (42096, 'idee_teostamine_-_loovtöö', 'SUBTOPIC');
INSERT INTO Subtopic(id, topic) VALUES (42096, 30205);
INSERT INTO Taxon(id, name, level) VALUES (42097, 'inimese_kujutamine', 'SUBTOPIC');
INSERT INTO Subtopic(id, topic) VALUES (42097, 30205);
INSERT INTO Taxon(id, name, level) VALUES (42098, 'keskkond,_disain,_visuaalne_meedia', 'SUBTOPIC');
INSERT INTO Subtopic(id, topic) VALUES (42098, 30205);
INSERT INTO Taxon(id, name, level) VALUES (42099, 'kontseptualism', 'SUBTOPIC');
INSERT INTO Subtopic(id, topic) VALUES (42099, 30205);
INSERT INTO Taxon(id, name, level) VALUES (42100, 'kultuuripärandi_kaitse', 'SUBTOPIC');
INSERT INTO Subtopic(id, topic) VALUES (42100, 30205);
INSERT INTO Taxon(id, name, level) VALUES (42101, 'kunstniku_roll', 'SUBTOPIC');
INSERT INTO Subtopic(id, topic) VALUES (42101, 30205);
INSERT INTO Taxon(id, name, level) VALUES (42102, 'külm_sõda:_abstraktne_ekspressionism', 'SUBTOPIC');
INSERT INTO Subtopic(id, topic) VALUES (42102, 30205);
INSERT INTO Taxon(id, name, level) VALUES (42103, 'lood_ja_sümbolid', 'SUBTOPIC');
INSERT INTO Subtopic(id, topic) VALUES (42103, 30205);
INSERT INTO Taxon(id, name, level) VALUES (42104, 'maakunst', 'SUBTOPIC');
INSERT INTO Subtopic(id, topic) VALUES (42104, 30205);
INSERT INTO Taxon(id, name, level) VALUES (42105, 'minimalism', 'SUBTOPIC');
INSERT INTO Subtopic(id, topic) VALUES (42105, 30205);
INSERT INTO Taxon(id, name, level) VALUES (42106, 'muuseumi_sünd', 'SUBTOPIC');
INSERT INTO Subtopic(id, topic) VALUES (42106, 30205);
INSERT INTO Taxon(id, name, level) VALUES (42107, 'opkunst', 'SUBTOPIC');
INSERT INTO Subtopic(id, topic) VALUES (42107, 30205);
INSERT INTO Taxon(id, name, level) VALUES (42108, 'perspektiivikasutus', 'SUBTOPIC');
INSERT INTO Subtopic(id, topic) VALUES (42108, 30205);
INSERT INTO Taxon(id, name, level) VALUES (42109, 'popkunst', 'SUBTOPIC');
INSERT INTO Subtopic(id, topic) VALUES (42109, 30205);
INSERT INTO Taxon(id, name, level) VALUES (42110, 'postmodernism_ja_nüüdiskunst', 'SUBTOPIC');
INSERT INTO Subtopic(id, topic) VALUES (42110, 30205);
INSERT INTO Taxon(id, name, level) VALUES (42111, 'tuntud_galeriid,_muuseumid', 'SUBTOPIC');
INSERT INTO Subtopic(id, topic) VALUES (42111, 30205);
INSERT INTO Taxon(id, name, level) VALUES (42112, 'õppekäik:_ateljee,_muuseum,_näitus,_virtuaalkeskkond', 'SUBTOPIC');
INSERT INTO Subtopic(id, topic) VALUES (42112, 30205);
INSERT INTO Taxon(id, name, level) VALUES (42113, 'galerii', 'SUBTOPIC');
INSERT INTO Subtopic(id, topic) VALUES (42113, 30206);
INSERT INTO Taxon(id, name, level) VALUES (42114, 'joon', 'SUBTOPIC');
INSERT INTO Subtopic(id, topic) VALUES (42114, 30206);
INSERT INTO Taxon(id, name, level) VALUES (42115, 'koloriit', 'SUBTOPIC');
INSERT INTO Subtopic(id, topic) VALUES (42115, 30206);
INSERT INTO Taxon(id, name, level) VALUES (42116, 'kompositsioon', 'SUBTOPIC');
INSERT INTO Subtopic(id, topic) VALUES (42116, 30206);
INSERT INTO Taxon(id, name, level) VALUES (42117, 'muuseum', 'SUBTOPIC');
INSERT INTO Subtopic(id, topic) VALUES (42117, 30206);
INSERT INTO Taxon(id, name, level) VALUES (42118, 'perspektiiv', 'SUBTOPIC');
INSERT INTO Subtopic(id, topic) VALUES (42118, 30206);
INSERT INTO Taxon(id, name, level) VALUES (42119, 'ruum', 'SUBTOPIC');
INSERT INTO Subtopic(id, topic) VALUES (42119, 30206);
INSERT INTO Taxon(id, name, level) VALUES (42120, 'virtuaalne_kunstikeskkond', 'SUBTOPIC');
INSERT INTO Subtopic(id, topic) VALUES (42120, 30206);
INSERT INTO Taxon(id, name, level) VALUES (42121, 'virtuaalne_meediakeskkond', 'SUBTOPIC');
INSERT INTO Subtopic(id, topic) VALUES (42121, 30206);
INSERT INTO Taxon(id, name, level) VALUES (42122, 'vorm', 'SUBTOPIC');
INSERT INTO Subtopic(id, topic) VALUES (42122, 30206);
INSERT INTO Taxon(id, name, level) VALUES (42123, 'värv', 'SUBTOPIC');
INSERT INTO Subtopic(id, topic) VALUES (42123, 30206);
INSERT INTO Taxon(id, name, level) VALUES (42124, 'Egiptus', 'SUBTOPIC');
INSERT INTO Subtopic(id, topic) VALUES (42124, 30207);
INSERT INTO Taxon(id, name, level) VALUES (42125, 'esiaja_kujutised', 'SUBTOPIC');
INSERT INTO Subtopic(id, topic) VALUES (42125, 30207);
INSERT INTO Taxon(id, name, level) VALUES (42126, 'Mesopotaamia', 'SUBTOPIC');
INSERT INTO Subtopic(id, topic) VALUES (42126, 30207);
INSERT INTO Taxon(id, name, level) VALUES (42127, 'arvutimäng', 'SUBTOPIC');
INSERT INTO Subtopic(id, topic) VALUES (42127, 30208);
INSERT INTO Taxon(id, name, level) VALUES (42128, 'Eesti_ehituskultuur', 'SUBTOPIC');
INSERT INTO Subtopic(id, topic) VALUES (42128, 30208);
INSERT INTO Taxon(id, name, level) VALUES (42129, 'Eesti_rahvakunst', 'SUBTOPIC');
INSERT INTO Subtopic(id, topic) VALUES (42129, 30208);
INSERT INTO Taxon(id, name, level) VALUES (42130, 'ehituskunst', 'SUBTOPIC');
INSERT INTO Subtopic(id, topic) VALUES (42130, 30208);
INSERT INTO Taxon(id, name, level) VALUES (42131, 'film', 'SUBTOPIC');
INSERT INTO Subtopic(id, topic) VALUES (42131, 30208);
INSERT INTO Taxon(id, name, level) VALUES (42132, 'galerii', 'SUBTOPIC');
INSERT INTO Subtopic(id, topic) VALUES (42132, 30208);
INSERT INTO Taxon(id, name, level) VALUES (42133, 'makett', 'SUBTOPIC');
INSERT INTO Subtopic(id, topic) VALUES (42133, 30208);
INSERT INTO Taxon(id, name, level) VALUES (42134, 'muuseum', 'SUBTOPIC');
INSERT INTO Subtopic(id, topic) VALUES (42134, 30208);
INSERT INTO Taxon(id, name, level) VALUES (42135, 'näitus', 'SUBTOPIC');
INSERT INTO Subtopic(id, topic) VALUES (42135, 30208);
INSERT INTO Taxon(id, name, level) VALUES (42136, 'reklaam', 'SUBTOPIC');
INSERT INTO Subtopic(id, topic) VALUES (42136, 30208);
INSERT INTO Taxon(id, name, level) VALUES (42137, 'abstraheerimine', 'SUBTOPIC');
INSERT INTO Subtopic(id, topic) VALUES (42137, 30209);
INSERT INTO Taxon(id, name, level) VALUES (42138, 'animatsioon', 'SUBTOPIC');
INSERT INTO Subtopic(id, topic) VALUES (42138, 30209);
INSERT INTO Taxon(id, name, level) VALUES (42139, 'deformeerimine', 'SUBTOPIC');
INSERT INTO Subtopic(id, topic) VALUES (42139, 30209);
INSERT INTO Taxon(id, name, level) VALUES (42140, 'digitaalgraafika', 'SUBTOPIC');
INSERT INTO Subtopic(id, topic) VALUES (42140, 30209);
INSERT INTO Taxon(id, name, level) VALUES (42141, 'digitaalne_kunst', 'SUBTOPIC');
INSERT INTO Subtopic(id, topic) VALUES (42141, 30209);
INSERT INTO Taxon(id, name, level) VALUES (42142, 'disain', 'SUBTOPIC');
INSERT INTO Subtopic(id, topic) VALUES (42142, 30209);
INSERT INTO Taxon(id, name, level) VALUES (42143, 'figuur', 'SUBTOPIC');
INSERT INTO Subtopic(id, topic) VALUES (42143, 30209);
INSERT INTO Taxon(id, name, level) VALUES (42144, 'foto', 'SUBTOPIC');
INSERT INTO Subtopic(id, topic) VALUES (42144, 30209);
INSERT INTO Taxon(id, name, level) VALUES (42145, 'fotoseeria', 'SUBTOPIC');
INSERT INTO Subtopic(id, topic) VALUES (42145, 30209);
INSERT INTO Taxon(id, name, level) VALUES (42146, 'graafika', 'SUBTOPIC');
INSERT INTO Subtopic(id, topic) VALUES (42146, 30209);
INSERT INTO Taxon(id, name, level) VALUES (42147, 'graafiline_kujundus', 'SUBTOPIC');
INSERT INTO Subtopic(id, topic) VALUES (42147, 30209);
INSERT INTO Taxon(id, name, level) VALUES (42148, 'illustratsioon', 'SUBTOPIC');
INSERT INTO Subtopic(id, topic) VALUES (42148, 30209);
INSERT INTO Taxon(id, name, level) VALUES (42149, 'installatsioon', 'SUBTOPIC');
INSERT INTO Subtopic(id, topic) VALUES (42149, 30209);
INSERT INTO Taxon(id, name, level) VALUES (42150, 'joonistamine', 'SUBTOPIC');
INSERT INTO Subtopic(id, topic) VALUES (42150, 30209);
INSERT INTO Taxon(id, name, level) VALUES (42151, 'joonistus', 'SUBTOPIC');
INSERT INTO Subtopic(id, topic) VALUES (42151, 30209);
INSERT INTO Taxon(id, name, level) VALUES (42152, 'joonistus', 'SUBTOPIC');
INSERT INTO Subtopic(id, topic) VALUES (42152, 30209);
INSERT INTO Taxon(id, name, level) VALUES (42153, 'kirjagraafika', 'SUBTOPIC');
INSERT INTO Subtopic(id, topic) VALUES (42153, 30209);
INSERT INTO Taxon(id, name, level) VALUES (42154, 'kollaaž', 'SUBTOPIC');
INSERT INTO Subtopic(id, topic) VALUES (42154, 30209);
INSERT INTO Taxon(id, name, level) VALUES (42155, 'koomiks', 'SUBTOPIC');
INSERT INTO Subtopic(id, topic) VALUES (42155, 30209);
INSERT INTO Taxon(id, name, level) VALUES (42156, 'lihtsustamine', 'SUBTOPIC');
INSERT INTO Subtopic(id, topic) VALUES (42156, 30209);
INSERT INTO Taxon(id, name, level) VALUES (42157, 'maal', 'SUBTOPIC');
INSERT INTO Subtopic(id, topic) VALUES (42157, 30209);
INSERT INTO Taxon(id, name, level) VALUES (42158, 'maalimine', 'SUBTOPIC');
INSERT INTO Subtopic(id, topic) VALUES (42158, 30209);
INSERT INTO Taxon(id, name, level) VALUES (42159, 'pildistamine', 'SUBTOPIC');
INSERT INTO Subtopic(id, topic) VALUES (42159, 30209);
INSERT INTO Taxon(id, name, level) VALUES (42160, 'portree', 'SUBTOPIC');
INSERT INTO Subtopic(id, topic) VALUES (42160, 30209);
INSERT INTO Taxon(id, name, level) VALUES (42161, 'skulptuur', 'SUBTOPIC');
INSERT INTO Subtopic(id, topic) VALUES (42161, 30209);
INSERT INTO Taxon(id, name, level) VALUES (42162, 'stiliseerimine', 'SUBTOPIC');
INSERT INTO Subtopic(id, topic) VALUES (42162, 30209);
INSERT INTO Taxon(id, name, level) VALUES (42163, 'tegevuskunst', 'SUBTOPIC');
INSERT INTO Subtopic(id, topic) VALUES (42163, 30209);
INSERT INTO Taxon(id, name, level) VALUES (42164, 'trükkimine', 'SUBTOPIC');
INSERT INTO Subtopic(id, topic) VALUES (42164, 30209);
INSERT INTO Taxon(id, name, level) VALUES (42165, 'video', 'SUBTOPIC');
INSERT INTO Subtopic(id, topic) VALUES (42165, 30209);
INSERT INTO Taxon(id, name, level) VALUES (42166, 'voolimine', 'SUBTOPIC');
INSERT INTO Subtopic(id, topic) VALUES (42166, 30209);
INSERT INTO Taxon(id, name, level) VALUES (42167, 'vormimine', 'SUBTOPIC');
INSERT INTO Subtopic(id, topic) VALUES (42167, 30209);
INSERT INTO Taxon(id, name, level) VALUES (42168, 'heliloojad', 'SUBTOPIC');
INSERT INTO Subtopic(id, topic) VALUES (42168, 30210);
INSERT INTO Taxon(id, name, level) VALUES (42169, 'kontsert', 'SUBTOPIC');
INSERT INTO Subtopic(id, topic) VALUES (42169, 30210);
INSERT INTO Taxon(id, name, level) VALUES (42170, 'kultuurilooline_taust', 'SUBTOPIC');
INSERT INTO Subtopic(id, topic) VALUES (42170, 30210);
INSERT INTO Taxon(id, name, level) VALUES (42171, 'oratoorium', 'SUBTOPIC');
INSERT INTO Subtopic(id, topic) VALUES (42171, 30210);
INSERT INTO Taxon(id, name, level) VALUES (42172, 'passioon', 'SUBTOPIC');
INSERT INTO Subtopic(id, topic) VALUES (42172, 30210);
INSERT INTO Taxon(id, name, level) VALUES (42173, 'prelüüd_ja_fuuga', 'SUBTOPIC');
INSERT INTO Subtopic(id, topic) VALUES (42173, 30210);
INSERT INTO Taxon(id, name, level) VALUES (42174, 'õukonnamuusika', 'SUBTOPIC');
INSERT INTO Subtopic(id, topic) VALUES (42174, 30210);
INSERT INTO Taxon(id, name, level) VALUES (42175, 'heliloojad', 'SUBTOPIC');
INSERT INTO Subtopic(id, topic) VALUES (42175, 30211);
INSERT INTO Taxon(id, name, level) VALUES (42176, 'instrumentaalmuusika', 'SUBTOPIC');
INSERT INTO Subtopic(id, topic) VALUES (42176, 30211);
INSERT INTO Taxon(id, name, level) VALUES (42177, 'koorimuusika', 'SUBTOPIC');
INSERT INTO Subtopic(id, topic) VALUES (42177, 30211);
INSERT INTO Taxon(id, name, level) VALUES (42178, 'lavamuusika', 'SUBTOPIC');
INSERT INTO Subtopic(id, topic) VALUES (42178, 30211);
INSERT INTO Taxon(id, name, level) VALUES (42179, 'sümfoonilised_ja_vokaal-sümfoonilised_suurteosed', 'SUBTOPIC');
INSERT INTO Subtopic(id, topic) VALUES (42179, 30211);
INSERT INTO Taxon(id, name, level) VALUES (42180, 'heliloojad', 'SUBTOPIC');
INSERT INTO Subtopic(id, topic) VALUES (42180, 30212);
INSERT INTO Taxon(id, name, level) VALUES (42181, 'instrumentaalmuusika', 'SUBTOPIC');
INSERT INTO Subtopic(id, topic) VALUES (42181, 30212);
INSERT INTO Taxon(id, name, level) VALUES (42182, 'koorimuusika', 'SUBTOPIC');
INSERT INTO Subtopic(id, topic) VALUES (42182, 30212);
INSERT INTO Taxon(id, name, level) VALUES (42183, 'uued_suunad_muusikas', 'SUBTOPIC');
INSERT INTO Subtopic(id, topic) VALUES (42183, 30212);
INSERT INTO Taxon(id, name, level) VALUES (42184, 'heliloojad', 'SUBTOPIC');
INSERT INTO Subtopic(id, topic) VALUES (42184, 30213);
INSERT INTO Taxon(id, name, level) VALUES (42185, 'laulupidu', 'SUBTOPIC');
INSERT INTO Subtopic(id, topic) VALUES (42185, 30213);
INSERT INTO Taxon(id, name, level) VALUES (42186, 'rahvuslik_helikeel', 'SUBTOPIC');
INSERT INTO Subtopic(id, topic) VALUES (42186, 30213);
INSERT INTO Taxon(id, name, level) VALUES (42187, 'rahvuslik_ärkamisaeg', 'SUBTOPIC');
INSERT INTO Subtopic(id, topic) VALUES (42187, 30213);
INSERT INTO Taxon(id, name, level) VALUES (42188, 'folkloor', 'SUBTOPIC');
INSERT INTO Subtopic(id, topic) VALUES (42188, 30214);
INSERT INTO Taxon(id, name, level) VALUES (42189, 'rahvalaulud', 'SUBTOPIC');
INSERT INTO Subtopic(id, topic) VALUES (42189, 30214);
INSERT INTO Taxon(id, name, level) VALUES (42190, 'rahvapillid', 'SUBTOPIC');
INSERT INTO Subtopic(id, topic) VALUES (42190, 30214);
INSERT INTO Taxon(id, name, level) VALUES (42191, 'rahvatantsud', 'SUBTOPIC');
INSERT INTO Subtopic(id, topic) VALUES (42191, 30214);
INSERT INTO Taxon(id, name, level) VALUES (42192, 'regilaulu_liigid', 'SUBTOPIC');
INSERT INTO Subtopic(id, topic) VALUES (42192, 30214);
INSERT INTO Taxon(id, name, level) VALUES (42193, 'džässorkester', 'SUBTOPIC');
INSERT INTO Subtopic(id, topic) VALUES (42193, 30215);
INSERT INTO Taxon(id, name, level) VALUES (42194, 'elektrofonid', 'SUBTOPIC');
INSERT INTO Subtopic(id, topic) VALUES (42194, 30215);
INSERT INTO Taxon(id, name, level) VALUES (42195, 'keelpillid', 'SUBTOPIC');
INSERT INTO Subtopic(id, topic) VALUES (42195, 30215);
INSERT INTO Taxon(id, name, level) VALUES (42196, 'keelpilliorkester', 'SUBTOPIC');
INSERT INTO Subtopic(id, topic) VALUES (42196, 30215);
INSERT INTO Taxon(id, name, level) VALUES (42197, 'klahvpillid', 'SUBTOPIC');
INSERT INTO Subtopic(id, topic) VALUES (42197, 30215);
INSERT INTO Taxon(id, name, level) VALUES (42198, 'löökpillid', 'SUBTOPIC');
INSERT INTO Subtopic(id, topic) VALUES (42198, 30215);
INSERT INTO Taxon(id, name, level) VALUES (42199, 'puhkpillid', 'SUBTOPIC');
INSERT INTO Subtopic(id, topic) VALUES (42199, 30215);
INSERT INTO Taxon(id, name, level) VALUES (42200, 'puhkpilliorkester', 'SUBTOPIC');
INSERT INTO Subtopic(id, topic) VALUES (42200, 30215);
INSERT INTO Taxon(id, name, level) VALUES (42201, 'sümfooniaorkester', 'SUBTOPIC');
INSERT INTO Subtopic(id, topic) VALUES (42201, 30215);
INSERT INTO Taxon(id, name, level) VALUES (42202, 'gregooriuse_laul', 'SUBTOPIC');
INSERT INTO Subtopic(id, topic) VALUES (42202, 30216);
INSERT INTO Taxon(id, name, level) VALUES (42203, 'kultuurilooline_taust', 'SUBTOPIC');
INSERT INTO Subtopic(id, topic) VALUES (42203, 30216);
INSERT INTO Taxon(id, name, level) VALUES (42204, 'missa', 'SUBTOPIC');
INSERT INTO Subtopic(id, topic) VALUES (42204, 30216);
INSERT INTO Taxon(id, name, level) VALUES (42205, 'rüütlikultuur', 'SUBTOPIC');
INSERT INTO Subtopic(id, topic) VALUES (42205, 30216);
INSERT INTO Taxon(id, name, level) VALUES (42206, 'heliloojad', 'SUBTOPIC');
INSERT INTO Subtopic(id, topic) VALUES (42206, 30217);
INSERT INTO Taxon(id, name, level) VALUES (42207, 'instrumentaalkontsert', 'SUBTOPIC');
INSERT INTO Subtopic(id, topic) VALUES (42207, 30217);
INSERT INTO Taxon(id, name, level) VALUES (42208, 'keelpillikvartett', 'SUBTOPIC');
INSERT INTO Subtopic(id, topic) VALUES (42208, 30217);
INSERT INTO Taxon(id, name, level) VALUES (42209, 'kultuurilooline_taust', 'SUBTOPIC');
INSERT INTO Subtopic(id, topic) VALUES (42209, 30217);
INSERT INTO Taxon(id, name, level) VALUES (42210, 'ooper', 'SUBTOPIC');
INSERT INTO Subtopic(id, topic) VALUES (42210, 30217);
INSERT INTO Taxon(id, name, level) VALUES (42211, 'reekviem', 'SUBTOPIC');
INSERT INTO Subtopic(id, topic) VALUES (42211, 30217);
INSERT INTO Taxon(id, name, level) VALUES (42212, 'sonaaditsükkel', 'SUBTOPIC');
INSERT INTO Subtopic(id, topic) VALUES (42212, 30217);
INSERT INTO Taxon(id, name, level) VALUES (42213, 'astmemudel', 'SUBTOPIC');
INSERT INTO Subtopic(id, topic) VALUES (42213, 30218);
INSERT INTO Taxon(id, name, level) VALUES (42214, 'diktsioon', 'SUBTOPIC');
INSERT INTO Subtopic(id, topic) VALUES (42214, 30218);
INSERT INTO Taxon(id, name, level) VALUES (42215, 'Eesti_rahvalaul', 'SUBTOPIC');
INSERT INTO Subtopic(id, topic) VALUES (42215, 30218);
INSERT INTO Taxon(id, name, level) VALUES (42216, 'hääle_arendamine', 'SUBTOPIC');
INSERT INTO Subtopic(id, topic) VALUES (42216, 30218);
INSERT INTO Taxon(id, name, level) VALUES (42217, 'häälehoid', 'SUBTOPIC');
INSERT INTO Subtopic(id, topic) VALUES (42217, 30218);
INSERT INTO Taxon(id, name, level) VALUES (42218, 'intonatsioon', 'SUBTOPIC');
INSERT INTO Subtopic(id, topic) VALUES (42218, 30218);
INSERT INTO Taxon(id, name, level) VALUES (42219, 'kaanon', 'SUBTOPIC');
INSERT INTO Subtopic(id, topic) VALUES (42219, 30218);
INSERT INTO Taxon(id, name, level) VALUES (42220, 'kahehäälne_laul', 'SUBTOPIC');
INSERT INTO Subtopic(id, topic) VALUES (42220, 30218);
INSERT INTO Taxon(id, name, level) VALUES (42221, 'käemärk', 'SUBTOPIC');
INSERT INTO Subtopic(id, topic) VALUES (42221, 30218);
INSERT INTO Taxon(id, name, level) VALUES (42222, 'laulumäng', 'SUBTOPIC');
INSERT INTO Subtopic(id, topic) VALUES (42222, 30218);
INSERT INTO Taxon(id, name, level) VALUES (42223, 'laulupidu', 'SUBTOPIC');
INSERT INTO Subtopic(id, topic) VALUES (42223, 30218);
INSERT INTO Taxon(id, name, level) VALUES (42224, 'mudellaul', 'SUBTOPIC');
INSERT INTO Subtopic(id, topic) VALUES (42224, 30218);
INSERT INTO Taxon(id, name, level) VALUES (42225, 'rahvalaul', 'SUBTOPIC');
INSERT INTO Subtopic(id, topic) VALUES (42225, 30218);
INSERT INTO Taxon(id, name, level) VALUES (42226, 'regilaul', 'SUBTOPIC');
INSERT INTO Subtopic(id, topic) VALUES (42226, 30218);
INSERT INTO Taxon(id, name, level) VALUES (42227, 'relatiivsed_astmed', 'SUBTOPIC');
INSERT INTO Subtopic(id, topic) VALUES (42227, 30218);
INSERT INTO Taxon(id, name, level) VALUES (42228, 'ühehäälne_laul', 'SUBTOPIC');
INSERT INTO Subtopic(id, topic) VALUES (42228, 30218);
INSERT INTO Taxon(id, name, level) VALUES (42229, 'ühislaul', 'SUBTOPIC');
INSERT INTO Subtopic(id, topic) VALUES (42229, 30218);
INSERT INTO Taxon(id, name, level) VALUES (42230, 'ballett', 'SUBTOPIC');
INSERT INTO Subtopic(id, topic) VALUES (42230, 30219);
INSERT INTO Taxon(id, name, level) VALUES (42231, 'muusikal', 'SUBTOPIC');
INSERT INTO Subtopic(id, topic) VALUES (42231, 30219);
INSERT INTO Taxon(id, name, level) VALUES (42232, 'ooper', 'SUBTOPIC');
INSERT INTO Subtopic(id, topic) VALUES (42232, 30219);
INSERT INTO Taxon(id, name, level) VALUES (42233, 'operett', 'SUBTOPIC');
INSERT INTO Subtopic(id, topic) VALUES (42233, 30219);
INSERT INTO Taxon(id, name, level) VALUES (42234, 'absoluutsed_helikõrgused', 'SUBTOPIC');
INSERT INTO Subtopic(id, topic) VALUES (42234, 30220);
INSERT INTO Taxon(id, name, level) VALUES (42235, 'bassivõti', 'SUBTOPIC');
INSERT INTO Subtopic(id, topic) VALUES (42235, 30220);
INSERT INTO Taxon(id, name, level) VALUES (42236, 'dirigent', 'SUBTOPIC');
INSERT INTO Subtopic(id, topic) VALUES (42236, 30220);
INSERT INTO Taxon(id, name, level) VALUES (42237, 'duur-helilaad', 'SUBTOPIC');
INSERT INTO Subtopic(id, topic) VALUES (42237, 30220);
INSERT INTO Taxon(id, name, level) VALUES (42238, 'dünaamikaterminid', 'SUBTOPIC');
INSERT INTO Subtopic(id, topic) VALUES (42238, 30220);
INSERT INTO Taxon(id, name, level) VALUES (42239, 'helilooja', 'SUBTOPIC');
INSERT INTO Subtopic(id, topic) VALUES (42239, 30220);
INSERT INTO Taxon(id, name, level) VALUES (42240, 'helistik', 'SUBTOPIC');
INSERT INTO Subtopic(id, topic) VALUES (42240, 30220);
INSERT INTO Taxon(id, name, level) VALUES (42241, 'helistikumärgid', 'SUBTOPIC');
INSERT INTO Subtopic(id, topic) VALUES (42241, 30220);
INSERT INTO Taxon(id, name, level) VALUES (42242, 'klaviatuur,_oktaav', 'SUBTOPIC');
INSERT INTO Subtopic(id, topic) VALUES (42242, 30220);
INSERT INTO Taxon(id, name, level) VALUES (42243, 'kolmkõla', 'SUBTOPIC');
INSERT INTO Subtopic(id, topic) VALUES (42243, 30220);
INSERT INTO Taxon(id, name, level) VALUES (42244, 'moll-helilaad', 'SUBTOPIC');
INSERT INTO Subtopic(id, topic) VALUES (42244, 30220);
INSERT INTO Taxon(id, name, level) VALUES (42245, 'paralleelhelistik', 'SUBTOPIC');
INSERT INTO Subtopic(id, topic) VALUES (42245, 30220);
INSERT INTO Taxon(id, name, level) VALUES (42246, 'relatiivsed_astmed', 'SUBTOPIC');
INSERT INTO Subtopic(id, topic) VALUES (42246, 30220);
INSERT INTO Taxon(id, name, level) VALUES (42247, 'tempoterminid', 'SUBTOPIC');
INSERT INTO Subtopic(id, topic) VALUES (42247, 30220);
INSERT INTO Taxon(id, name, level) VALUES (42248, 'toonika', 'SUBTOPIC');
INSERT INTO Subtopic(id, topic) VALUES (42248, 30220);
INSERT INTO Taxon(id, name, level) VALUES (42249, 'viiulivõti', 'SUBTOPIC');
INSERT INTO Subtopic(id, topic) VALUES (42249, 30220);
INSERT INTO Taxon(id, name, level) VALUES (42250, 'ekspressionism', 'SUBTOPIC');
INSERT INTO Subtopic(id, topic) VALUES (42250, 30221);
INSERT INTO Taxon(id, name, level) VALUES (42251, 'heliloojad', 'SUBTOPIC');
INSERT INTO Subtopic(id, topic) VALUES (42251, 30221);
INSERT INTO Taxon(id, name, level) VALUES (42252, 'impressionism', 'SUBTOPIC');
INSERT INTO Subtopic(id, topic) VALUES (42252, 30221);
INSERT INTO Taxon(id, name, level) VALUES (42253, 'kultuurilooline_taust', 'SUBTOPIC');
INSERT INTO Subtopic(id, topic) VALUES (42253, 30221);
INSERT INTO Taxon(id, name, level) VALUES (42254, 'neoklassitsism', 'SUBTOPIC');
INSERT INTO Subtopic(id, topic) VALUES (42254, 30221);
INSERT INTO Taxon(id, name, level) VALUES (42255, 'dünaamika', 'SUBTOPIC');
INSERT INTO Subtopic(id, topic) VALUES (42255, 30222);
INSERT INTO Taxon(id, name, level) VALUES (42256, 'marss', 'SUBTOPIC');
INSERT INTO Subtopic(id, topic) VALUES (42256, 30222);
INSERT INTO Taxon(id, name, level) VALUES (42257, 'meloodia', 'SUBTOPIC');
INSERT INTO Subtopic(id, topic) VALUES (42257, 30222);
INSERT INTO Taxon(id, name, level) VALUES (42258, 'partituur', 'SUBTOPIC');
INSERT INTO Subtopic(id, topic) VALUES (42258, 30222);
INSERT INTO Taxon(id, name, level) VALUES (42259, 'polka', 'SUBTOPIC');
INSERT INTO Subtopic(id, topic) VALUES (42259, 30222);
INSERT INTO Taxon(id, name, level) VALUES (42260, 'rütm', 'SUBTOPIC');
INSERT INTO Subtopic(id, topic) VALUES (42260, 30222);
INSERT INTO Taxon(id, name, level) VALUES (42261, 'tempo', 'SUBTOPIC');
INSERT INTO Subtopic(id, topic) VALUES (42261, 30222);
INSERT INTO Taxon(id, name, level) VALUES (42262, 'tämbr', 'SUBTOPIC');
INSERT INTO Subtopic(id, topic) VALUES (42262, 30222);
INSERT INTO Taxon(id, name, level) VALUES (42263, 'valss', 'SUBTOPIC');
INSERT INTO Subtopic(id, topic) VALUES (42263, 30222);
INSERT INTO Taxon(id, name, level) VALUES (42264, 'vorm', 'SUBTOPIC');
INSERT INTO Subtopic(id, topic) VALUES (42264, 30222);
INSERT INTO Taxon(id, name, level) VALUES (42265, 'muusika_väljendusvahendid', 'SUBTOPIC');
INSERT INTO Subtopic(id, topic) VALUES (42265, 30223);
INSERT INTO Taxon(id, name, level) VALUES (42266, 'vanad_kultuurrahvad', 'SUBTOPIC');
INSERT INTO Subtopic(id, topic) VALUES (42266, 30223);
INSERT INTO Taxon(id, name, level) VALUES (42267, 'Eesti_laulumängud', 'SUBTOPIC');
INSERT INTO Subtopic(id, topic) VALUES (42267, 30225);
INSERT INTO Taxon(id, name, level) VALUES (42268, 'Eesti_ringmängud', 'SUBTOPIC');
INSERT INTO Subtopic(id, topic) VALUES (42268, 30225);
INSERT INTO Taxon(id, name, level) VALUES (42269, 'laulumäng', 'SUBTOPIC');
INSERT INTO Subtopic(id, topic) VALUES (42269, 30225);
INSERT INTO Taxon(id, name, level) VALUES (42270, 'loovliikumine', 'SUBTOPIC');
INSERT INTO Subtopic(id, topic) VALUES (42270, 30225);
INSERT INTO Taxon(id, name, level) VALUES (42271, 'ringmäng', 'SUBTOPIC');
INSERT INTO Subtopic(id, topic) VALUES (42271, 30225);
INSERT INTO Taxon(id, name, level) VALUES (42272, 'tants', 'SUBTOPIC');
INSERT INTO Subtopic(id, topic) VALUES (42272, 30225);
INSERT INTO Taxon(id, name, level) VALUES (42273, 'teiste_maade_rahvamuusika_ja_-tantsud', 'SUBTOPIC');
INSERT INTO Subtopic(id, topic) VALUES (42273, 30225);
INSERT INTO Taxon(id, name, level) VALUES (42274, 'instrumentaalkontsert', 'SUBTOPIC');
INSERT INTO Subtopic(id, topic) VALUES (42274, 30226);
INSERT INTO Taxon(id, name, level) VALUES (42275, 'rondo', 'SUBTOPIC');
INSERT INTO Subtopic(id, topic) VALUES (42275, 30226);
INSERT INTO Taxon(id, name, level) VALUES (42276, 'sümfoonia', 'SUBTOPIC');
INSERT INTO Subtopic(id, topic) VALUES (42276, 30226);
INSERT INTO Taxon(id, name, level) VALUES (42277, 'variatsioon', 'SUBTOPIC');
INSERT INTO Subtopic(id, topic) VALUES (42277, 30226);
INSERT INTO Taxon(id, name, level) VALUES (42278, 'autorikaitse', 'SUBTOPIC');
INSERT INTO Subtopic(id, topic) VALUES (42278, 30227);
INSERT INTO Taxon(id, name, level) VALUES (42279, 'improvisatsioon', 'SUBTOPIC');
INSERT INTO Subtopic(id, topic) VALUES (42279, 30227);
INSERT INTO Taxon(id, name, level) VALUES (42280, 'liisusalm', 'SUBTOPIC');
INSERT INTO Subtopic(id, topic) VALUES (42280, 30227);
INSERT INTO Taxon(id, name, level) VALUES (42281, 'loovliikumine', 'SUBTOPIC');
INSERT INTO Subtopic(id, topic) VALUES (42281, 30227);
INSERT INTO Taxon(id, name, level) VALUES (42282, 'regivärss', 'SUBTOPIC');
INSERT INTO Subtopic(id, topic) VALUES (42282, 30227);
INSERT INTO Taxon(id, name, level) VALUES (42283, 'Eesti_rahvapillid', 'SUBTOPIC');
INSERT INTO Subtopic(id, topic) VALUES (42283, 30228);
INSERT INTO Taxon(id, name, level) VALUES (42284, 'kaasmäng', 'SUBTOPIC');
INSERT INTO Subtopic(id, topic) VALUES (42284, 30228);
INSERT INTO Taxon(id, name, level) VALUES (42285, 'kehapill', 'SUBTOPIC');
INSERT INTO Subtopic(id, topic) VALUES (42285, 30228);
INSERT INTO Taxon(id, name, level) VALUES (42286, 'kitarr', 'SUBTOPIC');
INSERT INTO Subtopic(id, topic) VALUES (42286, 30228);
INSERT INTO Taxon(id, name, level) VALUES (42287, 'ostinato', 'SUBTOPIC');
INSERT INTO Subtopic(id, topic) VALUES (42287, 30228);
INSERT INTO Taxon(id, name, level) VALUES (42288, 'plaatpillid', 'SUBTOPIC');
INSERT INTO Subtopic(id, topic) VALUES (42288, 30228);
INSERT INTO Taxon(id, name, level) VALUES (42289, 'plokkflööt', 'SUBTOPIC');
INSERT INTO Subtopic(id, topic) VALUES (42289, 30228);
INSERT INTO Taxon(id, name, level) VALUES (42290, 'rütmipillid', 'SUBTOPIC');
INSERT INTO Subtopic(id, topic) VALUES (42290, 30228);
INSERT INTO Taxon(id, name, level) VALUES (42291, 'väikekannel', 'SUBTOPIC');
INSERT INTO Subtopic(id, topic) VALUES (42291, 30228);
INSERT INTO Taxon(id, name, level) VALUES (42292, 'ajaloolis-sotsiaalne,_kultuurilooline_taust', 'SUBTOPIC');
INSERT INTO Subtopic(id, topic) VALUES (42292, 30229);
INSERT INTO Taxon(id, name, level) VALUES (42293, 'džässmuusika', 'SUBTOPIC');
INSERT INTO Subtopic(id, topic) VALUES (42293, 30229);
INSERT INTO Taxon(id, name, level) VALUES (42294, 'gospel', 'SUBTOPIC');
INSERT INTO Subtopic(id, topic) VALUES (42294, 30229);
INSERT INTO Taxon(id, name, level) VALUES (42295, 'muusikatööstuse_suunad', 'SUBTOPIC');
INSERT INTO Subtopic(id, topic) VALUES (42295, 30229);
INSERT INTO Taxon(id, name, level) VALUES (42296, 'popmuusika', 'SUBTOPIC');
INSERT INTO Subtopic(id, topic) VALUES (42296, 30229);
INSERT INTO Taxon(id, name, level) VALUES (42297, 'rokkmuusika', 'SUBTOPIC');
INSERT INTO Subtopic(id, topic) VALUES (42297, 30229);
INSERT INTO Taxon(id, name, level) VALUES (42298, 'väljendusvahendid', 'SUBTOPIC');
INSERT INTO Subtopic(id, topic) VALUES (42298, 30229);
INSERT INTO Taxon(id, name, level) VALUES (42299, 'Aafrika_muusika', 'SUBTOPIC');
INSERT INTO Subtopic(id, topic) VALUES (42299, 30230);
INSERT INTO Taxon(id, name, level) VALUES (42300, 'Austria_muusika', 'SUBTOPIC');
INSERT INTO Subtopic(id, topic) VALUES (42300, 30230);
INSERT INTO Taxon(id, name, level) VALUES (42301, 'Hispaania_muusika', 'SUBTOPIC');
INSERT INTO Subtopic(id, topic) VALUES (42301, 30230);
INSERT INTO Taxon(id, name, level) VALUES (42302, 'Idamaade_muusika', 'SUBTOPIC');
INSERT INTO Subtopic(id, topic) VALUES (42302, 30230);
INSERT INTO Taxon(id, name, level) VALUES (42303, 'Iiri_muusika', 'SUBTOPIC');
INSERT INTO Subtopic(id, topic) VALUES (42303, 30230);
INSERT INTO Taxon(id, name, level) VALUES (42304, 'Itaalia_muusika', 'SUBTOPIC');
INSERT INTO Subtopic(id, topic) VALUES (42304, 30230);
INSERT INTO Taxon(id, name, level) VALUES (42305, 'Leedu_muusika', 'SUBTOPIC');
INSERT INTO Subtopic(id, topic) VALUES (42305, 30230);
INSERT INTO Taxon(id, name, level) VALUES (42306, 'Läti_muusika', 'SUBTOPIC');
INSERT INTO Subtopic(id, topic) VALUES (42306, 30230);
INSERT INTO Taxon(id, name, level) VALUES (42307, 'Norra_muusika', 'SUBTOPIC');
INSERT INTO Subtopic(id, topic) VALUES (42307, 30230);
INSERT INTO Taxon(id, name, level) VALUES (42308, 'Poola_muusika', 'SUBTOPIC');
INSERT INTO Subtopic(id, topic) VALUES (42308, 30230);
INSERT INTO Taxon(id, name, level) VALUES (42309, 'Prantsuse_muusika', 'SUBTOPIC');
INSERT INTO Subtopic(id, topic) VALUES (42309, 30230);
INSERT INTO Taxon(id, name, level) VALUES (42310, 'Põhja-_ja_Ladina-Ameerika_muusika', 'SUBTOPIC');
INSERT INTO Subtopic(id, topic) VALUES (42310, 30230);
INSERT INTO Taxon(id, name, level) VALUES (42311, 'Rootsi_muusika', 'SUBTOPIC');
INSERT INTO Subtopic(id, topic) VALUES (42311, 30230);
INSERT INTO Taxon(id, name, level) VALUES (42312, 'Saksa_muusika', 'SUBTOPIC');
INSERT INTO Subtopic(id, topic) VALUES (42312, 30230);
INSERT INTO Taxon(id, name, level) VALUES (42313, 'Soome_muusika', 'SUBTOPIC');
INSERT INTO Subtopic(id, topic) VALUES (42313, 30230);
INSERT INTO Taxon(id, name, level) VALUES (42314, 'Suurbritannia_muusika', 'SUBTOPIC');
INSERT INTO Subtopic(id, topic) VALUES (42314, 30230);
INSERT INTO Taxon(id, name, level) VALUES (42315, 'Ungari_muusika', 'SUBTOPIC');
INSERT INTO Subtopic(id, topic) VALUES (42315, 30230);
INSERT INTO Taxon(id, name, level) VALUES (42316, 'Vene_muusika', 'SUBTOPIC');
INSERT INTO Subtopic(id, topic) VALUES (42316, 30230);
INSERT INTO Taxon(id, name, level) VALUES (42317, 'heliloojad', 'SUBTOPIC');
INSERT INTO Subtopic(id, topic) VALUES (42317, 30231);
INSERT INTO Taxon(id, name, level) VALUES (42318, 'kultuurilooline_taust', 'SUBTOPIC');
INSERT INTO Subtopic(id, topic) VALUES (42318, 30231);
INSERT INTO Taxon(id, name, level) VALUES (42319, 'polüfooniline_muusika', 'SUBTOPIC');
INSERT INTO Subtopic(id, topic) VALUES (42319, 30231);
INSERT INTO Taxon(id, name, level) VALUES (42320, 'reformatsioon', 'SUBTOPIC');
INSERT INTO Subtopic(id, topic) VALUES (42320, 30231);
INSERT INTO Taxon(id, name, level) VALUES (42321, 'heliloojad', 'SUBTOPIC');
INSERT INTO Subtopic(id, topic) VALUES (42321, 30232);
INSERT INTO Taxon(id, name, level) VALUES (42322, 'hilisromantism', 'SUBTOPIC');
INSERT INTO Subtopic(id, topic) VALUES (42322, 30232);
INSERT INTO Taxon(id, name, level) VALUES (42323, 'instrumentaalne_väikevorm', 'SUBTOPIC');
INSERT INTO Subtopic(id, topic) VALUES (42323, 30232);
INSERT INTO Taxon(id, name, level) VALUES (42324, 'kultuurilooline_taust', 'SUBTOPIC');
INSERT INTO Subtopic(id, topic) VALUES (42324, 30232);
INSERT INTO Taxon(id, name, level) VALUES (42325, 'lavamuusika', 'SUBTOPIC');
INSERT INTO Subtopic(id, topic) VALUES (42325, 30232);
INSERT INTO Taxon(id, name, level) VALUES (42326, 'programmiline_muusika', 'SUBTOPIC');
INSERT INTO Subtopic(id, topic) VALUES (42326, 30232);
INSERT INTO Taxon(id, name, level) VALUES (42327, 'soololaul', 'SUBTOPIC');
INSERT INTO Subtopic(id, topic) VALUES (42327, 30232);
INSERT INTO Taxon(id, name, level) VALUES (42328, 'eeltakt', 'SUBTOPIC');
INSERT INTO Subtopic(id, topic) VALUES (42328, 30233);
INSERT INTO Taxon(id, name, level) VALUES (42329, 'helivältused,_rütmifiguurid,_pausid', 'SUBTOPIC');
INSERT INTO Subtopic(id, topic) VALUES (42329, 30233);
INSERT INTO Taxon(id, name, level) VALUES (42330, 'kaheksandik-taktimõõt', 'SUBTOPIC');
INSERT INTO Subtopic(id, topic) VALUES (42330, 30233);
INSERT INTO Taxon(id, name, level) VALUES (42331, 'kaheosalise_taktimõõt', 'SUBTOPIC');
INSERT INTO Subtopic(id, topic) VALUES (42331, 30233);
INSERT INTO Taxon(id, name, level) VALUES (42332, 'kolmeosaline_taktimõõt', 'SUBTOPIC');
INSERT INTO Subtopic(id, topic) VALUES (42332, 30233);
INSERT INTO Taxon(id, name, level) VALUES (42333, 'neljaosaline_taktimõõt', 'SUBTOPIC');
INSERT INTO Subtopic(id, topic) VALUES (42333, 30233);
INSERT INTO Taxon(id, name, level) VALUES (42334, 'hääleliigid', 'SUBTOPIC');
INSERT INTO Subtopic(id, topic) VALUES (42334, 30234);
INSERT INTO Taxon(id, name, level) VALUES (42335, 'kooriliigid', 'SUBTOPIC');
INSERT INTO Subtopic(id, topic) VALUES (42335, 30234);
INSERT INTO Taxon(id, name, level) VALUES (42336, 'ideede_visandamine_ja_esitlemine', 'SUBTOPIC');
INSERT INTO Subtopic(id, topic) VALUES (42336, 30235);
INSERT INTO Taxon(id, name, level) VALUES (42337, 'rahvuslikud_mustrid', 'SUBTOPIC');
INSERT INTO Subtopic(id, topic) VALUES (42337, 30235);
INSERT INTO Taxon(id, name, level) VALUES (42338, 'looduslikud_ja_tehismaterjalid', 'SUBTOPIC');
INSERT INTO Subtopic(id, topic) VALUES (42338, 30236);
INSERT INTO Taxon(id, name, level) VALUES (42339, 'materjalide_saamislugu,_omadused,_otstarve,_kasutamine', 'SUBTOPIC');
INSERT INTO Subtopic(id, topic) VALUES (42339, 30236);
INSERT INTO Taxon(id, name, level) VALUES (42340, 'idee_teostamine', 'SUBTOPIC');
INSERT INTO Subtopic(id, topic) VALUES (42340, 30237);
INSERT INTO Taxon(id, name, level) VALUES (42341, 'töökoha_korrashoid', 'SUBTOPIC');
INSERT INTO Subtopic(id, topic) VALUES (42341, 30237);
INSERT INTO Taxon(id, name, level) VALUES (42342, 'ühise_idee_väljamõtlemine', 'SUBTOPIC');
INSERT INTO Subtopic(id, topic) VALUES (42342, 30237);
INSERT INTO Taxon(id, name, level) VALUES (42343, 'materjalide_töötlemise_viisid', 'SUBTOPIC');
INSERT INTO Subtopic(id, topic) VALUES (42343, 30238);
INSERT INTO Taxon(id, name, level) VALUES (42344, 'töötlemisviisi_valik', 'SUBTOPIC');
INSERT INTO Subtopic(id, topic) VALUES (42344, 30238);
INSERT INTO Taxon(id, name, level) VALUES (42345, 'töövahendid', 'SUBTOPIC');
INSERT INTO Subtopic(id, topic) VALUES (42345, 30238);
INSERT INTO Taxon(id, name, level) VALUES (42346, 'elektriliste_vahenditega_töötamine', 'SUBTOPIC');
INSERT INTO Subtopic(id, topic) VALUES (42346, 30239);
INSERT INTO Taxon(id, name, level) VALUES (42347, 'käsitööga_seotud_elukutsed', 'SUBTOPIC');
INSERT INTO Subtopic(id, topic) VALUES (42347, 30239);
INSERT INTO Taxon(id, name, level) VALUES (42348, 'nüüdisaegsed_tehnoloogilised_võimalused', 'SUBTOPIC');
INSERT INTO Subtopic(id, topic) VALUES (42348, 30239);
INSERT INTO Taxon(id, name, level) VALUES (42349, 'kanga_kudumine', 'SUBTOPIC');
INSERT INTO Subtopic(id, topic) VALUES (42349, 30240);
INSERT INTO Taxon(id, name, level) VALUES (42350, 'kanga_liigid', 'SUBTOPIC');
INSERT INTO Subtopic(id, topic) VALUES (42350, 30240);
INSERT INTO Taxon(id, name, level) VALUES (42351, 'keemilised_kiud', 'SUBTOPIC');
INSERT INTO Subtopic(id, topic) VALUES (42351, 30240);
INSERT INTO Taxon(id, name, level) VALUES (42352, 'looduslikud_kiud', 'SUBTOPIC');
INSERT INTO Subtopic(id, topic) VALUES (42352, 30240);
INSERT INTO Taxon(id, name, level) VALUES (42353, 'tekstiilkiudained', 'SUBTOPIC');
INSERT INTO Subtopic(id, topic) VALUES (42353, 30240);
INSERT INTO Taxon(id, name, level) VALUES (42354, 'tööjuhendi_koostamine', 'SUBTOPIC');
INSERT INTO Subtopic(id, topic) VALUES (42354, 30240);
INSERT INTO Taxon(id, name, level) VALUES (42355, 'töötamine_tööjuhendi_järgi', 'SUBTOPIC');
INSERT INTO Subtopic(id, topic) VALUES (42355, 30240);
INSERT INTO Taxon(id, name, level) VALUES (42356, 'õmblusniidid,_käsitööniidid,_-lõngad', 'SUBTOPIC');
INSERT INTO Subtopic(id, topic) VALUES (42356, 30240);
INSERT INTO Taxon(id, name, level) VALUES (42357, 'ühistöö_kavandamine,_analüüsimine,_hindamine', 'SUBTOPIC');
INSERT INTO Subtopic(id, topic) VALUES (42357, 30240);
INSERT INTO Taxon(id, name, level) VALUES (42358, 'esemeline_rahvakunst', 'SUBTOPIC');
INSERT INTO Subtopic(id, topic) VALUES (42358, 30241);
INSERT INTO Taxon(id, name, level) VALUES (42359, 'ideekavand,_kompositsioon', 'SUBTOPIC');
INSERT INTO Subtopic(id, topic) VALUES (42359, 30241);
INSERT INTO Taxon(id, name, level) VALUES (42360, 'kujunduse_põhimõtted', 'SUBTOPIC');
INSERT INTO Subtopic(id, topic) VALUES (42360, 30241);
INSERT INTO Taxon(id, name, level) VALUES (42361, 'mood,_stiil', 'SUBTOPIC');
INSERT INTO Subtopic(id, topic) VALUES (42361, 30241);
INSERT INTO Taxon(id, name, level) VALUES (42362, 'muuseumide_roll', 'SUBTOPIC');
INSERT INTO Subtopic(id, topic) VALUES (42362, 30241);
INSERT INTO Taxon(id, name, level) VALUES (42363, 'ornamentika', 'SUBTOPIC');
INSERT INTO Subtopic(id, topic) VALUES (42363, 30241);
INSERT INTO Taxon(id, name, level) VALUES (42364, 'rahvarõivad', 'SUBTOPIC');
INSERT INTO Subtopic(id, topic) VALUES (42364, 30241);
INSERT INTO Taxon(id, name, level) VALUES (42365, 'rahvuslike_detailide_kasutamine', 'SUBTOPIC');
INSERT INTO Subtopic(id, topic) VALUES (42365, 30241);
INSERT INTO Taxon(id, name, level) VALUES (42366, 'rahvuslikud_mustrid', 'SUBTOPIC');
INSERT INTO Subtopic(id, topic) VALUES (42366, 30241);
INSERT INTO Taxon(id, name, level) VALUES (42367, 'sümbolid_ja_märgid_rahvakunstis', 'SUBTOPIC');
INSERT INTO Subtopic(id, topic) VALUES (42367, 30241);
INSERT INTO Taxon(id, name, level) VALUES (42368, 'tavad_ja_kombed', 'SUBTOPIC');
INSERT INTO Subtopic(id, topic) VALUES (42368, 30241);
INSERT INTO Taxon(id, name, level) VALUES (42369, 'tekstiil_rõivastuses', 'SUBTOPIC');
INSERT INTO Subtopic(id, topic) VALUES (42369, 30241);
INSERT INTO Taxon(id, name, level) VALUES (42370, 'tekstiilide_ja_materjalide_valik', 'SUBTOPIC');
INSERT INTO Subtopic(id, topic) VALUES (42370, 30241);
INSERT INTO Taxon(id, name, level) VALUES (42371, 'värvusõpetuse_põhitõed', 'SUBTOPIC');
INSERT INTO Subtopic(id, topic) VALUES (42371, 30241);
INSERT INTO Taxon(id, name, level) VALUES (42372, 'heegeldamine', 'SUBTOPIC');
INSERT INTO Subtopic(id, topic) VALUES (42372, 30242);
INSERT INTO Taxon(id, name, level) VALUES (42373, 'kudumine', 'SUBTOPIC');
INSERT INTO Subtopic(id, topic) VALUES (42373, 30242);
INSERT INTO Taxon(id, name, level) VALUES (42374, 'mõõtude_võtmine', 'SUBTOPIC');
INSERT INTO Subtopic(id, topic) VALUES (42374, 30242);
INSERT INTO Taxon(id, name, level) VALUES (42375, 'tikkimine', 'SUBTOPIC');
INSERT INTO Subtopic(id, topic) VALUES (42375, 30242);
INSERT INTO Taxon(id, name, level) VALUES (42376, 'õmblemine', 'SUBTOPIC');
INSERT INTO Subtopic(id, topic) VALUES (42376, 30242);
INSERT INTO Taxon(id, name, level) VALUES (42377, 'hooldusmärgid', 'SUBTOPIC');
INSERT INTO Subtopic(id, topic) VALUES (42377, 30243);
INSERT INTO Taxon(id, name, level) VALUES (42378, 'jalatsite_hooldamine', 'SUBTOPIC');
INSERT INTO Subtopic(id, topic) VALUES (42378, 30243);
INSERT INTO Taxon(id, name, level) VALUES (42379, 'kodumasinad', 'SUBTOPIC');
INSERT INTO Subtopic(id, topic) VALUES (42379, 30243);
INSERT INTO Taxon(id, name, level) VALUES (42380, 'puhastus-_ja_korrastustööd', 'SUBTOPIC');
INSERT INTO Subtopic(id, topic) VALUES (42380, 30243);
INSERT INTO Taxon(id, name, level) VALUES (42381, 'puhastusvahendite_kasutamine', 'SUBTOPIC');
INSERT INTO Subtopic(id, topic) VALUES (42381, 30243);
INSERT INTO Taxon(id, name, level) VALUES (42382, 'rõivaste_pesemine', 'SUBTOPIC');
INSERT INTO Subtopic(id, topic) VALUES (42382, 30243);
INSERT INTO Taxon(id, name, level) VALUES (42383, 'stiilid_sisekujunduses', 'SUBTOPIC');
INSERT INTO Subtopic(id, topic) VALUES (42383, 30243);
INSERT INTO Taxon(id, name, level) VALUES (42384, 'suurpuhastus', 'SUBTOPIC');
INSERT INTO Subtopic(id, topic) VALUES (42384, 30243);
INSERT INTO Taxon(id, name, level) VALUES (42385, 'triikimine', 'SUBTOPIC');
INSERT INTO Subtopic(id, topic) VALUES (42385, 30243);
INSERT INTO Taxon(id, name, level) VALUES (42386, 'töövahendid', 'SUBTOPIC');
INSERT INTO Subtopic(id, topic) VALUES (42386, 30243);
INSERT INTO Taxon(id, name, level) VALUES (42387, 'kingituste_pakkimine', 'SUBTOPIC');
INSERT INTO Subtopic(id, topic) VALUES (42387, 30244);
INSERT INTO Taxon(id, name, level) VALUES (42388, 'koosviibimise_korraldamine', 'SUBTOPIC');
INSERT INTO Subtopic(id, topic) VALUES (42388, 30244);
INSERT INTO Taxon(id, name, level) VALUES (42389, 'kutsed', 'SUBTOPIC');
INSERT INTO Subtopic(id, topic) VALUES (42389, 30244);
INSERT INTO Taxon(id, name, level) VALUES (42390, 'lauakatmise_tavad', 'SUBTOPIC');
INSERT INTO Subtopic(id, topic) VALUES (42390, 30244);
INSERT INTO Taxon(id, name, level) VALUES (42391, 'lauakombed', 'SUBTOPIC');
INSERT INTO Subtopic(id, topic) VALUES (42391, 30244);
INSERT INTO Taxon(id, name, level) VALUES (42392, 'lauanõud_ja_-kaunistused', 'SUBTOPIC');
INSERT INTO Subtopic(id, topic) VALUES (42392, 30244);
INSERT INTO Taxon(id, name, level) VALUES (42393, 'peolaua_menüü', 'SUBTOPIC');
INSERT INTO Subtopic(id, topic) VALUES (42393, 30244);
INSERT INTO Taxon(id, name, level) VALUES (42394, 'peolaudade_kujundamine', 'SUBTOPIC');
INSERT INTO Subtopic(id, topic) VALUES (42394, 30244);
INSERT INTO Taxon(id, name, level) VALUES (42395, 'vastuvõtt:_rõivastus_ja_käitumine', 'SUBTOPIC');
INSERT INTO Subtopic(id, topic) VALUES (42395, 30244);
INSERT INTO Taxon(id, name, level) VALUES (42396, 'hügieen_köögis', 'SUBTOPIC');
INSERT INTO Subtopic(id, topic) VALUES (42396, 30245);
INSERT INTO Taxon(id, name, level) VALUES (42397, 'kalaroad', 'SUBTOPIC');
INSERT INTO Subtopic(id, topic) VALUES (42397, 30245);
INSERT INTO Taxon(id, name, level) VALUES (42398, 'kartulite,_munade_ja_makarontoodete_keetmine', 'SUBTOPIC');
INSERT INTO Subtopic(id, topic) VALUES (42398, 30245);
INSERT INTO Taxon(id, name, level) VALUES (42399, 'kergitusained_ja_tainatooted', 'SUBTOPIC');
INSERT INTO Subtopic(id, topic) VALUES (42399, 30245);
INSERT INTO Taxon(id, name, level) VALUES (42400, 'kuumtöötlemise_viisid', 'SUBTOPIC');
INSERT INTO Subtopic(id, topic) VALUES (42400, 30245);
INSERT INTO Taxon(id, name, level) VALUES (42401, 'kuumtöödeldud_järelroad', 'SUBTOPIC');
INSERT INTO Subtopic(id, topic) VALUES (42401, 30245);
INSERT INTO Taxon(id, name, level) VALUES (42402, 'kuumtöötlemata_magustoidud', 'SUBTOPIC');
INSERT INTO Subtopic(id, topic) VALUES (42402, 30245);
INSERT INTO Taxon(id, name, level) VALUES (42403, 'külmad_ja_kuumad_joogid', 'SUBTOPIC');
INSERT INTO Subtopic(id, topic) VALUES (42403, 30245);
INSERT INTO Taxon(id, name, level) VALUES (42404, 'külmad_kastmed', 'SUBTOPIC');
INSERT INTO Subtopic(id, topic) VALUES (42404, 30245);
INSERT INTO Taxon(id, name, level) VALUES (42405, 'lihatoidud', 'SUBTOPIC');
INSERT INTO Subtopic(id, topic) VALUES (42405, 30245);
INSERT INTO Taxon(id, name, level) VALUES (42406, 'maitseained', 'SUBTOPIC');
INSERT INTO Subtopic(id, topic) VALUES (42406, 30245);
INSERT INTO Taxon(id, name, level) VALUES (42407, 'mõõtühikud', 'SUBTOPIC');
INSERT INTO Subtopic(id, topic) VALUES (42407, 30245);
INSERT INTO Taxon(id, name, level) VALUES (42408, 'nõude_pesemine', 'SUBTOPIC');
INSERT INTO Subtopic(id, topic) VALUES (42408, 30245);
INSERT INTO Taxon(id, name, level) VALUES (42409, 'nüüdisaegsed_köögiseadmed', 'SUBTOPIC');
INSERT INTO Subtopic(id, topic) VALUES (42409, 30245);
INSERT INTO Taxon(id, name, level) VALUES (42410, 'ohutushoid', 'SUBTOPIC');
INSERT INTO Subtopic(id, topic) VALUES (42410, 30245);
INSERT INTO Taxon(id, name, level) VALUES (42411, 'projekt:_menüü_koostamine,_kalkulatsioon_jm', 'SUBTOPIC');
INSERT INTO Subtopic(id, topic) VALUES (42411, 30245);
INSERT INTO Taxon(id, name, level) VALUES (42412, 'pudrud_ja_teraviljatoidud', 'SUBTOPIC');
INSERT INTO Subtopic(id, topic) VALUES (42412, 30245);
INSERT INTO Taxon(id, name, level) VALUES (42413, 'rahvustoidud', 'SUBTOPIC');
INSERT INTO Subtopic(id, topic) VALUES (42413, 30245);
INSERT INTO Taxon(id, name, level) VALUES (42414, 'retsept', 'SUBTOPIC');
INSERT INTO Subtopic(id, topic) VALUES (42414, 30245);
INSERT INTO Taxon(id, name, level) VALUES (42415, 'soojad_kastmed', 'SUBTOPIC');
INSERT INTO Subtopic(id, topic) VALUES (42415, 30245);
INSERT INTO Taxon(id, name, level) VALUES (42416, 'supid', 'SUBTOPIC');
INSERT INTO Subtopic(id, topic) VALUES (42416, 30245);
INSERT INTO Taxon(id, name, level) VALUES (42417, 'tarbija_õigused_ja_kohustused', 'SUBTOPIC');
INSERT INTO Subtopic(id, topic) VALUES (42417, 30245);
INSERT INTO Taxon(id, name, level) VALUES (42418, 'teadlik_ja_säästlik_majandamine', 'SUBTOPIC');
INSERT INTO Subtopic(id, topic) VALUES (42418, 30245);
INSERT INTO Taxon(id, name, level) VALUES (42419, 'toidu_ohutus', 'SUBTOPIC');
INSERT INTO Subtopic(id, topic) VALUES (42419, 30245);
INSERT INTO Taxon(id, name, level) VALUES (42420, 'toiduainete_eeltöötlemine,_külm-_ja_kuumtöötlemine', 'SUBTOPIC');
INSERT INTO Subtopic(id, topic) VALUES (42420, 30245);
INSERT INTO Taxon(id, name, level) VALUES (42421, 'toodete_märgistused', 'SUBTOPIC');
INSERT INTO Subtopic(id, topic) VALUES (42421, 30245);
INSERT INTO Taxon(id, name, level) VALUES (42422, 'toor-_ja_segasalatid', 'SUBTOPIC');
INSERT INTO Subtopic(id, topic) VALUES (42422, 30245);
INSERT INTO Taxon(id, name, level) VALUES (42423, 'tööde_järjekord_toitu_valmistades', 'SUBTOPIC');
INSERT INTO Subtopic(id, topic) VALUES (42423, 30245);
INSERT INTO Taxon(id, name, level) VALUES (42424, 'töövahendid_köögis', 'SUBTOPIC');
INSERT INTO Subtopic(id, topic) VALUES (42424, 30245);
INSERT INTO Taxon(id, name, level) VALUES (42425, 'vormiroad,_vokitoidud', 'SUBTOPIC');
INSERT INTO Subtopic(id, topic) VALUES (42425, 30245);
INSERT INTO Taxon(id, name, level) VALUES (42426, 'võileivad', 'SUBTOPIC');
INSERT INTO Subtopic(id, topic) VALUES (42426, 30245);
INSERT INTO Taxon(id, name, level) VALUES (42427, 'eestlaste_toit', 'SUBTOPIC');
INSERT INTO Subtopic(id, topic) VALUES (42427, 30246);
INSERT INTO Taxon(id, name, level) VALUES (42428, 'internetipõhised_tervisliku_toitumise_keskkonnad', 'SUBTOPIC');
INSERT INTO Subtopic(id, topic) VALUES (42428, 30246);
INSERT INTO Taxon(id, name, level) VALUES (42429, 'kuumtöötlemine', 'SUBTOPIC');
INSERT INTO Subtopic(id, topic) VALUES (42429, 30246);
INSERT INTO Taxon(id, name, level) VALUES (42430, 'lisaained_toiduainetes', 'SUBTOPIC');
INSERT INTO Subtopic(id, topic) VALUES (42430, 30246);
INSERT INTO Taxon(id, name, level) VALUES (42431, 'makro-_ja_mikrotoitained', 'SUBTOPIC');
INSERT INTO Subtopic(id, topic) VALUES (42431, 30246);
INSERT INTO Taxon(id, name, level) VALUES (42432, 'päevamenüü_koostamine', 'SUBTOPIC');
INSERT INTO Subtopic(id, topic) VALUES (42432, 30246);
INSERT INTO Taxon(id, name, level) VALUES (42433, 'rahvaste_toitumistraditsioonid', 'SUBTOPIC');
INSERT INTO Subtopic(id, topic) VALUES (42433, 30246);
INSERT INTO Taxon(id, name, level) VALUES (42434, 'taimetoitlus,_dieet', 'SUBTOPIC');
INSERT INTO Subtopic(id, topic) VALUES (42434, 30246);
INSERT INTO Taxon(id, name, level) VALUES (42435, 'tarbijainfo', 'SUBTOPIC');
INSERT INTO Subtopic(id, topic) VALUES (42435, 30246);
INSERT INTO Taxon(id, name, level) VALUES (42436, 'teadlik_ja_säästlik_tarbimine', 'SUBTOPIC');
INSERT INTO Subtopic(id, topic) VALUES (42436, 30246);
INSERT INTO Taxon(id, name, level) VALUES (42437, 'tervislik_toitumine', 'SUBTOPIC');
INSERT INTO Subtopic(id, topic) VALUES (42437, 30246);
INSERT INTO Taxon(id, name, level) VALUES (42438, 'toidu_kaudu_levivad_haigused', 'SUBTOPIC');
INSERT INTO Subtopic(id, topic) VALUES (42438, 30246);
INSERT INTO Taxon(id, name, level) VALUES (42439, 'toiduained_ja_toitained', 'SUBTOPIC');
INSERT INTO Subtopic(id, topic) VALUES (42439, 30246);
INSERT INTO Taxon(id, name, level) VALUES (42440, 'toiduainerühmad', 'SUBTOPIC');
INSERT INTO Subtopic(id, topic) VALUES (42440, 30246);
INSERT INTO Taxon(id, name, level) VALUES (42441, 'toiduainete_riknemine', 'SUBTOPIC');
INSERT INTO Subtopic(id, topic) VALUES (42441, 30246);
INSERT INTO Taxon(id, name, level) VALUES (42442, 'toiduainete_säilitamine_ja_konverveerimine', 'SUBTOPIC');
INSERT INTO Subtopic(id, topic) VALUES (42442, 30246);
INSERT INTO Taxon(id, name, level) VALUES (42443, 'toiduallergia,_toidutalumates', 'SUBTOPIC');
INSERT INTO Subtopic(id, topic) VALUES (42443, 30246);
INSERT INTO Taxon(id, name, level) VALUES (42444, 'toidupüramiid', 'SUBTOPIC');
INSERT INTO Subtopic(id, topic) VALUES (42444, 30246);
INSERT INTO Taxon(id, name, level) VALUES (42445, 'toitumishäired', 'SUBTOPIC');
INSERT INTO Subtopic(id, topic) VALUES (42445, 30246);
INSERT INTO Taxon(id, name, level) VALUES (42446, 'disaini_elemendid', 'SUBTOPIC');
INSERT INTO Subtopic(id, topic) VALUES (42446, 30247);
INSERT INTO Taxon(id, name, level) VALUES (42447, 'ehitusjoonised', 'SUBTOPIC');
INSERT INTO Subtopic(id, topic) VALUES (42447, 30247);
INSERT INTO Taxon(id, name, level) VALUES (42448, 'ergonoomika', 'SUBTOPIC');
INSERT INTO Subtopic(id, topic) VALUES (42448, 30247);
INSERT INTO Taxon(id, name, level) VALUES (42449, 'eskiis', 'SUBTOPIC');
INSERT INTO Subtopic(id, topic) VALUES (42449, 30247);
INSERT INTO Taxon(id, name, level) VALUES (42450, 'insenerid_ja_leiutamine', 'SUBTOPIC');
INSERT INTO Subtopic(id, topic) VALUES (42450, 30247);
INSERT INTO Taxon(id, name, level) VALUES (42451, 'joonise_vormistamine', 'SUBTOPIC');
INSERT INTO Subtopic(id, topic) VALUES (42451, 30247);
INSERT INTO Taxon(id, name, level) VALUES (42452, 'mõõtmed_ja_mõõtkava', 'SUBTOPIC');
INSERT INTO Subtopic(id, topic) VALUES (42452, 30247);
INSERT INTO Taxon(id, name, level) VALUES (42453, 'mõõtmestatud_tehniline_joonis', 'SUBTOPIC');
INSERT INTO Subtopic(id, topic) VALUES (42453, 30247);
INSERT INTO Taxon(id, name, level) VALUES (42454, 'piltkujutis_ja_vaated', 'SUBTOPIC');
INSERT INTO Subtopic(id, topic) VALUES (42454, 30247);
INSERT INTO Taxon(id, name, level) VALUES (42455, 'ristlõiked_ja_lõiked', 'SUBTOPIC');
INSERT INTO Subtopic(id, topic) VALUES (42455, 30247);
INSERT INTO Taxon(id, name, level) VALUES (42456, 'skeemid', 'SUBTOPIC');
INSERT INTO Subtopic(id, topic) VALUES (42456, 30247);
INSERT INTO Taxon(id, name, level) VALUES (42457, 'tehniline_joonis:_leppemärgid,_tähised', 'SUBTOPIC');
INSERT INTO Subtopic(id, topic) VALUES (42457, 30247);
INSERT INTO Taxon(id, name, level) VALUES (42458, 'viimistlemine_ja_pinnakatted', 'SUBTOPIC');
INSERT INTO Subtopic(id, topic) VALUES (42458, 30247);
INSERT INTO Taxon(id, name, level) VALUES (42459, 'idee_ja_eskiis', 'SUBTOPIC');
INSERT INTO Subtopic(id, topic) VALUES (42459, 30248);
INSERT INTO Taxon(id, name, level) VALUES (42460, 'käsi-_ja_elektrilised_tööriistad', 'SUBTOPIC');
INSERT INTO Subtopic(id, topic) VALUES (42460, 30248);
INSERT INTO Taxon(id, name, level) VALUES (42461, 'masinad_ja_mehhanismid', 'SUBTOPIC');
INSERT INTO Subtopic(id, topic) VALUES (42461, 30248);
INSERT INTO Taxon(id, name, level) VALUES (42462, 'materjalide_liigid,_töövahendid', 'SUBTOPIC');
INSERT INTO Subtopic(id, topic) VALUES (42462, 30248);
INSERT INTO Taxon(id, name, level) VALUES (42463, 'materjalide_töötlemise_viisid', 'SUBTOPIC');
INSERT INTO Subtopic(id, topic) VALUES (42463, 30248);
INSERT INTO Taxon(id, name, level) VALUES (42464, 'materjalide_ühendamine', 'SUBTOPIC');
INSERT INTO Subtopic(id, topic) VALUES (42464, 30248);
INSERT INTO Taxon(id, name, level) VALUES (42465, 'tehnoloogia_ja_ühiskond', 'SUBTOPIC');
INSERT INTO Subtopic(id, topic) VALUES (42465, 30248);
INSERT INTO Taxon(id, name, level) VALUES (42466, 'tehnoloogia_olemus', 'SUBTOPIC');
INSERT INTO Subtopic(id, topic) VALUES (42466, 30248);
INSERT INTO Taxon(id, name, level) VALUES (42467, 'tervisekaitse_ja_tööohutusnõuded', 'SUBTOPIC');
INSERT INTO Subtopic(id, topic) VALUES (42467, 30248);
INSERT INTO Taxon(id, name, level) VALUES (42468, 'viimistluse_valik', 'SUBTOPIC');
INSERT INTO Subtopic(id, topic) VALUES (42468, 30248);
INSERT INTO Taxon(id, name, level) VALUES (42469, 'energiaallikad', 'SUBTOPIC');
INSERT INTO Subtopic(id, topic) VALUES (42469, 30249);
INSERT INTO Taxon(id, name, level) VALUES (42470, 'esemete_modelleerimine_arvutiga', 'SUBTOPIC');
INSERT INTO Subtopic(id, topic) VALUES (42470, 30249);
INSERT INTO Taxon(id, name, level) VALUES (42471, 'info-_ja_kommunikatsioomitehnoloogia', 'SUBTOPIC');
INSERT INTO Subtopic(id, topic) VALUES (42471, 30249);
INSERT INTO Taxon(id, name, level) VALUES (42472, 'kodused_korrastus-_ja_remonditööd', 'SUBTOPIC');
INSERT INTO Subtopic(id, topic) VALUES (42472, 30249);
INSERT INTO Taxon(id, name, level) VALUES (42473, 'ressursside_säästlik_tarbimine', 'SUBTOPIC');
INSERT INTO Subtopic(id, topic) VALUES (42473, 30249);
INSERT INTO Taxon(id, name, level) VALUES (42474, 'tehnoloogia_ja_teadus', 'SUBTOPIC');
INSERT INTO Subtopic(id, topic) VALUES (42474, 30249);
INSERT INTO Taxon(id, name, level) VALUES (42475, 'tehnoloogiline_kirjaoskus', 'SUBTOPIC');
INSERT INTO Subtopic(id, topic) VALUES (42475, 30249);
INSERT INTO Taxon(id, name, level) VALUES (42476, 'tehnoloogiline_maailm', 'SUBTOPIC');
INSERT INTO Subtopic(id, topic) VALUES (42476, 30249);
INSERT INTO Taxon(id, name, level) VALUES (42477, 'tooraine_ja_tootmine', 'SUBTOPIC');
INSERT INTO Subtopic(id, topic) VALUES (42477, 30249);
INSERT INTO Taxon(id, name, level) VALUES (42478, 'töömaailm', 'SUBTOPIC');
INSERT INTO Subtopic(id, topic) VALUES (42478, 30249);
INSERT INTO Taxon(id, name, level) VALUES (42479, 'kaarsild', 'SUBTOPIC');
INSERT INTO Subtopic(id, topic) VALUES (42479, 30250);
INSERT INTO Taxon(id, name, level) VALUES (42480, 'kätelseis', 'SUBTOPIC');
INSERT INTO Subtopic(id, topic) VALUES (42480, 30250);
INSERT INTO Taxon(id, name, level) VALUES (42481, 'ratas_kõrvale', 'SUBTOPIC');
INSERT INTO Subtopic(id, topic) VALUES (42481, 30250);
INSERT INTO Taxon(id, name, level) VALUES (42482, 'turiseis,_tirel', 'SUBTOPIC');
INSERT INTO Subtopic(id, topic) VALUES (42482, 30250);
INSERT INTO Taxon(id, name, level) VALUES (42483, 'veered_kägaras,_sirutatult', 'SUBTOPIC');
INSERT INTO Subtopic(id, topic) VALUES (42483, 30250);
INSERT INTO Taxon(id, name, level) VALUES (42484, 'flop', 'SUBTOPIC');
INSERT INTO Subtopic(id, topic) VALUES (42484, 30251);
INSERT INTO Taxon(id, name, level) VALUES (42485, 'hüpped_hoojooksult', 'SUBTOPIC');
INSERT INTO Subtopic(id, topic) VALUES (42485, 30251);
INSERT INTO Taxon(id, name, level) VALUES (42486, 'kaugushüpe', 'SUBTOPIC');
INSERT INTO Subtopic(id, topic) VALUES (42486, 30251);
INSERT INTO Taxon(id, name, level) VALUES (42487, 'kõrgushüpe', 'SUBTOPIC');
INSERT INTO Subtopic(id, topic) VALUES (42487, 30251);
INSERT INTO Taxon(id, name, level) VALUES (42488, 'kestvusjooks', 'SUBTOPIC');
INSERT INTO Subtopic(id, topic) VALUES (42488, 30252);
INSERT INTO Taxon(id, name, level) VALUES (42489, 'kiirendusjooks', 'SUBTOPIC');
INSERT INTO Subtopic(id, topic) VALUES (42489, 30252);
INSERT INTO Taxon(id, name, level) VALUES (42490, 'madallähe', 'SUBTOPIC');
INSERT INTO Subtopic(id, topic) VALUES (42490, 30252);
INSERT INTO Taxon(id, name, level) VALUES (42491, 'põlve-_ja_sääretõstejooks', 'SUBTOPIC');
INSERT INTO Subtopic(id, topic) VALUES (42491, 30252);
INSERT INTO Taxon(id, name, level) VALUES (42492, 'ringteatejooks', 'SUBTOPIC');
INSERT INTO Subtopic(id, topic) VALUES (42492, 30252);
INSERT INTO Taxon(id, name, level) VALUES (42493, 'sprint', 'SUBTOPIC');
INSERT INTO Subtopic(id, topic) VALUES (42493, 30252);
INSERT INTO Taxon(id, name, level) VALUES (42494, 'kõnd_kandadel', 'SUBTOPIC');
INSERT INTO Subtopic(id, topic) VALUES (42494, 30253);
INSERT INTO Taxon(id, name, level) VALUES (42495, 'päkk-kõnd', 'SUBTOPIC');
INSERT INTO Subtopic(id, topic) VALUES (42495, 30253);
INSERT INTO Taxon(id, name, level) VALUES (42496, 'rivisamm,_võimlejasamm', 'SUBTOPIC');
INSERT INTO Subtopic(id, topic) VALUES (42496, 30253);
INSERT INTO Taxon(id, name, level) VALUES (42497, 'rühi_arengut_toetavad_harjutused', 'SUBTOPIC');
INSERT INTO Subtopic(id, topic) VALUES (42497, 30253);
INSERT INTO Taxon(id, name, level) VALUES (42498, 'jalgpall', 'SUBTOPIC');
INSERT INTO Subtopic(id, topic) VALUES (42498, 30254);
INSERT INTO Taxon(id, name, level) VALUES (42499, 'jooksu-_ja_hüppemängud', 'SUBTOPIC');
INSERT INTO Subtopic(id, topic) VALUES (42499, 30254);
INSERT INTO Taxon(id, name, level) VALUES (42500, 'korvpall', 'SUBTOPIC');
INSERT INTO Subtopic(id, topic) VALUES (42500, 30254);
INSERT INTO Taxon(id, name, level) VALUES (42501, 'liikumismängud', 'SUBTOPIC');
INSERT INTO Subtopic(id, topic) VALUES (42501, 30254);
INSERT INTO Taxon(id, name, level) VALUES (42502, 'mängu-_ja_spordivahendid', 'SUBTOPIC');
INSERT INTO Subtopic(id, topic) VALUES (42502, 30254);
INSERT INTO Taxon(id, name, level) VALUES (42503, 'mängureeglid', 'SUBTOPIC');
INSERT INTO Subtopic(id, topic) VALUES (42503, 30254);
INSERT INTO Taxon(id, name, level) VALUES (42504, 'pallimängud', 'SUBTOPIC');
INSERT INTO Subtopic(id, topic) VALUES (42504, 30254);
INSERT INTO Taxon(id, name, level) VALUES (42505, 'rahvastepall', 'SUBTOPIC');
INSERT INTO Subtopic(id, topic) VALUES (42505, 30254);
INSERT INTO Taxon(id, name, level) VALUES (42506, 'teatevõistlused', 'SUBTOPIC');
INSERT INTO Subtopic(id, topic) VALUES (42506, 30254);
INSERT INTO Taxon(id, name, level) VALUES (42507, 'võistlusmängud', 'SUBTOPIC');
INSERT INTO Subtopic(id, topic) VALUES (42507, 30254);
INSERT INTO Taxon(id, name, level) VALUES (42508, 'võrkpall', 'SUBTOPIC');
INSERT INTO Subtopic(id, topic) VALUES (42508, 30254);
INSERT INTO Taxon(id, name, level) VALUES (42509, 'asimuut', 'SUBTOPIC');
INSERT INTO Subtopic(id, topic) VALUES (42509, 30255);
INSERT INTO Taxon(id, name, level) VALUES (42510, 'asukoha_määramine', 'SUBTOPIC');
INSERT INTO Subtopic(id, topic) VALUES (42510, 30255);
INSERT INTO Taxon(id, name, level) VALUES (42511, 'joonorientiir', 'SUBTOPIC');
INSERT INTO Subtopic(id, topic) VALUES (42511, 30255);
INSERT INTO Taxon(id, name, level) VALUES (42512, 'kaardi_mõõtkava', 'SUBTOPIC');
INSERT INTO Subtopic(id, topic) VALUES (42512, 30255);
INSERT INTO Taxon(id, name, level) VALUES (42513, 'kompass', 'SUBTOPIC');
INSERT INTO Subtopic(id, topic) VALUES (42513, 30255);
INSERT INTO Taxon(id, name, level) VALUES (42514, 'leppemärgid', 'SUBTOPIC');
INSERT INTO Subtopic(id, topic) VALUES (42514, 30255);
INSERT INTO Taxon(id, name, level) VALUES (42515, 'maastikuobjektid', 'SUBTOPIC');
INSERT INTO Subtopic(id, topic) VALUES (42515, 30255);
INSERT INTO Taxon(id, name, level) VALUES (42516, 'märkesuusatamine', 'SUBTOPIC');
INSERT INTO Subtopic(id, topic) VALUES (42516, 30255);
INSERT INTO Taxon(id, name, level) VALUES (42517, 'rattaorienteerumine', 'SUBTOPIC');
INSERT INTO Subtopic(id, topic) VALUES (42517, 30255);
INSERT INTO Taxon(id, name, level) VALUES (42518, 'reljeefivormid', 'SUBTOPIC');
INSERT INTO Subtopic(id, topic) VALUES (42518, 30255);
INSERT INTO Taxon(id, name, level) VALUES (42519, 'suund-_ja_valikorienteerumine', 'SUBTOPIC');
INSERT INTO Subtopic(id, topic) VALUES (42519, 30255);
INSERT INTO Taxon(id, name, level) VALUES (42520, 'aeroobika', 'SUBTOPIC');
INSERT INTO Subtopic(id, topic) VALUES (42520, 30256);
INSERT INTO Taxon(id, name, level) VALUES (42521, 'harjutused_kätele,_kerele,_jalgade_põhiasendiga', 'SUBTOPIC');
INSERT INTO Subtopic(id, topic) VALUES (42521, 30256);
INSERT INTO Taxon(id, name, level) VALUES (42522, 'harjutused_vahenditega', 'SUBTOPIC');
INSERT INTO Subtopic(id, topic) VALUES (42522, 30256);
INSERT INTO Taxon(id, name, level) VALUES (42523, 'iluvõimlemine', 'SUBTOPIC');
INSERT INTO Subtopic(id, topic) VALUES (42523, 30256);
INSERT INTO Taxon(id, name, level) VALUES (42524, 'jõu-,_venitus-,lõdvestusharjutused', 'SUBTOPIC');
INSERT INTO Subtopic(id, topic) VALUES (42524, 30256);
INSERT INTO Taxon(id, name, level) VALUES (42525, 'hooglemine_rööbaspuudel', 'SUBTOPIC');
INSERT INTO Subtopic(id, topic) VALUES (42525, 30257);
INSERT INTO Taxon(id, name, level) VALUES (42526, 'kahe-_ja_kolmevõtteline_ronimine', 'SUBTOPIC');
INSERT INTO Subtopic(id, topic) VALUES (42526, 30257);
INSERT INTO Taxon(id, name, level) VALUES (42527, 'rippseis,_ripped,_toengud', 'SUBTOPIC');
INSERT INTO Subtopic(id, topic) VALUES (42527, 30257);
INSERT INTO Taxon(id, name, level) VALUES (42528, 'ronimine_varbseinal,_kaldpingil', 'SUBTOPIC');
INSERT INTO Subtopic(id, topic) VALUES (42528, 30257);
INSERT INTO Taxon(id, name, level) VALUES (42529, 'antiikolümpiamängud', 'SUBTOPIC');
INSERT INTO Subtopic(id, topic) VALUES (42529, 30258);
INSERT INTO Taxon(id, name, level) VALUES (42530, 'aus_mäng', 'SUBTOPIC');
INSERT INTO Subtopic(id, topic) VALUES (42530, 30258);
INSERT INTO Taxon(id, name, level) VALUES (42531, 'Eesti_ja_maailma_spordiüritused', 'SUBTOPIC');
INSERT INTO Subtopic(id, topic) VALUES (42531, 30258);
INSERT INTO Taxon(id, name, level) VALUES (42532, 'Eesti_sportlased', 'SUBTOPIC');
INSERT INTO Subtopic(id, topic) VALUES (42532, 30258);
INSERT INTO Taxon(id, name, level) VALUES (42533, 'enesekontroll_iseseisvalt_treenides', 'SUBTOPIC');
INSERT INTO Subtopic(id, topic) VALUES (42533, 30258);
INSERT INTO Taxon(id, name, level) VALUES (42534, 'esmaabivõtted', 'SUBTOPIC');
INSERT INTO Subtopic(id, topic) VALUES (42534, 30258);
INSERT INTO Taxon(id, name, level) VALUES (42535, 'hügieenireeglid', 'SUBTOPIC');
INSERT INTO Subtopic(id, topic) VALUES (42535, 30258);
INSERT INTO Taxon(id, name, level) VALUES (42536, 'kohtunikutegevus', 'SUBTOPIC');
INSERT INTO Subtopic(id, topic) VALUES (42536, 30258);
INSERT INTO Taxon(id, name, level) VALUES (42537, 'käitumisreeglid_tunnis', 'SUBTOPIC');
INSERT INTO Subtopic(id, topic) VALUES (42537, 30258);
INSERT INTO Taxon(id, name, level) VALUES (42538, 'ohtutu_liikumine', 'SUBTOPIC');
INSERT INTO Subtopic(id, topic) VALUES (42538, 30258);
INSERT INTO Taxon(id, name, level) VALUES (42539, 'spordialad', 'SUBTOPIC');
INSERT INTO Subtopic(id, topic) VALUES (42539, 30258);
INSERT INTO Taxon(id, name, level) VALUES (42540, 'tantsupidu', 'SUBTOPIC');
INSERT INTO Subtopic(id, topic) VALUES (42540, 30258);
INSERT INTO Taxon(id, name, level) VALUES (42541, 'võistlusmäärused', 'SUBTOPIC');
INSERT INTO Subtopic(id, topic) VALUES (42541, 30258);
INSERT INTO Taxon(id, name, level) VALUES (42542, 'kepihoie', 'SUBTOPIC');
INSERT INTO Subtopic(id, topic) VALUES (42542, 30259);
INSERT INTO Taxon(id, name, level) VALUES (42543, 'kukkumine_ja_tõusmine', 'SUBTOPIC');
INSERT INTO Subtopic(id, topic) VALUES (42543, 30259);
INSERT INTO Taxon(id, name, level) VALUES (42544, 'laskumine_põhiasendis', 'SUBTOPIC');
INSERT INTO Subtopic(id, topic) VALUES (42544, 30259);
INSERT INTO Taxon(id, name, level) VALUES (42545, 'paaristõukeline_sammuta_sõiduviis', 'SUBTOPIC');
INSERT INTO Subtopic(id, topic) VALUES (42545, 30259);
INSERT INTO Taxon(id, name, level) VALUES (42546, 'sahkpidurdus', 'SUBTOPIC');
INSERT INTO Subtopic(id, topic) VALUES (42546, 30259);
INSERT INTO Taxon(id, name, level) VALUES (42547, 'suusahooldus', 'SUBTOPIC');
INSERT INTO Subtopic(id, topic) VALUES (42547, 30259);
INSERT INTO Taxon(id, name, level) VALUES (42548, 'suuskade_kinnitamine,_pakkimine,_kandmine', 'SUBTOPIC');
INSERT INTO Subtopic(id, topic) VALUES (42548, 30259);
INSERT INTO Taxon(id, name, level) VALUES (42549, 'teatesuusatamine', 'SUBTOPIC');
INSERT INTO Subtopic(id, topic) VALUES (42549, 30259);
INSERT INTO Taxon(id, name, level) VALUES (42550, 'trepptõus,_käärtõus', 'SUBTOPIC');
INSERT INTO Subtopic(id, topic) VALUES (42550, 30259);
INSERT INTO Taxon(id, name, level) VALUES (42551, 'uisusamm', 'SUBTOPIC');
INSERT INTO Subtopic(id, topic) VALUES (42551, 30259);
INSERT INTO Taxon(id, name, level) VALUES (42552, 'uisusammpööre,_poolsahkpööre,_poolsahkpidurdus', 'SUBTOPIC');
INSERT INTO Subtopic(id, topic) VALUES (42552, 30259);
INSERT INTO Taxon(id, name, level) VALUES (42553, 'vahelduvtõukeline_kahesammuline_sõiduviis', 'SUBTOPIC');
INSERT INTO Subtopic(id, topic) VALUES (42553, 30259);
INSERT INTO Taxon(id, name, level) VALUES (42554, 'eesti_pärimus-_ja_autoritantsud', 'SUBTOPIC');
INSERT INTO Subtopic(id, topic) VALUES (42554, 30260);
INSERT INTO Taxon(id, name, level) VALUES (42555, 'laulumängud', 'SUBTOPIC');
INSERT INTO Subtopic(id, topic) VALUES (42555, 30260);
INSERT INTO Taxon(id, name, level) VALUES (42556, 'liikumine_ruumis', 'SUBTOPIC');
INSERT INTO Subtopic(id, topic) VALUES (42556, 30260);
INSERT INTO Taxon(id, name, level) VALUES (42557, 'pärimustantsud', 'SUBTOPIC');
INSERT INTO Subtopic(id, topic) VALUES (42557, 30260);
INSERT INTO Taxon(id, name, level) VALUES (42558, 'rahvaste_tantsud', 'SUBTOPIC');
INSERT INTO Subtopic(id, topic) VALUES (42558, 30260);
INSERT INTO Taxon(id, name, level) VALUES (42559, 'rütmi-_ja_koordinatsiooniharjutused', 'SUBTOPIC');
INSERT INTO Subtopic(id, topic) VALUES (42559, 30260);
INSERT INTO Taxon(id, name, level) VALUES (42560, 'tants_kui_sport', 'SUBTOPIC');
INSERT INTO Subtopic(id, topic) VALUES (42560, 30260);
INSERT INTO Taxon(id, name, level) VALUES (42561, 'hark-_või_kägarhüpe', 'SUBTOPIC');
INSERT INTO Subtopic(id, topic) VALUES (42561, 30261);
INSERT INTO Taxon(id, name, level) VALUES (42562, 'liikumine_joonel,_pingil_poomil', 'SUBTOPIC');
INSERT INTO Subtopic(id, topic) VALUES (42562, 30261);
INSERT INTO Taxon(id, name, level) VALUES (42563, 'pöörded,_mahahüpped', 'SUBTOPIC');
INSERT INTO Subtopic(id, topic) VALUES (42563, 30261);
INSERT INTO Taxon(id, name, level) VALUES (42564, 'sirutus-mahahüpe', 'SUBTOPIC');
INSERT INTO Subtopic(id, topic) VALUES (42564, 30261);
INSERT INTO Taxon(id, name, level) VALUES (42565, 'toenghüpe', 'SUBTOPIC');
INSERT INTO Subtopic(id, topic) VALUES (42565, 30261);
INSERT INTO Taxon(id, name, level) VALUES (42566, 'jäähoki', 'SUBTOPIC');
INSERT INTO Subtopic(id, topic) VALUES (42566, 30262);
INSERT INTO Taxon(id, name, level) VALUES (42567, 'kestvusuisutamine', 'SUBTOPIC');
INSERT INTO Subtopic(id, topic) VALUES (42567, 30262);
INSERT INTO Taxon(id, name, level) VALUES (42568, 'kõnd_ja_libisemine', 'SUBTOPIC');
INSERT INTO Subtopic(id, topic) VALUES (42568, 30262);
INSERT INTO Taxon(id, name, level) VALUES (42569, 'käte_ja_jalgade_töö', 'SUBTOPIC');
INSERT INTO Subtopic(id, topic) VALUES (42569, 30262);
INSERT INTO Taxon(id, name, level) VALUES (42570, 'ringette', 'SUBTOPIC');
INSERT INTO Subtopic(id, topic) VALUES (42570, 30262);
INSERT INTO Taxon(id, name, level) VALUES (42571, 'sahkpidurdus', 'SUBTOPIC');
INSERT INTO Subtopic(id, topic) VALUES (42571, 30262);
INSERT INTO Taxon(id, name, level) VALUES (42572, 'sõidu_alustamine,_lõpetamine', 'SUBTOPIC');
INSERT INTO Subtopic(id, topic) VALUES (42572, 30262);
INSERT INTO Taxon(id, name, level) VALUES (42573, 'tagurpidisõit', 'SUBTOPIC');
INSERT INTO Subtopic(id, topic) VALUES (42573, 30262);
INSERT INTO Taxon(id, name, level) VALUES (42574, 'uiskude_kandmine', 'SUBTOPIC');
INSERT INTO Subtopic(id, topic) VALUES (42574, 30262);
INSERT INTO Taxon(id, name, level) VALUES (42575, 'ülejalasõit', 'SUBTOPIC');
INSERT INTO Subtopic(id, topic) VALUES (42575, 30262);
INSERT INTO Taxon(id, name, level) VALUES (42576, 'hügieeninõuded', 'SUBTOPIC');
INSERT INTO Subtopic(id, topic) VALUES (42576, 30263);
INSERT INTO Taxon(id, name, level) VALUES (42577, 'ohutusnõuded', 'SUBTOPIC');
INSERT INTO Subtopic(id, topic) VALUES (42577, 30263);
INSERT INTO Taxon(id, name, level) VALUES (42578, 'rinnuli-_ja_seliliujumine', 'SUBTOPIC');
INSERT INTO Subtopic(id, topic) VALUES (42578, 30263);
INSERT INTO Taxon(id, name, level) VALUES (42579, 'kettaheide', 'SUBTOPIC');
INSERT INTO Subtopic(id, topic) VALUES (42579, 30264);
INSERT INTO Taxon(id, name, level) VALUES (42580, 'kuulitõuge', 'SUBTOPIC');
INSERT INTO Subtopic(id, topic) VALUES (42580, 30264);
INSERT INTO Taxon(id, name, level) VALUES (42581, 'odavise', 'SUBTOPIC');
INSERT INTO Subtopic(id, topic) VALUES (42581, 30264);
INSERT INTO Taxon(id, name, level) VALUES (42582, 'pallivise_paigalt,_jooksult', 'SUBTOPIC');
INSERT INTO Subtopic(id, topic) VALUES (42582, 30264);
INSERT INTO Taxon(id, name, level) VALUES (42583, 'tennisepallivise', 'SUBTOPIC');
INSERT INTO Subtopic(id, topic) VALUES (42583, 30264);
INSERT INTO Taxon(id, name, level) VALUES (42584, 'viskepalli_hoie', 'SUBTOPIC');
INSERT INTO Subtopic(id, topic) VALUES (42584, 30264);
INSERT INTO Taxon(id, name, level) VALUES (42585, 'harvenemine,_koondumine', 'SUBTOPIC');
INSERT INTO Subtopic(id, topic) VALUES (42585, 30265);
INSERT INTO Taxon(id, name, level) VALUES (42586, 'jagunemine,_liitumine', 'SUBTOPIC');
INSERT INTO Subtopic(id, topic) VALUES (42586, 30265);
INSERT INTO Taxon(id, name, level) VALUES (42587, 'kolonn', 'SUBTOPIC');
INSERT INTO Subtopic(id, topic) VALUES (42587, 30265);
INSERT INTO Taxon(id, name, level) VALUES (42588, 'kujundliikumised', 'SUBTOPIC');
INSERT INTO Subtopic(id, topic) VALUES (42588, 30265);
INSERT INTO Taxon(id, name, level) VALUES (42589, 'lahknemkine,_ühinemine', 'SUBTOPIC');
INSERT INTO Subtopic(id, topic) VALUES (42589, 30265);
INSERT INTO Taxon(id, name, level) VALUES (42590, 'loendamine', 'SUBTOPIC');
INSERT INTO Subtopic(id, topic) VALUES (42590, 30265);
INSERT INTO Taxon(id, name, level) VALUES (42591, 'lõdvestamine_ja_vetrumine', 'SUBTOPIC');
INSERT INTO Subtopic(id, topic) VALUES (42591, 30265);
INSERT INTO Taxon(id, name, level) VALUES (42592, 'pöörded_paigal,_ristlemine', 'SUBTOPIC');
INSERT INTO Subtopic(id, topic) VALUES (42592, 30265);
INSERT INTO Taxon(id, name, level) VALUES (42593, 'rivi-_ja_korraharjutused', 'SUBTOPIC');
INSERT INTO Subtopic(id, topic) VALUES (42593, 30265);
INSERT INTO Taxon(id, name, level) VALUES (42594, 'rühiharjutused', 'SUBTOPIC');
INSERT INTO Subtopic(id, topic) VALUES (42594, 30265);
INSERT INTO Taxon(id, name, level) VALUES (42595, 'viirg', 'SUBTOPIC');
INSERT INTO Subtopic(id, topic) VALUES (42595, 30265);
INSERT INTO Taxon(id, name, level) VALUES (42596, 'harki-,_käärihüplemine', 'SUBTOPIC');
INSERT INTO Subtopic(id, topic) VALUES (42596, 30266);
INSERT INTO Taxon(id, name, level) VALUES (42597, 'hüpits', 'SUBTOPIC');
INSERT INTO Subtopic(id, topic) VALUES (42597, 30266);
INSERT INTO Taxon(id, name, level) VALUES (42598, 'koordinatsiooniharjutused', 'SUBTOPIC');
INSERT INTO Subtopic(id, topic) VALUES (42598, 30266);
INSERT INTO Taxon(id, name, level) VALUES (42599, 'lood_religioossetest_traditsioonidest', 'SUBTOPIC');
INSERT INTO Subtopic(id, topic) VALUES (42599, 30267);
INSERT INTO Taxon(id, name, level) VALUES (42600, 'pühad_ja_traditsioonid', 'SUBTOPIC');
INSERT INTO Subtopic(id, topic) VALUES (42600, 30267);
INSERT INTO Taxon(id, name, level) VALUES (42601, 'väärtuskasvatus', 'SUBTOPIC');
INSERT INTO Subtopic(id, topic) VALUES (42601, 30267);
INSERT INTO Taxon(id, name, level) VALUES (42602, 'eetika_alused', 'SUBTOPIC');
INSERT INTO Subtopic(id, topic) VALUES (42602, 30268);
INSERT INTO Taxon(id, name, level) VALUES (42603, 'eetika_kesksed_küsimused', 'SUBTOPIC');
INSERT INTO Subtopic(id, topic) VALUES (42603, 30268);
INSERT INTO Taxon(id, name, level) VALUES (42604, 'väärtused,_mina_ja_teised_inimesed', 'SUBTOPIC');
INSERT INTO Subtopic(id, topic) VALUES (42604, 30268);
INSERT INTO Taxon(id, name, level) VALUES (42605, 'erinevad_religioonid', 'SUBTOPIC');
INSERT INTO Subtopic(id, topic) VALUES (42605, 30269);
INSERT INTO Taxon(id, name, level) VALUES (42606, 'sissejuhatavad_probleemid', 'SUBTOPIC');
INSERT INTO Subtopic(id, topic) VALUES (42606, 30269);
INSERT INTO Taxon(id, name, level) VALUES (42607, 'esitluse_koostamine', 'SUBTOPIC');
INSERT INTO Subtopic(id, topic) VALUES (42607, 30270);
INSERT INTO Taxon(id, name, level) VALUES (42608, 'failide_haldamine', 'SUBTOPIC');
INSERT INTO Subtopic(id, topic) VALUES (42608, 30270);
INSERT INTO Taxon(id, name, level) VALUES (42609, 'infootsing', 'SUBTOPIC');
INSERT INTO Subtopic(id, topic) VALUES (42609, 30270);
INSERT INTO Taxon(id, name, level) VALUES (42610, 'referaadi_vormindamine', 'SUBTOPIC');
INSERT INTO Subtopic(id, topic) VALUES (42610, 30270);
INSERT INTO Taxon(id, name, level) VALUES (42611, 'sissejuhatus_tekstitöötlusse', 'SUBTOPIC');
INSERT INTO Subtopic(id, topic) VALUES (42611, 30270);
INSERT INTO Taxon(id, name, level) VALUES (42612, 'töö_andmetega', 'SUBTOPIC');
INSERT INTO Subtopic(id, topic) VALUES (42612, 30270);
INSERT INTO Taxon(id, name, level) VALUES (42613, 'arendusprojekt', 'SUBTOPIC');
INSERT INTO Subtopic(id, topic) VALUES (42613, 30271);
INSERT INTO Taxon(id, name, level) VALUES (42614, 'e-riik_ja_e-teenused', 'SUBTOPIC');
INSERT INTO Subtopic(id, topic) VALUES (42614, 30271);
INSERT INTO Taxon(id, name, level) VALUES (42615, 'internet_suhtlus-_ja_töökeskkonnana', 'SUBTOPIC');
INSERT INTO Subtopic(id, topic) VALUES (42615, 30271);
INSERT INTO Taxon(id, name, level) VALUES (42616, 'personaalne_õpikeskkond', 'SUBTOPIC');
INSERT INTO Subtopic(id, topic) VALUES (42616, 30271);
INSERT INTO Taxon(id, name, level) VALUES (42617, 'praktikakogukond', 'SUBTOPIC');
INSERT INTO Subtopic(id, topic) VALUES (42617, 30271);
INSERT INTO Taxon(id, name, level) VALUES (42618, 'sisutootmine', 'SUBTOPIC');
INSERT INTO Subtopic(id, topic) VALUES (42618, 30271);

-- End of subtopics for Basic Education

-- Start of subtopics for Secondary Education



INSERT INTO Taxon(id, name, level) VALUES (60000, 'eesti_keel_ja_teised_keeled', 'SUBTOPIC');
INSERT INTO Subtopic(id, topic) VALUES (60000, 50000);
INSERT INTO Taxon(id, name, level) VALUES (60001, 'eesti_keele_eripära', 'SUBTOPIC');
INSERT INTO Subtopic(id, topic) VALUES (60001, 50000);
INSERT INTO Taxon(id, name, level) VALUES (60002, 'eesti_keele_tulevik', 'SUBTOPIC');
INSERT INTO Subtopic(id, topic) VALUES (60002, 50000);
INSERT INTO Taxon(id, name, level) VALUES (60003, 'Eesti_mitmekeelsus', 'SUBTOPIC');
INSERT INTO Subtopic(id, topic) VALUES (60003, 50000);
INSERT INTO Taxon(id, name, level) VALUES (60004, 'keel_kui_märgisüsteem', 'SUBTOPIC');
INSERT INTO Subtopic(id, topic) VALUES (60004, 50000);
INSERT INTO Taxon(id, name, level) VALUES (60005, 'keele_ülesanded', 'SUBTOPIC');
INSERT INTO Subtopic(id, topic) VALUES (60005, 50000);
INSERT INTO Taxon(id, name, level) VALUES (60006, 'kirjakeele_kujunemine', 'SUBTOPIC');
INSERT INTO Subtopic(id, topic) VALUES (60006, 50000);
INSERT INTO Taxon(id, name, level) VALUES (60007, 'fakt_ja_arvamus', 'SUBTOPIC');
INSERT INTO Subtopic(id, topic) VALUES (60007, 50001);
INSERT INTO Taxon(id, name, level) VALUES (60008, 'kommunikatsioon_ja_meedia', 'SUBTOPIC');
INSERT INTO Subtopic(id, topic) VALUES (60008, 50001);
INSERT INTO Taxon(id, name, level) VALUES (60009, 'meedia_ja_mõjutamine', 'SUBTOPIC');
INSERT INTO Subtopic(id, topic) VALUES (60009, 50001);
INSERT INTO Taxon(id, name, level) VALUES (60010, 'meediažanrid', 'SUBTOPIC');
INSERT INTO Subtopic(id, topic) VALUES (60010, 50001);
INSERT INTO Taxon(id, name, level) VALUES (60011, 'reklaam', 'SUBTOPIC');
INSERT INTO Subtopic(id, topic) VALUES (60011, 50001);
INSERT INTO Taxon(id, name, level) VALUES (60012, 'tekstiliigid,_meediatekstid', 'SUBTOPIC');
INSERT INTO Subtopic(id, topic) VALUES (60012, 50001);
INSERT INTO Taxon(id, name, level) VALUES (60013, 'kirjutamine', 'SUBTOPIC');
INSERT INTO Subtopic(id, topic) VALUES (60013, 50002);
INSERT INTO Taxon(id, name, level) VALUES (60014, 'kuulamine', 'SUBTOPIC');
INSERT INTO Subtopic(id, topic) VALUES (60014, 50002);
INSERT INTO Taxon(id, name, level) VALUES (60015, 'lugemine', 'SUBTOPIC');
INSERT INTO Subtopic(id, topic) VALUES (60015, 50002);
INSERT INTO Taxon(id, name, level) VALUES (60016, 'rääkimine', 'SUBTOPIC');
INSERT INTO Subtopic(id, topic) VALUES (60016, 50002);
INSERT INTO Taxon(id, name, level) VALUES (60017, 'eesti_sõnavara_tähendus_ja_stiilijooned', 'SUBTOPIC');
INSERT INTO Subtopic(id, topic) VALUES (60017, 50003);
INSERT INTO Taxon(id, name, level) VALUES (60018, 'keele_erinevad_kasutusvaldkonnad', 'SUBTOPIC');
INSERT INTO Subtopic(id, topic) VALUES (60018, 50003);
INSERT INTO Taxon(id, name, level) VALUES (60019, 'stiil_ja_stilistika', 'SUBTOPIC');
INSERT INTO Subtopic(id, topic) VALUES (60019, 50003);
INSERT INTO Taxon(id, name, level) VALUES (60020, 'teadlik_kirjutamine', 'SUBTOPIC');
INSERT INTO Subtopic(id, topic) VALUES (60020, 50003);
INSERT INTO Taxon(id, name, level) VALUES (60021, 'teadustekst', 'SUBTOPIC');
INSERT INTO Subtopic(id, topic) VALUES (60021, 50003);
INSERT INTO Taxon(id, name, level) VALUES (60022, 'tekstide_võrdlev_analüüs', 'SUBTOPIC');
INSERT INTO Subtopic(id, topic) VALUES (60022, 50003);
INSERT INTO Taxon(id, name, level) VALUES (60023, 'keel_ja_kõne', 'SUBTOPIC');
INSERT INTO Subtopic(id, topic) VALUES (60023, 50013);
INSERT INTO Taxon(id, name, level) VALUES (60024, 'keel_ja_mõtlemine', 'SUBTOPIC');
INSERT INTO Subtopic(id, topic) VALUES (60024, 50013);
INSERT INTO Taxon(id, name, level) VALUES (60025, 'keel_ja_ühiskond', 'SUBTOPIC');
INSERT INTO Subtopic(id, topic) VALUES (60025, 50013);
INSERT INTO Taxon(id, name, level) VALUES (60026, 'keel_kui_märgisüsteem', 'SUBTOPIC');
INSERT INTO Subtopic(id, topic) VALUES (60026, 50013);
INSERT INTO Taxon(id, name, level) VALUES (60027, 'keel_kui_vaimsete_väärtuste_kandja', 'SUBTOPIC');
INSERT INTO Subtopic(id, topic) VALUES (60027, 50013);
INSERT INTO Taxon(id, name, level) VALUES (60028, 'keele_funktsioonid', 'SUBTOPIC');
INSERT INTO Subtopic(id, topic) VALUES (60028, 50013);
INSERT INTO Taxon(id, name, level) VALUES (60029, 'keelkonnad_ja_keelerühmad', 'SUBTOPIC');
INSERT INTO Subtopic(id, topic) VALUES (60029, 50013);
INSERT INTO Taxon(id, name, level) VALUES (60030, 'keelte_vastastikune_mõju', 'SUBTOPIC');
INSERT INTO Subtopic(id, topic) VALUES (60030, 50013);
INSERT INTO Taxon(id, name, level) VALUES (60031, 'kirjakeel,_žargoon,_dialektid', 'SUBTOPIC');
INSERT INTO Subtopic(id, topic) VALUES (60031, 50013);
INSERT INTO Taxon(id, name, level) VALUES (60032, 'vene_keel_Eestis', 'SUBTOPIC');
INSERT INTO Subtopic(id, topic) VALUES (60032, 50013);
INSERT INTO Taxon(id, name, level) VALUES (60033, 'vene_keele_arengutendentsid', 'SUBTOPIC');
INSERT INTO Subtopic(id, topic) VALUES (60033, 50013);
INSERT INTO Taxon(id, name, level) VALUES (60034, 'elektroonilised_väljaanded', 'SUBTOPIC');
INSERT INTO Subtopic(id, topic) VALUES (60034, 50014);
INSERT INTO Taxon(id, name, level) VALUES (60035, 'kirjalik_kõne', 'SUBTOPIC');
INSERT INTO Subtopic(id, topic) VALUES (60035, 50014);
INSERT INTO Taxon(id, name, level) VALUES (60036, 'kirjalike_tekstide_parandamine', 'SUBTOPIC');
INSERT INTO Subtopic(id, topic) VALUES (60036, 50014);
INSERT INTO Taxon(id, name, level) VALUES (60037, 'kirjalike_tekstide_tüübid', 'SUBTOPIC');
INSERT INTO Subtopic(id, topic) VALUES (60037, 50014);
INSERT INTO Taxon(id, name, level) VALUES (60038, 'publitsistlik_tekst', 'SUBTOPIC');
INSERT INTO Subtopic(id, topic) VALUES (60038, 50014);
INSERT INTO Taxon(id, name, level) VALUES (60039, 'tarbetekst', 'SUBTOPIC');
INSERT INTO Subtopic(id, topic) VALUES (60039, 50014);
INSERT INTO Taxon(id, name, level) VALUES (60040, 'teadustekst', 'SUBTOPIC');
INSERT INTO Subtopic(id, topic) VALUES (60040, 50014);
INSERT INTO Taxon(id, name, level) VALUES (60041, 'kirjakeele_normid', 'SUBTOPIC');
INSERT INTO Subtopic(id, topic) VALUES (60041, 50015);
INSERT INTO Taxon(id, name, level) VALUES (60042, 'kõne_põhiomadused', 'SUBTOPIC');
INSERT INTO Subtopic(id, topic) VALUES (60042, 50015);
INSERT INTO Taxon(id, name, level) VALUES (60043, 'kõne_rikkus_ja_mitmekesisus', 'SUBTOPIC');
INSERT INTO Subtopic(id, topic) VALUES (60043, 50015);
INSERT INTO Taxon(id, name, level) VALUES (60044, 'kõne_väljendusrikkus', 'SUBTOPIC');
INSERT INTO Subtopic(id, topic) VALUES (60044, 50015);
INSERT INTO Taxon(id, name, level) VALUES (60045, 'kõnekultuuri_põhimõisted', 'SUBTOPIC');
INSERT INTO Subtopic(id, topic) VALUES (60045, 50015);
INSERT INTO Taxon(id, name, level) VALUES (60046, 'vene_kõneetikett', 'SUBTOPIC');
INSERT INTO Subtopic(id, topic) VALUES (60046, 50015);
INSERT INTO Taxon(id, name, level) VALUES (60047, 'õigekeelsus', 'SUBTOPIC');
INSERT INTO Subtopic(id, topic) VALUES (60047, 50015);
INSERT INTO Taxon(id, name, level) VALUES (60048, 'eesliidete_õigekiri', 'SUBTOPIC');
INSERT INTO Subtopic(id, topic) VALUES (60048, 50016);
INSERT INTO Taxon(id, name, level) VALUES (60049, 'interpunktsioon', 'SUBTOPIC');
INSERT INTO Subtopic(id, topic) VALUES (60049, 50016);
INSERT INTO Taxon(id, name, level) VALUES (60050, 'jutumärgid', 'SUBTOPIC');
INSERT INTO Subtopic(id, topic) VALUES (60050, 50016);
INSERT INTO Taxon(id, name, level) VALUES (60051, 'kaashäälikute_õigekiri', 'SUBTOPIC');
INSERT INTO Subtopic(id, topic) VALUES (60051, 50016);
INSERT INTO Taxon(id, name, level) VALUES (60052, 'kirjavahemärgid', 'SUBTOPIC');
INSERT INTO Subtopic(id, topic) VALUES (60052, 50016);
INSERT INTO Taxon(id, name, level) VALUES (60053, 'käände-_ja_pöördelõppude_õigekiri', 'SUBTOPIC');
INSERT INTO Subtopic(id, topic) VALUES (60053, 50016);
INSERT INTO Taxon(id, name, level) VALUES (60054, 'määr-_ja_arvsõnade_õigekiri', 'SUBTOPIC');
INSERT INTO Subtopic(id, topic) VALUES (60054, 50016);
INSERT INTO Taxon(id, name, level) VALUES (60055, 'ortograafia', 'SUBTOPIC');
INSERT INTO Subtopic(id, topic) VALUES (60055, 50016);
INSERT INTO Taxon(id, name, level) VALUES (60056, 'sufiksite_õigekiri', 'SUBTOPIC');
INSERT INTO Subtopic(id, topic) VALUES (60056, 50016);
INSERT INTO Taxon(id, name, level) VALUES (60057, 'suurtähtede_õigekirjutus', 'SUBTOPIC');
INSERT INTO Subtopic(id, topic) VALUES (60057, 50016);
INSERT INTO Taxon(id, name, level) VALUES (60058, 'täishäälikute_õigekiri', 'SUBTOPIC');
INSERT INTO Subtopic(id, topic) VALUES (60058, 50016);
INSERT INTO Taxon(id, name, level) VALUES (60059, 'võrdlustarindid', 'SUBTOPIC');
INSERT INTO Subtopic(id, topic) VALUES (60059, 50016);
INSERT INTO Taxon(id, name, level) VALUES (60060, 'ametlik_suuline_kõne', 'SUBTOPIC');
INSERT INTO Subtopic(id, topic) VALUES (60060, 50017);
INSERT INTO Taxon(id, name, level) VALUES (60061, 'avalik_suuline_kõne', 'SUBTOPIC');
INSERT INTO Subtopic(id, topic) VALUES (60061, 50017);
INSERT INTO Taxon(id, name, level) VALUES (60062, 'dialoogid', 'SUBTOPIC');
INSERT INTO Subtopic(id, topic) VALUES (60062, 50017);
INSERT INTO Taxon(id, name, level) VALUES (60063, 'koosolek', 'SUBTOPIC');
INSERT INTO Subtopic(id, topic) VALUES (60063, 50017);
INSERT INTO Taxon(id, name, level) VALUES (60064, 'oraatorikõne', 'SUBTOPIC');
INSERT INTO Subtopic(id, topic) VALUES (60064, 50017);
INSERT INTO Taxon(id, name, level) VALUES (60065, 'suuline_kõne', 'SUBTOPIC');
INSERT INTO Subtopic(id, topic) VALUES (60065, 50017);
INSERT INTO Taxon(id, name, level) VALUES (60066, 'suuline_kõnekeel', 'SUBTOPIC');
INSERT INTO Subtopic(id, topic) VALUES (60066, 50017);
INSERT INTO Taxon(id, name, level) VALUES (60067, 'teadusliku_sisuga_suuline_kõne', 'SUBTOPIC');
INSERT INTO Subtopic(id, topic) VALUES (60067, 50017);
INSERT INTO Taxon(id, name, level) VALUES (60068, 'ajakirjandustekstid', 'SUBTOPIC');
INSERT INTO Subtopic(id, topic) VALUES (60068, 50018);
INSERT INTO Taxon(id, name, level) VALUES (60069, 'asjaajamistekstid', 'SUBTOPIC');
INSERT INTO Subtopic(id, topic) VALUES (60069, 50018);
INSERT INTO Taxon(id, name, level) VALUES (60070, 'grammatilised_sidususvahendid', 'SUBTOPIC');
INSERT INTO Subtopic(id, topic) VALUES (60070, 50018);
INSERT INTO Taxon(id, name, level) VALUES (60071, 'ilukirjandustekstid', 'SUBTOPIC');
INSERT INTO Subtopic(id, topic) VALUES (60071, 50018);
INSERT INTO Taxon(id, name, level) VALUES (60072, 'kõnekeel', 'SUBTOPIC');
INSERT INTO Subtopic(id, topic) VALUES (60072, 50018);
INSERT INTO Taxon(id, name, level) VALUES (60073, 'leksikaalsed_sidususvahendid', 'SUBTOPIC');
INSERT INTO Subtopic(id, topic) VALUES (60073, 50018);
INSERT INTO Taxon(id, name, level) VALUES (60074, 'mitteverbaalsed_osad_kirjalikus_tekstis', 'SUBTOPIC');
INSERT INTO Subtopic(id, topic) VALUES (60074, 50018);
INSERT INTO Taxon(id, name, level) VALUES (60075, 'teadustekstid', 'SUBTOPIC');
INSERT INTO Subtopic(id, topic) VALUES (60075, 50018);
INSERT INTO Taxon(id, name, level) VALUES (60076, 'teksti_formaalsed_ja_keelelised_tunnused', 'SUBTOPIC');
INSERT INTO Subtopic(id, topic) VALUES (60076, 50018);
INSERT INTO Taxon(id, name, level) VALUES (60077, 'teksti_funktsioneerimise_valdkonnad', 'SUBTOPIC');
INSERT INTO Subtopic(id, topic) VALUES (60077, 50018);
INSERT INTO Taxon(id, name, level) VALUES (60078, 'teksti_kommunikatiivne_suunitlus', 'SUBTOPIC');
INSERT INTO Subtopic(id, topic) VALUES (60078, 50018);
INSERT INTO Taxon(id, name, level) VALUES (60079, 'tekstiosade_suhete_vormistamine', 'SUBTOPIC');
INSERT INTO Subtopic(id, topic) VALUES (60079, 50018);
INSERT INTO Taxon(id, name, level) VALUES (60080, 'A1', 'SUBTOPIC');
INSERT INTO Subtopic(id, topic) VALUES (60080, 50028);
INSERT INTO Taxon(id, name, level) VALUES (60081, 'A2', 'SUBTOPIC');
INSERT INTO Subtopic(id, topic) VALUES (60081, 50028);
INSERT INTO Taxon(id, name, level) VALUES (60082, 'B1', 'SUBTOPIC');
INSERT INTO Subtopic(id, topic) VALUES (60082, 50028);
INSERT INTO Taxon(id, name, level) VALUES (60083, 'B2', 'SUBTOPIC');
INSERT INTO Subtopic(id, topic) VALUES (60083, 50028);
INSERT INTO Taxon(id, name, level) VALUES (60084, 'arvsõna', 'SUBTOPIC');
INSERT INTO Subtopic(id, topic) VALUES (60084, 50029);
INSERT INTO Taxon(id, name, level) VALUES (60085, 'asesõna', 'SUBTOPIC');
INSERT INTO Subtopic(id, topic) VALUES (60085, 50029);
INSERT INTO Taxon(id, name, level) VALUES (60086, 'eessõna', 'SUBTOPIC');
INSERT INTO Subtopic(id, topic) VALUES (60086, 50029);
INSERT INTO Taxon(id, name, level) VALUES (60087, 'lauseõpetus', 'SUBTOPIC');
INSERT INTO Subtopic(id, topic) VALUES (60087, 50029);
INSERT INTO Taxon(id, name, level) VALUES (60088, 'määrsõna', 'SUBTOPIC');
INSERT INTO Subtopic(id, topic) VALUES (60088, 50029);
INSERT INTO Taxon(id, name, level) VALUES (60089, 'nimisõna', 'SUBTOPIC');
INSERT INTO Subtopic(id, topic) VALUES (60089, 50029);
INSERT INTO Taxon(id, name, level) VALUES (60090, 'omadussõna', 'SUBTOPIC');
INSERT INTO Subtopic(id, topic) VALUES (60090, 50029);
INSERT INTO Taxon(id, name, level) VALUES (60091, 'sõnatuletus', 'SUBTOPIC');
INSERT INTO Subtopic(id, topic) VALUES (60091, 50029);
INSERT INTO Taxon(id, name, level) VALUES (60092, 'tegusõna', 'SUBTOPIC');
INSERT INTO Subtopic(id, topic) VALUES (60092, 50029);
INSERT INTO Taxon(id, name, level) VALUES (60093, 'kirjutamine', 'SUBTOPIC');
INSERT INTO Subtopic(id, topic) VALUES (60093, 50030);
INSERT INTO Taxon(id, name, level) VALUES (60094, 'kuulamine', 'SUBTOPIC');
INSERT INTO Subtopic(id, topic) VALUES (60094, 50030);
INSERT INTO Taxon(id, name, level) VALUES (60095, 'lugemine', 'SUBTOPIC');
INSERT INTO Subtopic(id, topic) VALUES (60095, 50030);
INSERT INTO Taxon(id, name, level) VALUES (60096, 'rääkimine', 'SUBTOPIC');
INSERT INTO Subtopic(id, topic) VALUES (60096, 50030);
INSERT INTO Taxon(id, name, level) VALUES (60097, 'A1', 'SUBTOPIC');
INSERT INTO Subtopic(id, topic) VALUES (60097, 50031);
INSERT INTO Taxon(id, name, level) VALUES (60098, 'A2', 'SUBTOPIC');
INSERT INTO Subtopic(id, topic) VALUES (60098, 50031);
INSERT INTO Taxon(id, name, level) VALUES (60099, 'B1', 'SUBTOPIC');
INSERT INTO Subtopic(id, topic) VALUES (60099, 50031);
INSERT INTO Taxon(id, name, level) VALUES (60100, 'B2', 'SUBTOPIC');
INSERT INTO Subtopic(id, topic) VALUES (60100, 50031);
INSERT INTO Taxon(id, name, level) VALUES (60101, 'arvsõna', 'SUBTOPIC');
INSERT INTO Subtopic(id, topic) VALUES (60101, 50032);
INSERT INTO Taxon(id, name, level) VALUES (60102, 'asesõna', 'SUBTOPIC');
INSERT INTO Subtopic(id, topic) VALUES (60102, 50032);
INSERT INTO Taxon(id, name, level) VALUES (60103, 'eessõna', 'SUBTOPIC');
INSERT INTO Subtopic(id, topic) VALUES (60103, 50032);
INSERT INTO Taxon(id, name, level) VALUES (60104, 'lauseõpetus', 'SUBTOPIC');
INSERT INTO Subtopic(id, topic) VALUES (60104, 50032);
INSERT INTO Taxon(id, name, level) VALUES (60105, 'määrsõna', 'SUBTOPIC');
INSERT INTO Subtopic(id, topic) VALUES (60105, 50032);
INSERT INTO Taxon(id, name, level) VALUES (60106, 'nimisõna', 'SUBTOPIC');
INSERT INTO Subtopic(id, topic) VALUES (60106, 50032);
INSERT INTO Taxon(id, name, level) VALUES (60107, 'omadussõna', 'SUBTOPIC');
INSERT INTO Subtopic(id, topic) VALUES (60107, 50032);
INSERT INTO Taxon(id, name, level) VALUES (60108, 'sõnatuletus', 'SUBTOPIC');
INSERT INTO Subtopic(id, topic) VALUES (60108, 50032);
INSERT INTO Taxon(id, name, level) VALUES (60109, 'tegusõna', 'SUBTOPIC');
INSERT INTO Subtopic(id, topic) VALUES (60109, 50032);
INSERT INTO Taxon(id, name, level) VALUES (60110, 'kirjutamine', 'SUBTOPIC');
INSERT INTO Subtopic(id, topic) VALUES (60110, 50033);
INSERT INTO Taxon(id, name, level) VALUES (60111, 'kuulamine', 'SUBTOPIC');
INSERT INTO Subtopic(id, topic) VALUES (60111, 50033);
INSERT INTO Taxon(id, name, level) VALUES (60112, 'lugemine', 'SUBTOPIC');
INSERT INTO Subtopic(id, topic) VALUES (60112, 50033);
INSERT INTO Taxon(id, name, level) VALUES (60113, 'rääkimine', 'SUBTOPIC');
INSERT INTO Subtopic(id, topic) VALUES (60113, 50033);
INSERT INTO Taxon(id, name, level) VALUES (60114, 'A1', 'SUBTOPIC');
INSERT INTO Subtopic(id, topic) VALUES (60114, 50034);
INSERT INTO Taxon(id, name, level) VALUES (60115, 'A2', 'SUBTOPIC');
INSERT INTO Subtopic(id, topic) VALUES (60115, 50034);
INSERT INTO Taxon(id, name, level) VALUES (60116, 'B1', 'SUBTOPIC');
INSERT INTO Subtopic(id, topic) VALUES (60116, 50034);
INSERT INTO Taxon(id, name, level) VALUES (60117, 'B2', 'SUBTOPIC');
INSERT INTO Subtopic(id, topic) VALUES (60117, 50034);
INSERT INTO Taxon(id, name, level) VALUES (60118, 'arvsõna', 'SUBTOPIC');
INSERT INTO Subtopic(id, topic) VALUES (60118, 50035);
INSERT INTO Taxon(id, name, level) VALUES (60119, 'asesõna', 'SUBTOPIC');
INSERT INTO Subtopic(id, topic) VALUES (60119, 50035);
INSERT INTO Taxon(id, name, level) VALUES (60120, 'eessõna', 'SUBTOPIC');
INSERT INTO Subtopic(id, topic) VALUES (60120, 50035);
INSERT INTO Taxon(id, name, level) VALUES (60121, 'lauseõpetus', 'SUBTOPIC');
INSERT INTO Subtopic(id, topic) VALUES (60121, 50035);
INSERT INTO Taxon(id, name, level) VALUES (60122, 'määrsõna', 'SUBTOPIC');
INSERT INTO Subtopic(id, topic) VALUES (60122, 50035);
INSERT INTO Taxon(id, name, level) VALUES (60123, 'nimisõna', 'SUBTOPIC');
INSERT INTO Subtopic(id, topic) VALUES (60123, 50035);
INSERT INTO Taxon(id, name, level) VALUES (60124, 'omadussõna', 'SUBTOPIC');
INSERT INTO Subtopic(id, topic) VALUES (60124, 50035);
INSERT INTO Taxon(id, name, level) VALUES (60125, 'sõnatuletus', 'SUBTOPIC');
INSERT INTO Subtopic(id, topic) VALUES (60125, 50035);
INSERT INTO Taxon(id, name, level) VALUES (60126, 'tegusõna', 'SUBTOPIC');
INSERT INTO Subtopic(id, topic) VALUES (60126, 50035);
INSERT INTO Taxon(id, name, level) VALUES (60127, 'kirjutamine', 'SUBTOPIC');
INSERT INTO Subtopic(id, topic) VALUES (60127, 50036);
INSERT INTO Taxon(id, name, level) VALUES (60128, 'kuulamine', 'SUBTOPIC');
INSERT INTO Subtopic(id, topic) VALUES (60128, 50036);
INSERT INTO Taxon(id, name, level) VALUES (60129, 'lugemine', 'SUBTOPIC');
INSERT INTO Subtopic(id, topic) VALUES (60129, 50036);
INSERT INTO Taxon(id, name, level) VALUES (60130, 'rääkimine', 'SUBTOPIC');
INSERT INTO Subtopic(id, topic) VALUES (60130, 50036);
INSERT INTO Taxon(id, name, level) VALUES (60131, 'A1', 'SUBTOPIC');
INSERT INTO Subtopic(id, topic) VALUES (60131, 50037);
INSERT INTO Taxon(id, name, level) VALUES (60132, 'A2', 'SUBTOPIC');
INSERT INTO Subtopic(id, topic) VALUES (60132, 50037);
INSERT INTO Taxon(id, name, level) VALUES (60133, 'B1', 'SUBTOPIC');
INSERT INTO Subtopic(id, topic) VALUES (60133, 50037);
INSERT INTO Taxon(id, name, level) VALUES (60134, 'B2', 'SUBTOPIC');
INSERT INTO Subtopic(id, topic) VALUES (60134, 50037);
INSERT INTO Taxon(id, name, level) VALUES (60135, 'arvsõna', 'SUBTOPIC');
INSERT INTO Subtopic(id, topic) VALUES (60135, 50038);
INSERT INTO Taxon(id, name, level) VALUES (60136, 'asesõna', 'SUBTOPIC');
INSERT INTO Subtopic(id, topic) VALUES (60136, 50038);
INSERT INTO Taxon(id, name, level) VALUES (60137, 'eessõna', 'SUBTOPIC');
INSERT INTO Subtopic(id, topic) VALUES (60137, 50038);
INSERT INTO Taxon(id, name, level) VALUES (60138, 'lauseõpetus', 'SUBTOPIC');
INSERT INTO Subtopic(id, topic) VALUES (60138, 50038);
INSERT INTO Taxon(id, name, level) VALUES (60139, 'määrsõna', 'SUBTOPIC');
INSERT INTO Subtopic(id, topic) VALUES (60139, 50038);
INSERT INTO Taxon(id, name, level) VALUES (60140, 'nimisõna', 'SUBTOPIC');
INSERT INTO Subtopic(id, topic) VALUES (60140, 50038);
INSERT INTO Taxon(id, name, level) VALUES (60141, 'omadussõna', 'SUBTOPIC');
INSERT INTO Subtopic(id, topic) VALUES (60141, 50038);
INSERT INTO Taxon(id, name, level) VALUES (60142, 'sõnatuletus', 'SUBTOPIC');
INSERT INTO Subtopic(id, topic) VALUES (60142, 50038);
INSERT INTO Taxon(id, name, level) VALUES (60143, 'tegusõna', 'SUBTOPIC');
INSERT INTO Subtopic(id, topic) VALUES (60143, 50038);
INSERT INTO Taxon(id, name, level) VALUES (60144, 'kirjutamine', 'SUBTOPIC');
INSERT INTO Subtopic(id, topic) VALUES (60144, 50039);
INSERT INTO Taxon(id, name, level) VALUES (60145, 'kuulamine', 'SUBTOPIC');
INSERT INTO Subtopic(id, topic) VALUES (60145, 50039);
INSERT INTO Taxon(id, name, level) VALUES (60146, 'lugemine', 'SUBTOPIC');
INSERT INTO Subtopic(id, topic) VALUES (60146, 50039);
INSERT INTO Taxon(id, name, level) VALUES (60147, 'rääkimine', 'SUBTOPIC');
INSERT INTO Subtopic(id, topic) VALUES (60147, 50039);
INSERT INTO Taxon(id, name, level) VALUES (60148, 'A1', 'SUBTOPIC');
INSERT INTO Subtopic(id, topic) VALUES (60148, 50040);
INSERT INTO Taxon(id, name, level) VALUES (60149, 'A2', 'SUBTOPIC');
INSERT INTO Subtopic(id, topic) VALUES (60149, 50040);
INSERT INTO Taxon(id, name, level) VALUES (60150, 'B1', 'SUBTOPIC');
INSERT INTO Subtopic(id, topic) VALUES (60150, 50040);
INSERT INTO Taxon(id, name, level) VALUES (60151, 'B2', 'SUBTOPIC');
INSERT INTO Subtopic(id, topic) VALUES (60151, 50040);
INSERT INTO Taxon(id, name, level) VALUES (60152, 'arvsõna', 'SUBTOPIC');
INSERT INTO Subtopic(id, topic) VALUES (60152, 50041);
INSERT INTO Taxon(id, name, level) VALUES (60153, 'asesõna', 'SUBTOPIC');
INSERT INTO Subtopic(id, topic) VALUES (60153, 50041);
INSERT INTO Taxon(id, name, level) VALUES (60154, 'eessõna', 'SUBTOPIC');
INSERT INTO Subtopic(id, topic) VALUES (60154, 50041);
INSERT INTO Taxon(id, name, level) VALUES (60155, 'lauseõpetus', 'SUBTOPIC');
INSERT INTO Subtopic(id, topic) VALUES (60155, 50041);
INSERT INTO Taxon(id, name, level) VALUES (60156, 'määrsõna', 'SUBTOPIC');
INSERT INTO Subtopic(id, topic) VALUES (60156, 50041);
INSERT INTO Taxon(id, name, level) VALUES (60157, 'nimisõna', 'SUBTOPIC');
INSERT INTO Subtopic(id, topic) VALUES (60157, 50041);
INSERT INTO Taxon(id, name, level) VALUES (60158, 'omadussõna', 'SUBTOPIC');
INSERT INTO Subtopic(id, topic) VALUES (60158, 50041);
INSERT INTO Taxon(id, name, level) VALUES (60159, 'sõnatuletus', 'SUBTOPIC');
INSERT INTO Subtopic(id, topic) VALUES (60159, 50041);
INSERT INTO Taxon(id, name, level) VALUES (60160, 'tegusõna', 'SUBTOPIC');
INSERT INTO Subtopic(id, topic) VALUES (60160, 50041);
INSERT INTO Taxon(id, name, level) VALUES (60161, 'kirjutamine', 'SUBTOPIC');
INSERT INTO Subtopic(id, topic) VALUES (60161, 50042);
INSERT INTO Taxon(id, name, level) VALUES (60162, 'kuulamine', 'SUBTOPIC');
INSERT INTO Subtopic(id, topic) VALUES (60162, 50042);
INSERT INTO Taxon(id, name, level) VALUES (60163, 'lugemine', 'SUBTOPIC');
INSERT INTO Subtopic(id, topic) VALUES (60163, 50042);
INSERT INTO Taxon(id, name, level) VALUES (60164, 'rääkimine', 'SUBTOPIC');
INSERT INTO Subtopic(id, topic) VALUES (60164, 50042);
INSERT INTO Taxon(id, name, level) VALUES (60165, 'aritmeetiline_jada', 'SUBTOPIC');
INSERT INTO Subtopic(id, topic) VALUES (60165, 50043);
INSERT INTO Taxon(id, name, level) VALUES (60166, 'arv_e_piirväärtusena', 'SUBTOPIC');
INSERT INTO Subtopic(id, topic) VALUES (60166, 50043);
INSERT INTO Taxon(id, name, level) VALUES (60167, 'arv_pii_piirväärtusena', 'SUBTOPIC');
INSERT INTO Subtopic(id, topic) VALUES (60167, 50043);
INSERT INTO Taxon(id, name, level) VALUES (60168, 'arvjada_mõiste', 'SUBTOPIC');
INSERT INTO Subtopic(id, topic) VALUES (60168, 50043);
INSERT INTO Taxon(id, name, level) VALUES (60169, 'arvjada_piirväärtus', 'SUBTOPIC');
INSERT INTO Subtopic(id, topic) VALUES (60169, 50043);
INSERT INTO Taxon(id, name, level) VALUES (60170, 'geomeetriline_jada', 'SUBTOPIC');
INSERT INTO Subtopic(id, topic) VALUES (60170, 50043);
INSERT INTO Taxon(id, name, level) VALUES (60171, 'hääbuv_geomeetriline_jada', 'SUBTOPIC');
INSERT INTO Subtopic(id, topic) VALUES (60171, 50043);
INSERT INTO Taxon(id, name, level) VALUES (60172, 'absoluutväärtus', 'SUBTOPIC');
INSERT INTO Subtopic(id, topic) VALUES (60172, 50044);
INSERT INTO Taxon(id, name, level) VALUES (60173, 'arvu_n-es_juur', 'SUBTOPIC');
INSERT INTO Subtopic(id, topic) VALUES (60173, 50044);
INSERT INTO Taxon(id, name, level) VALUES (60174, 'irratsionaalarvud', 'SUBTOPIC');
INSERT INTO Subtopic(id, topic) VALUES (60174, 50044);
INSERT INTO Taxon(id, name, level) VALUES (60175, 'naturaal-,_täis-_ja_ratsionaalarvud', 'SUBTOPIC');
INSERT INTO Subtopic(id, topic) VALUES (60175, 50044);
INSERT INTO Taxon(id, name, level) VALUES (60176, 'ratsionaalarvulise_astendajaga_aste', 'SUBTOPIC');
INSERT INTO Subtopic(id, topic) VALUES (60176, 50044);
INSERT INTO Taxon(id, name, level) VALUES (60177, 'ratsionaalavaldised', 'SUBTOPIC');
INSERT INTO Subtopic(id, topic) VALUES (60177, 50044);
INSERT INTO Taxon(id, name, level) VALUES (60178, 'reaalarvud', 'SUBTOPIC');
INSERT INTO Subtopic(id, topic) VALUES (60178, 50044);
INSERT INTO Taxon(id, name, level) VALUES (60179, 'tehted_astmete_ja_juurtega', 'SUBTOPIC');
INSERT INTO Subtopic(id, topic) VALUES (60179, 50044);
INSERT INTO Taxon(id, name, level) VALUES (60180, 'täis-_ja_ratsionaalarvuline_astendaja', 'SUBTOPIC');
INSERT INTO Subtopic(id, topic) VALUES (60180, 50044);
INSERT INTO Taxon(id, name, level) VALUES (60181, 'alg-_ja_kordarvud', 'SUBTOPIC');
INSERT INTO Subtopic(id, topic) VALUES (60181, 50045);
INSERT INTO Taxon(id, name, level) VALUES (60182, 'aritmeetika_põhiteoreem', 'SUBTOPIC');
INSERT INTO Subtopic(id, topic) VALUES (60182, 50045);
INSERT INTO Taxon(id, name, level) VALUES (60183, 'arvude_kordsed_ja_tegurid', 'SUBTOPIC');
INSERT INTO Subtopic(id, topic) VALUES (60183, 50045);
INSERT INTO Taxon(id, name, level) VALUES (60184, 'arvusüsteemid', 'SUBTOPIC');
INSERT INTO Subtopic(id, topic) VALUES (60184, 50045);
INSERT INTO Taxon(id, name, level) VALUES (60185, 'diofantilised_võrrandid', 'SUBTOPIC');
INSERT INTO Subtopic(id, topic) VALUES (60185, 50045);
INSERT INTO Taxon(id, name, level) VALUES (60186, 'Eukleidese_algortim', 'SUBTOPIC');
INSERT INTO Subtopic(id, topic) VALUES (60186, 50045);
INSERT INTO Taxon(id, name, level) VALUES (60187, 'huvitavad_arvud', 'SUBTOPIC');
INSERT INTO Subtopic(id, topic) VALUES (60187, 50045);
INSERT INTO Taxon(id, name, level) VALUES (60188, 'jaguvusseos', 'SUBTOPIC');
INSERT INTO Subtopic(id, topic) VALUES (60188, 50045);
INSERT INTO Taxon(id, name, level) VALUES (60189, 'jaguvustunnused', 'SUBTOPIC');
INSERT INTO Subtopic(id, topic) VALUES (60189, 50045);
INSERT INTO Taxon(id, name, level) VALUES (60190, 'jäägiga_jagamine', 'SUBTOPIC');
INSERT INTO Subtopic(id, topic) VALUES (60190, 50045);
INSERT INTO Taxon(id, name, level) VALUES (60191, 'kanooniline_esitus', 'SUBTOPIC');
INSERT INTO Subtopic(id, topic) VALUES (60191, 50045);
INSERT INTO Taxon(id, name, level) VALUES (60192, 'kongruentsid', 'SUBTOPIC');
INSERT INTO Subtopic(id, topic) VALUES (60192, 50045);
INSERT INTO Taxon(id, name, level) VALUES (60193, 'matemaatiline_induktsioon', 'SUBTOPIC');
INSERT INTO Subtopic(id, topic) VALUES (60193, 50045);
INSERT INTO Taxon(id, name, level) VALUES (60194, 'ratsionaalarv_ahelmurruna', 'SUBTOPIC');
INSERT INTO Subtopic(id, topic) VALUES (60194, 50045);
INSERT INTO Taxon(id, name, level) VALUES (60195, 'suurim_ühistegur,_vähim_ühiskordne', 'SUBTOPIC');
INSERT INTO Subtopic(id, topic) VALUES (60195, 50045);
INSERT INTO Taxon(id, name, level) VALUES (60196, 'täisarvu_esitus', 'SUBTOPIC');
INSERT INTO Subtopic(id, topic) VALUES (60196, 50045);
INSERT INTO Taxon(id, name, level) VALUES (60197, 'täisarvude_jaguvus,_jäägid', 'SUBTOPIC');
INSERT INTO Subtopic(id, topic) VALUES (60197, 50045);
INSERT INTO Taxon(id, name, level) VALUES (60198, 'Dirichlet\'_printsiip', 'SUBTOPIC');
INSERT INTO Subtopic(id, topic) VALUES (60198, 50046);
INSERT INTO Taxon(id, name, level) VALUES (60199, 'graafiteooria', 'SUBTOPIC');
INSERT INTO Subtopic(id, topic) VALUES (60199, 50046);
INSERT INTO Taxon(id, name, level) VALUES (60200, 'invariandid', 'SUBTOPIC');
INSERT INTO Subtopic(id, topic) VALUES (60200, 50046);
INSERT INTO Taxon(id, name, level) VALUES (60201, 'kombinatoorika', 'SUBTOPIC');
INSERT INTO Subtopic(id, topic) VALUES (60201, 50046);
INSERT INTO Taxon(id, name, level) VALUES (60202, 'loogikaülesanded', 'SUBTOPIC');
INSERT INTO Subtopic(id, topic) VALUES (60202, 50046);
INSERT INTO Taxon(id, name, level) VALUES (60203, 'matemaatiline_induktsioon', 'SUBTOPIC');
INSERT INTO Subtopic(id, topic) VALUES (60203, 50046);
INSERT INTO Taxon(id, name, level) VALUES (60204, 'astmefunktsiooni_tuletis', 'SUBTOPIC');
INSERT INTO Subtopic(id, topic) VALUES (60204, 50047);
INSERT INTO Taxon(id, name, level) VALUES (60205, 'eksponent-_ja_logaritmfunktsiooni_tuletis', 'SUBTOPIC');
INSERT INTO Subtopic(id, topic) VALUES (60205, 50047);
INSERT INTO Taxon(id, name, level) VALUES (60206, 'ekstreemumülesanded', 'SUBTOPIC');
INSERT INTO Subtopic(id, topic) VALUES (60206, 50047);
INSERT INTO Taxon(id, name, level) VALUES (60207, 'funktsiooni_teine_tuletis', 'SUBTOPIC');
INSERT INTO Subtopic(id, topic) VALUES (60207, 50047);
INSERT INTO Taxon(id, name, level) VALUES (60208, 'funktsiooni_tuletise_geomeetriline_tähendus', 'SUBTOPIC');
INSERT INTO Subtopic(id, topic) VALUES (60208, 50047);
INSERT INTO Taxon(id, name, level) VALUES (60209, 'funktsiooni_uurimine_tuletise_abil', 'SUBTOPIC');
INSERT INTO Subtopic(id, topic) VALUES (60209, 50047);
INSERT INTO Taxon(id, name, level) VALUES (60210, 'funktsioonide_summa,_vahe,_korrutise_ja_jagatise_tuletised', 'SUBTOPIC');
INSERT INTO Subtopic(id, topic) VALUES (60210, 50047);
INSERT INTO Taxon(id, name, level) VALUES (60211, 'joone_puutuja_tõus,_puutuja_võrrand', 'SUBTOPIC');
INSERT INTO Subtopic(id, topic) VALUES (60211, 50047);
INSERT INTO Taxon(id, name, level) VALUES (60212, 'kasvamis-_ja_kahanemisvahemik,_ekstreemum', 'SUBTOPIC');
INSERT INTO Subtopic(id, topic) VALUES (60212, 50047);
INSERT INTO Taxon(id, name, level) VALUES (60213, 'kumerus-_ja_nõgususvahemik,_käänupunkt', 'SUBTOPIC');
INSERT INTO Subtopic(id, topic) VALUES (60213, 50047);
INSERT INTO Taxon(id, name, level) VALUES (60214, 'liitfunktsiooni_tuletis', 'SUBTOPIC');
INSERT INTO Subtopic(id, topic) VALUES (60214, 50047);
INSERT INTO Taxon(id, name, level) VALUES (60215, 'rakendusülesanded', 'SUBTOPIC');
INSERT INTO Subtopic(id, topic) VALUES (60215, 50047);
INSERT INTO Taxon(id, name, level) VALUES (60216, 'trigonomeetriliste_funktsioonide_tuletised', 'SUBTOPIC');
INSERT INTO Subtopic(id, topic) VALUES (60216, 50047);
INSERT INTO Taxon(id, name, level) VALUES (60217, 'arcsin_m,_arccos_m,_arctan_m', 'SUBTOPIC');
INSERT INTO Subtopic(id, topic) VALUES (60217, 50048);
INSERT INTO Taxon(id, name, level) VALUES (60218, 'astmefunktsiooni_graafikud_ja_omadused', 'SUBTOPIC');
INSERT INTO Subtopic(id, topic) VALUES (60218, 50048);
INSERT INTO Taxon(id, name, level) VALUES (60219, 'eksponent-_ja_logaritmfunktsioon', 'SUBTOPIC');
INSERT INTO Subtopic(id, topic) VALUES (60219, 50048);
INSERT INTO Taxon(id, name, level) VALUES (60220, 'eksponent-_ja_logaritmvõrrandid', 'SUBTOPIC');
INSERT INTO Subtopic(id, topic) VALUES (60220, 50048);
INSERT INTO Taxon(id, name, level) VALUES (60221, 'funktsiooni_ekstreemum', 'SUBTOPIC');
INSERT INTO Subtopic(id, topic) VALUES (60221, 50048);
INSERT INTO Taxon(id, name, level) VALUES (60222, 'funktsiooni_kasvamine_ja_kahanemine', 'SUBTOPIC');
INSERT INTO Subtopic(id, topic) VALUES (60222, 50048);
INSERT INTO Taxon(id, name, level) VALUES (60223, 'funktsiooni_mõiste_ja_esitusviisid', 'SUBTOPIC');
INSERT INTO Subtopic(id, topic) VALUES (60223, 50048);
INSERT INTO Taxon(id, name, level) VALUES (60224, 'funktsiooni_määramis-_ja_muutumispiirkond', 'SUBTOPIC');
INSERT INTO Subtopic(id, topic) VALUES (60224, 50048);
INSERT INTO Taxon(id, name, level) VALUES (60225, 'funktsiooni_nullkohad,_positiivsus-_ja_negatiivsuspiirkond', 'SUBTOPIC');
INSERT INTO Subtopic(id, topic) VALUES (60225, 50048);
INSERT INTO Taxon(id, name, level) VALUES (60226, 'korrutise,_jagatise_ja_astme_logaritm', 'SUBTOPIC');
INSERT INTO Subtopic(id, topic) VALUES (60226, 50048);
INSERT INTO Taxon(id, name, level) VALUES (60227, 'liitprotsendiline_kasvamine_ja_kahanemine', 'SUBTOPIC');
INSERT INTO Subtopic(id, topic) VALUES (60227, 50048);
INSERT INTO Taxon(id, name, level) VALUES (60228, 'logaritm', 'SUBTOPIC');
INSERT INTO Subtopic(id, topic) VALUES (60228, 50048);
INSERT INTO Taxon(id, name, level) VALUES (60229, 'logaritmimine_ja_potentseerimine', 'SUBTOPIC');
INSERT INTO Subtopic(id, topic) VALUES (60229, 50048);
INSERT INTO Taxon(id, name, level) VALUES (60230, 'paaris-_ja_paaritu_funktsioon', 'SUBTOPIC');
INSERT INTO Subtopic(id, topic) VALUES (60230, 50048);
INSERT INTO Taxon(id, name, level) VALUES (60231, 'pöördfunktsioon', 'SUBTOPIC');
INSERT INTO Subtopic(id, topic) VALUES (60231, 50048);
INSERT INTO Taxon(id, name, level) VALUES (60232, 'trigonomeetrilised_põhivõrrandid', 'SUBTOPIC');
INSERT INTO Subtopic(id, topic) VALUES (60232, 50048);
INSERT INTO Taxon(id, name, level) VALUES (60233, 'hulknurga_diagonaalid', 'SUBTOPIC');
INSERT INTO Subtopic(id, topic) VALUES (60233, 50049);
INSERT INTO Taxon(id, name, level) VALUES (60234, 'hulknurga_sise-_ja_välisnurkade_summa', 'SUBTOPIC');
INSERT INTO Subtopic(id, topic) VALUES (60234, 50049);
INSERT INTO Taxon(id, name, level) VALUES (60235, 'hulknurgad', 'SUBTOPIC');
INSERT INTO Subtopic(id, topic) VALUES (60235, 50049);
INSERT INTO Taxon(id, name, level) VALUES (60236, 'hulknurkade_kongruentsus_ja_sarnasus', 'SUBTOPIC');
INSERT INTO Subtopic(id, topic) VALUES (60236, 50049);
INSERT INTO Taxon(id, name, level) VALUES (60237, 'konstruktsioonülesanded', 'SUBTOPIC');
INSERT INTO Subtopic(id, topic) VALUES (60237, 50049);
INSERT INTO Taxon(id, name, level) VALUES (60238, 'kõõlnelinurk', 'SUBTOPIC');
INSERT INTO Subtopic(id, topic) VALUES (60238, 50049);
INSERT INTO Taxon(id, name, level) VALUES (60239, 'lõigud_ja_ringjooned_kolmnurgas', 'SUBTOPIC');
INSERT INTO Subtopic(id, topic) VALUES (60239, 50049);
INSERT INTO Taxon(id, name, level) VALUES (60240, 'Ptolemaiose_teoreem', 'SUBTOPIC');
INSERT INTO Subtopic(id, topic) VALUES (60240, 50049);
INSERT INTO Taxon(id, name, level) VALUES (60241, 'hüperbooli_võrrand', 'SUBTOPIC');
INSERT INTO Subtopic(id, topic) VALUES (60241, 50050);
INSERT INTO Taxon(id, name, level) VALUES (60242, 'joonte_lõikepunktid', 'SUBTOPIC');
INSERT INTO Subtopic(id, topic) VALUES (60242, 50050);
INSERT INTO Taxon(id, name, level) VALUES (60243, 'kahe_sirge_vastastikused_asendid_tasandil', 'SUBTOPIC');
INSERT INTO Subtopic(id, topic) VALUES (60243, 50050);
INSERT INTO Taxon(id, name, level) VALUES (60244, 'kahe_tundmatuga_lineaarvõrrand', 'SUBTOPIC');
INSERT INTO Subtopic(id, topic) VALUES (60244, 50050);
INSERT INTO Taxon(id, name, level) VALUES (60245, 'lineaarvõrrandist_ja_ruutvõrrandist_koosnev_võrrandisüsteem', 'SUBTOPIC');
INSERT INTO Subtopic(id, topic) VALUES (60245, 50050);
INSERT INTO Taxon(id, name, level) VALUES (60246, 'nurk_kahe_sirge_vahel', 'SUBTOPIC');
INSERT INTO Subtopic(id, topic) VALUES (60246, 50050);
INSERT INTO Taxon(id, name, level) VALUES (60247, 'parabooli_võrrand', 'SUBTOPIC');
INSERT INTO Subtopic(id, topic) VALUES (60247, 50050);
INSERT INTO Taxon(id, name, level) VALUES (60248, 'ringjoone_võrrand', 'SUBTOPIC');
INSERT INTO Subtopic(id, topic) VALUES (60248, 50050);
INSERT INTO Taxon(id, name, level) VALUES (60249, 'sirge_võrrand', 'SUBTOPIC');
INSERT INTO Subtopic(id, topic) VALUES (60249, 50050);
INSERT INTO Taxon(id, name, level) VALUES (60250, 'kahe_ringjoone_puutumine', 'SUBTOPIC');
INSERT INTO Subtopic(id, topic) VALUES (60250, 50051);
INSERT INTO Taxon(id, name, level) VALUES (60251, 'kesk-_ja_piirdenurgad', 'SUBTOPIC');
INSERT INTO Subtopic(id, topic) VALUES (60251, 50051);
INSERT INTO Taxon(id, name, level) VALUES (60252, 'kiirteteoreem', 'SUBTOPIC');
INSERT INTO Subtopic(id, topic) VALUES (60252, 50051);
INSERT INTO Taxon(id, name, level) VALUES (60253, 'kolmnurkade_kongruentsus_ja_sarnasus', 'SUBTOPIC');
INSERT INTO Subtopic(id, topic) VALUES (60253, 50051);
INSERT INTO Taxon(id, name, level) VALUES (60254, 'kolmnurkade_pindvõrdsus', 'SUBTOPIC');
INSERT INTO Subtopic(id, topic) VALUES (60254, 50051);
INSERT INTO Taxon(id, name, level) VALUES (60255, 'nurk_kõõlu_ja_puutuja_vahel', 'SUBTOPIC');
INSERT INTO Subtopic(id, topic) VALUES (60255, 50051);
INSERT INTO Taxon(id, name, level) VALUES (60256, 'paralleelide_aksioom', 'SUBTOPIC');
INSERT INTO Subtopic(id, topic) VALUES (60256, 50051);
INSERT INTO Taxon(id, name, level) VALUES (60257, 'punkti_potents_ringjoone_suhtes', 'SUBTOPIC');
INSERT INTO Subtopic(id, topic) VALUES (60257, 50051);
INSERT INTO Taxon(id, name, level) VALUES (60258, 'Pythagorase,_eukleidese_ja_kõrguse_teoreem', 'SUBTOPIC');
INSERT INTO Subtopic(id, topic) VALUES (60258, 50051);
INSERT INTO Taxon(id, name, level) VALUES (60259, 'ring,_ringjoon', 'SUBTOPIC');
INSERT INTO Subtopic(id, topic) VALUES (60259, 50051);
INSERT INTO Taxon(id, name, level) VALUES (60260, 'sirgete_paralleelsus', 'SUBTOPIC');
INSERT INTO Subtopic(id, topic) VALUES (60260, 50051);
INSERT INTO Taxon(id, name, level) VALUES (60261, 'teoreemid_ringjoone_kõõludest_ja_lõikajatest', 'SUBTOPIC');
INSERT INTO Subtopic(id, topic) VALUES (60261, 50051);
INSERT INTO Taxon(id, name, level) VALUES (60262, 'Thalese_teoreem', 'SUBTOPIC');
INSERT INTO Subtopic(id, topic) VALUES (60262, 50051);
INSERT INTO Taxon(id, name, level) VALUES (60263, 'aksioom,_teoreem', 'SUBTOPIC');
INSERT INTO Subtopic(id, topic) VALUES (60263, 50052);
INSERT INTO Taxon(id, name, level) VALUES (60264, 'liitlaused,_nende_tõeväärtus', 'SUBTOPIC');
INSERT INTO Subtopic(id, topic) VALUES (60264, 50052);
INSERT INTO Taxon(id, name, level) VALUES (60265, 'loogika_aine_ja_ajalugu', 'SUBTOPIC');
INSERT INTO Subtopic(id, topic) VALUES (60265, 50052);
INSERT INTO Taxon(id, name, level) VALUES (60266, 'loogikalause,_selle_tõeväärtus', 'SUBTOPIC');
INSERT INTO Subtopic(id, topic) VALUES (60266, 50052);
INSERT INTO Taxon(id, name, level) VALUES (60267, 'loogikaseadused', 'SUBTOPIC');
INSERT INTO Subtopic(id, topic) VALUES (60267, 50052);
INSERT INTO Taxon(id, name, level) VALUES (60268, 'mõiste,_defineerimine', 'SUBTOPIC');
INSERT INTO Subtopic(id, topic) VALUES (60268, 50052);
INSERT INTO Taxon(id, name, level) VALUES (60269, 'otsustus', 'SUBTOPIC');
INSERT INTO Subtopic(id, topic) VALUES (60269, 50052);
INSERT INTO Taxon(id, name, level) VALUES (60270, 'paradoksid', 'SUBTOPIC');
INSERT INTO Subtopic(id, topic) VALUES (60270, 50052);
INSERT INTO Taxon(id, name, level) VALUES (60271, 'tarvilikud_ja_piisavad_tingimused', 'SUBTOPIC');
INSERT INTO Subtopic(id, topic) VALUES (60271, 50052);
INSERT INTO Taxon(id, name, level) VALUES (60272, 'tehted_lausetega', 'SUBTOPIC');
INSERT INTO Subtopic(id, topic) VALUES (60272, 50052);
INSERT INTO Taxon(id, name, level) VALUES (60273, 'tõestamine', 'SUBTOPIC');
INSERT INTO Subtopic(id, topic) VALUES (60273, 50052);
INSERT INTO Taxon(id, name, level) VALUES (60274, 'arved_ja_viivised', 'SUBTOPIC');
INSERT INTO Subtopic(id, topic) VALUES (60274, 50053);
INSERT INTO Taxon(id, name, level) VALUES (60275, 'hoiuste_tulusus_ja_laenude_kulukus', 'SUBTOPIC');
INSERT INTO Subtopic(id, topic) VALUES (60275, 50053);
INSERT INTO Taxon(id, name, level) VALUES (60276, 'indeksid,_tarbijahinnaindeks', 'SUBTOPIC');
INSERT INTO Subtopic(id, topic) VALUES (60276, 50053);
INSERT INTO Taxon(id, name, level) VALUES (60277, 'inflatsioon', 'SUBTOPIC');
INSERT INTO Subtopic(id, topic) VALUES (60277, 50053);
INSERT INTO Taxon(id, name, level) VALUES (60278, 'kauba_hinna_kujunemine', 'SUBTOPIC');
INSERT INTO Subtopic(id, topic) VALUES (60278, 50053);
INSERT INTO Taxon(id, name, level) VALUES (60279, 'kulu-,_tulu-_ja_puhastulufunktsioonid', 'SUBTOPIC');
INSERT INTO Subtopic(id, topic) VALUES (60279, 50053);
INSERT INTO Taxon(id, name, level) VALUES (60280, 'liht-_ja_liitintress', 'SUBTOPIC');
INSERT INTO Subtopic(id, topic) VALUES (60280, 50053);
INSERT INTO Taxon(id, name, level) VALUES (60281, 'maksud_ja_nende_arvutamine', 'SUBTOPIC');
INSERT INTO Subtopic(id, topic) VALUES (60281, 50053);
INSERT INTO Taxon(id, name, level) VALUES (60282, 'nõudlus-_ja_pakkumisfunktsioonid', 'SUBTOPIC');
INSERT INTO Subtopic(id, topic) VALUES (60282, 50053);
INSERT INTO Taxon(id, name, level) VALUES (60283, 'palgakulud', 'SUBTOPIC');
INSERT INTO Subtopic(id, topic) VALUES (60283, 50053);
INSERT INTO Taxon(id, name, level) VALUES (60284, 'protsentarvutus', 'SUBTOPIC');
INSERT INTO Subtopic(id, topic) VALUES (60284, 50053);
INSERT INTO Taxon(id, name, level) VALUES (60285, 'reaalpalk', 'SUBTOPIC');
INSERT INTO Subtopic(id, topic) VALUES (60285, 50053);
INSERT INTO Taxon(id, name, level) VALUES (60286, 'reklaamitulu_funktsioon', 'SUBTOPIC');
INSERT INTO Subtopic(id, topic) VALUES (60286, 50053);
INSERT INTO Taxon(id, name, level) VALUES (60287, 'turutasakaal', 'SUBTOPIC');
INSERT INTO Subtopic(id, topic) VALUES (60287, 50053);
INSERT INTO Taxon(id, name, level) VALUES (60288, 'valuuta_kurss', 'SUBTOPIC');
INSERT INTO Subtopic(id, topic) VALUES (60288, 50053);
INSERT INTO Taxon(id, name, level) VALUES (60289, 'matemaatiline_mudel', 'SUBTOPIC');
INSERT INTO Subtopic(id, topic) VALUES (60289, 50054);
INSERT INTO Taxon(id, name, level) VALUES (60290, 'mudeli_headus_ja_rakendatavus', 'SUBTOPIC');
INSERT INTO Subtopic(id, topic) VALUES (60290, 50054);
INSERT INTO Taxon(id, name, level) VALUES (60291, 'mudelid_loodusteadustes', 'SUBTOPIC');
INSERT INTO Subtopic(id, topic) VALUES (60291, 50054);
INSERT INTO Taxon(id, name, level) VALUES (60292, 'mudelid_majandusteaduses', 'SUBTOPIC');
INSERT INTO Subtopic(id, topic) VALUES (60292, 50054);
INSERT INTO Taxon(id, name, level) VALUES (60293, 'algfunktsioon_ja_määramata_integraal', 'SUBTOPIC');
INSERT INTO Subtopic(id, topic) VALUES (60293, 50055);
INSERT INTO Taxon(id, name, level) VALUES (60294, 'funktsioonide_integreerimine', 'SUBTOPIC');
INSERT INTO Subtopic(id, topic) VALUES (60294, 50055);
INSERT INTO Taxon(id, name, level) VALUES (60295, 'hulknurga_liigid,_ümbermõõt_ja_pindala', 'SUBTOPIC');
INSERT INTO Subtopic(id, topic) VALUES (60295, 50055);
INSERT INTO Taxon(id, name, level) VALUES (60296, 'hulknurkade_sarnasus', 'SUBTOPIC');
INSERT INTO Subtopic(id, topic) VALUES (60296, 50055);
INSERT INTO Taxon(id, name, level) VALUES (60297, 'kesknurk_ja_piirdenurk,_Thalese_teoreem', 'SUBTOPIC');
INSERT INTO Subtopic(id, topic) VALUES (60297, 50055);
INSERT INTO Taxon(id, name, level) VALUES (60298, 'kolmnurga_mediaan_ja_kesklõik', 'SUBTOPIC');
INSERT INTO Subtopic(id, topic) VALUES (60298, 50055);
INSERT INTO Taxon(id, name, level) VALUES (60299, 'kolmnurga_sise-_ja_välisnurk,_nurgapoolitaja', 'SUBTOPIC');
INSERT INTO Subtopic(id, topic) VALUES (60299, 50055);
INSERT INTO Taxon(id, name, level) VALUES (60300, 'kolmnurga_sise-_ja_ümberringjoon', 'SUBTOPIC');
INSERT INTO Subtopic(id, topic) VALUES (60300, 50055);
INSERT INTO Taxon(id, name, level) VALUES (60301, 'kolmnurk,_selle_ümbermõõt_ja_pindala', 'SUBTOPIC');
INSERT INTO Subtopic(id, topic) VALUES (60301, 50055);
INSERT INTO Taxon(id, name, level) VALUES (60302, 'kumera_hulknurga_sisenurkade_summa', 'SUBTOPIC');
INSERT INTO Subtopic(id, topic) VALUES (60302, 50055);
INSERT INTO Taxon(id, name, level) VALUES (60303, 'kõvertrapets,_selle_pindala', 'SUBTOPIC');
INSERT INTO Subtopic(id, topic) VALUES (60303, 50055);
INSERT INTO Taxon(id, name, level) VALUES (60304, 'määratud_integraal', 'SUBTOPIC');
INSERT INTO Subtopic(id, topic) VALUES (60304, 50055);
INSERT INTO Taxon(id, name, level) VALUES (60305, 'Newtoni-Leibnizi_valem', 'SUBTOPIC');
INSERT INTO Subtopic(id, topic) VALUES (60305, 50055);
INSERT INTO Taxon(id, name, level) VALUES (60306, 'pöördkeha_ruumala_ja_töö_arvutamine_integraaliga', 'SUBTOPIC');
INSERT INTO Subtopic(id, topic) VALUES (60306, 50055);
INSERT INTO Taxon(id, name, level) VALUES (60307, 'ringjoon,_ring,_puutuja,_kõõl', 'SUBTOPIC');
INSERT INTO Subtopic(id, topic) VALUES (60307, 50055);
INSERT INTO Taxon(id, name, level) VALUES (60308, 'rööpkülik', 'SUBTOPIC');
INSERT INTO Subtopic(id, topic) VALUES (60308, 50055);
INSERT INTO Taxon(id, name, level) VALUES (60309, 'tasandilise_kujundi_pindala_arvutamine_integraaliga', 'SUBTOPIC');
INSERT INTO Subtopic(id, topic) VALUES (60309, 50055);
INSERT INTO Taxon(id, name, level) VALUES (60310, 'trapets', 'SUBTOPIC');
INSERT INTO Subtopic(id, topic) VALUES (60310, 50055);
INSERT INTO Taxon(id, name, level) VALUES (60311, 'hulktahukate_ja_pöördkehade_lõiked_tasandiga', 'SUBTOPIC');
INSERT INTO Subtopic(id, topic) VALUES (60311, 50056);
INSERT INTO Taxon(id, name, level) VALUES (60312, 'kahe_sirge_vastastikused_asendid_ruumis', 'SUBTOPIC');
INSERT INTO Subtopic(id, topic) VALUES (60312, 50056);
INSERT INTO Taxon(id, name, level) VALUES (60313, 'kahe_tasandi_vastastikused_asendid_ruumis', 'SUBTOPIC');
INSERT INTO Subtopic(id, topic) VALUES (60313, 50056);
INSERT INTO Taxon(id, name, level) VALUES (60314, 'prisma_ja_püramiid', 'SUBTOPIC');
INSERT INTO Subtopic(id, topic) VALUES (60314, 50056);
INSERT INTO Taxon(id, name, level) VALUES (60315, 'punkti_koordinaadid_ruumis', 'SUBTOPIC');
INSERT INTO Subtopic(id, topic) VALUES (60315, 50056);
INSERT INTO Taxon(id, name, level) VALUES (60316, 'rakendusülesanded', 'SUBTOPIC');
INSERT INTO Subtopic(id, topic) VALUES (60316, 50056);
INSERT INTO Taxon(id, name, level) VALUES (60317, 'ristkoordinaadid_ruumis', 'SUBTOPIC');
INSERT INTO Subtopic(id, topic) VALUES (60317, 50056);
INSERT INTO Taxon(id, name, level) VALUES (60318, 'silinder,_koonus_ja_kera', 'SUBTOPIC');
INSERT INTO Subtopic(id, topic) VALUES (60318, 50056);
INSERT INTO Taxon(id, name, level) VALUES (60319, 'sirge_ja_tasandi_vastastikused_asendid_ruumis', 'SUBTOPIC');
INSERT INTO Subtopic(id, topic) VALUES (60319, 50056);
INSERT INTO Taxon(id, name, level) VALUES (60320, 'sirge_ja_tasandi_võrrand_ruumis', 'SUBTOPIC');
INSERT INTO Subtopic(id, topic) VALUES (60320, 50056);
INSERT INTO Taxon(id, name, level) VALUES (60321, 'kahe_nurga_summa_ja_vahe_trigonomeetrilised_funktsioonid', 'SUBTOPIC');
INSERT INTO Subtopic(id, topic) VALUES (60321, 50057);
INSERT INTO Taxon(id, name, level) VALUES (60322, 'kahekordse_nurga_trigonomeetrilised_funktsioonid', 'SUBTOPIC');
INSERT INTO Subtopic(id, topic) VALUES (60322, 50057);
INSERT INTO Taxon(id, name, level) VALUES (60323, 'kolmnurga_lahendamine', 'SUBTOPIC');
INSERT INTO Subtopic(id, topic) VALUES (60323, 50057);
INSERT INTO Taxon(id, name, level) VALUES (60324, 'kolmnurga_pindala_valemid', 'SUBTOPIC');
INSERT INTO Subtopic(id, topic) VALUES (60324, 50057);
INSERT INTO Taxon(id, name, level) VALUES (60325, 'negatiivse_nurga_trigonomeetrilised_funktsioonid', 'SUBTOPIC');
INSERT INTO Subtopic(id, topic) VALUES (60325, 50057);
INSERT INTO Taxon(id, name, level) VALUES (60326, 'nurga_mõiste,_radiaanmõõt', 'SUBTOPIC');
INSERT INTO Subtopic(id, topic) VALUES (60326, 50057);
INSERT INTO Taxon(id, name, level) VALUES (60327, 'nurga_trigonomeetrilised_funktsioonid', 'SUBTOPIC');
INSERT INTO Subtopic(id, topic) VALUES (60327, 50057);
INSERT INTO Taxon(id, name, level) VALUES (60328, 'ringjoone_kaare_pikkus,_sektori_pindala', 'SUBTOPIC');
INSERT INTO Subtopic(id, topic) VALUES (60328, 50057);
INSERT INTO Taxon(id, name, level) VALUES (60329, 'siinus-_ja_koosinusteoreem', 'SUBTOPIC');
INSERT INTO Subtopic(id, topic) VALUES (60329, 50057);
INSERT INTO Taxon(id, name, level) VALUES (60330, 'sin_x,_cos_x_ja_tan_x_nurkadel_0,_30,_45,_90_jne', 'SUBTOPIC');
INSERT INTO Subtopic(id, topic) VALUES (60330, 50057);
INSERT INTO Taxon(id, name, level) VALUES (60331, 'taandamisvalemid', 'SUBTOPIC');
INSERT INTO Subtopic(id, topic) VALUES (60331, 50057);
INSERT INTO Taxon(id, name, level) VALUES (60332, 'trigonomeetria_põhiseosed', 'SUBTOPIC');
INSERT INTO Subtopic(id, topic) VALUES (60332, 50057);
INSERT INTO Taxon(id, name, level) VALUES (60333, 'trigonomeetria_rakendusülesanded', 'SUBTOPIC');
INSERT INTO Subtopic(id, topic) VALUES (60333, 50057);
INSERT INTO Taxon(id, name, level) VALUES (60334, 'trigonomeetrilised_avaldised', 'SUBTOPIC');
INSERT INTO Subtopic(id, topic) VALUES (60334, 50057);
INSERT INTO Taxon(id, name, level) VALUES (60335, 'trigonomeetriliste_funktsioonide_graafikud', 'SUBTOPIC');
INSERT INTO Subtopic(id, topic) VALUES (60335, 50057);
INSERT INTO Taxon(id, name, level) VALUES (60336, 'andmeanalüüs_ühe_tunnuse_järgi', 'SUBTOPIC');
INSERT INTO Subtopic(id, topic) VALUES (60336, 50058);
INSERT INTO Taxon(id, name, level) VALUES (60337, 'andmete_kogumine_ja_süstematiseerimine', 'SUBTOPIC');
INSERT INTO Subtopic(id, topic) VALUES (60337, 50058);
INSERT INTO Taxon(id, name, level) VALUES (60338, 'andmetöötluse_projekt', 'SUBTOPIC');
INSERT INTO Subtopic(id, topic) VALUES (60338, 50058);
INSERT INTO Taxon(id, name, level) VALUES (60339, 'arvkarakteristikud', 'SUBTOPIC');
INSERT INTO Subtopic(id, topic) VALUES (60339, 50058);
INSERT INTO Taxon(id, name, level) VALUES (60340, 'diskreetne_juhuslik_suurus,_jaotusseadus', 'SUBTOPIC');
INSERT INTO Subtopic(id, topic) VALUES (60340, 50058);
INSERT INTO Taxon(id, name, level) VALUES (60341, 'faktoriaal,_permutatsioonid,_kombinatsioonid', 'SUBTOPIC');
INSERT INTO Subtopic(id, topic) VALUES (60341, 50058);
INSERT INTO Taxon(id, name, level) VALUES (60342, 'geomeetriline_tõenäosus', 'SUBTOPIC');
INSERT INTO Subtopic(id, topic) VALUES (60342, 50058);
INSERT INTO Taxon(id, name, level) VALUES (60343, 'korrelatsioon', 'SUBTOPIC');
INSERT INTO Subtopic(id, topic) VALUES (60343, 50058);
INSERT INTO Taxon(id, name, level) VALUES (60344, 'normaaljaotus', 'SUBTOPIC');
INSERT INTO Subtopic(id, topic) VALUES (60344, 50058);
INSERT INTO Taxon(id, name, level) VALUES (60345, 'statistiline_ja_klassikaline_tõenäosus', 'SUBTOPIC');
INSERT INTO Subtopic(id, topic) VALUES (60345, 50058);
INSERT INTO Taxon(id, name, level) VALUES (60346, 'statistilise_otsustuse_usaldatavus', 'SUBTOPIC');
INSERT INTO Subtopic(id, topic) VALUES (60346, 50058);
INSERT INTO Taxon(id, name, level) VALUES (60347, 'sündmus', 'SUBTOPIC');
INSERT INTO Subtopic(id, topic) VALUES (60347, 50058);
INSERT INTO Taxon(id, name, level) VALUES (60348, 'sündmuste_korrutis_ja_summa', 'SUBTOPIC');
INSERT INTO Subtopic(id, topic) VALUES (60348, 50058);
INSERT INTO Taxon(id, name, level) VALUES (60349, 'üldkogum_ja_valim', 'SUBTOPIC');
INSERT INTO Subtopic(id, topic) VALUES (60349, 50058);
INSERT INTO Taxon(id, name, level) VALUES (60350, 'jõud_vektorina', 'SUBTOPIC');
INSERT INTO Subtopic(id, topic) VALUES (60350, 50059);
INSERT INTO Taxon(id, name, level) VALUES (60351, 'kahe_punkti_vaheline_kaugus', 'SUBTOPIC');
INSERT INTO Subtopic(id, topic) VALUES (60351, 50059);
INSERT INTO Taxon(id, name, level) VALUES (60352, 'kolmnurkade_lahendamine_vektorite_abil', 'SUBTOPIC');
INSERT INTO Subtopic(id, topic) VALUES (60352, 50059);
INSERT INTO Taxon(id, name, level) VALUES (60353, 'punkti_asukoht_tasandil', 'SUBTOPIC');
INSERT INTO Subtopic(id, topic) VALUES (60353, 50059);
INSERT INTO Taxon(id, name, level) VALUES (60354, 'vektor', 'SUBTOPIC');
INSERT INTO Subtopic(id, topic) VALUES (60354, 50059);
INSERT INTO Taxon(id, name, level) VALUES (60355, 'vektori_koordinaadid_ja_pikkus', 'SUBTOPIC');
INSERT INTO Subtopic(id, topic) VALUES (60355, 50059);
INSERT INTO Taxon(id, name, level) VALUES (60356, 'vektori_korrutamine_arvuga', 'SUBTOPIC');
INSERT INTO Subtopic(id, topic) VALUES (60356, 50059);
INSERT INTO Taxon(id, name, level) VALUES (60357, 'vektorite_kollineaarsus_ja_ristseis', 'SUBTOPIC');
INSERT INTO Subtopic(id, topic) VALUES (60357, 50059);
INSERT INTO Taxon(id, name, level) VALUES (60358, 'vektorite_liitmine_ja_lahutamine', 'SUBTOPIC');
INSERT INTO Subtopic(id, topic) VALUES (60358, 50059);
INSERT INTO Taxon(id, name, level) VALUES (60359, 'vektorite_skalaarkorrutis', 'SUBTOPIC');
INSERT INTO Subtopic(id, topic) VALUES (60359, 50059);
INSERT INTO Taxon(id, name, level) VALUES (60360, 'vektorite_vaheline_nurk', 'SUBTOPIC');
INSERT INTO Subtopic(id, topic) VALUES (60360, 50059);
INSERT INTO Taxon(id, name, level) VALUES (60361, 'determinant', 'SUBTOPIC');
INSERT INTO Subtopic(id, topic) VALUES (60361, 50060);
INSERT INTO Taxon(id, name, level) VALUES (60362, 'juurvõrrand', 'SUBTOPIC');
INSERT INTO Subtopic(id, topic) VALUES (60362, 50060);
INSERT INTO Taxon(id, name, level) VALUES (60363, 'lineaar-_ja_ruutvõrrand', 'SUBTOPIC');
INSERT INTO Subtopic(id, topic) VALUES (60363, 50060);
INSERT INTO Taxon(id, name, level) VALUES (60364, 'murdvõrrand', 'SUBTOPIC');
INSERT INTO Subtopic(id, topic) VALUES (60364, 50060);
INSERT INTO Taxon(id, name, level) VALUES (60365, 'tekstülesanded_võrrandite_abil', 'SUBTOPIC');
INSERT INTO Subtopic(id, topic) VALUES (60365, 50060);
INSERT INTO Taxon(id, name, level) VALUES (60366, 'võrdus,_võrrand,_samasus', 'SUBTOPIC');
INSERT INTO Subtopic(id, topic) VALUES (60366, 50060);
INSERT INTO Taxon(id, name, level) VALUES (60367, 'võrrandisüsteemid', 'SUBTOPIC');
INSERT INTO Subtopic(id, topic) VALUES (60367, 50060);
INSERT INTO Taxon(id, name, level) VALUES (60368, 'intervallmeetod', 'SUBTOPIC');
INSERT INTO Subtopic(id, topic) VALUES (60368, 50061);
INSERT INTO Taxon(id, name, level) VALUES (60369, 'lineaar-_ja_ruutvõrratused', 'SUBTOPIC');
INSERT INTO Subtopic(id, topic) VALUES (60369, 50061);
INSERT INTO Taxon(id, name, level) VALUES (60370, 'murdvõrratused', 'SUBTOPIC');
INSERT INTO Subtopic(id, topic) VALUES (60370, 50061);
INSERT INTO Taxon(id, name, level) VALUES (60371, 'võrratused', 'SUBTOPIC');
INSERT INTO Subtopic(id, topic) VALUES (60371, 50061);
INSERT INTO Taxon(id, name, level) VALUES (60372, 'võrratusesüsteemid', 'SUBTOPIC');
INSERT INTO Subtopic(id, topic) VALUES (60372, 50061);
INSERT INTO Taxon(id, name, level) VALUES (60373, 'bioevolutsioon_ja_süstemaatika', 'SUBTOPIC');
INSERT INTO Subtopic(id, topic) VALUES (60373, 50062);
INSERT INTO Taxon(id, name, level) VALUES (60374, 'bioevolutsiooni_pseudoteaduslikud_käsitlused', 'SUBTOPIC');
INSERT INTO Subtopic(id, topic) VALUES (60374, 50062);
INSERT INTO Taxon(id, name, level) VALUES (60375, 'bioevolutsiooni_varased_etapid', 'SUBTOPIC');
INSERT INTO Subtopic(id, topic) VALUES (60375, 50062);
INSERT INTO Taxon(id, name, level) VALUES (60376, 'Darwini_evolutsiooniteooria', 'SUBTOPIC');
INSERT INTO Subtopic(id, topic) VALUES (60376, 50062);
INSERT INTO Taxon(id, name, level) VALUES (60377, 'eri_seisukohad_elu_päritolu_kohta_Maal', 'SUBTOPIC');
INSERT INTO Subtopic(id, topic) VALUES (60377, 50062);
INSERT INTO Taxon(id, name, level) VALUES (60378, 'evolutsiooni_uurimisega_seotud_teadusharud,_elukutsed', 'SUBTOPIC');
INSERT INTO Subtopic(id, topic) VALUES (60378, 50062);
INSERT INTO Taxon(id, name, level) VALUES (60379, 'evolutsiooniidee_täiustumine', 'SUBTOPIC');
INSERT INTO Subtopic(id, topic) VALUES (60379, 50062);
INSERT INTO Taxon(id, name, level) VALUES (60380, 'evolutsioonitõendid', 'SUBTOPIC');
INSERT INTO Subtopic(id, topic) VALUES (60380, 50062);
INSERT INTO Taxon(id, name, level) VALUES (60381, 'inimese_evolutsiooni_mõjutavad_tegurid,', 'SUBTOPIC');
INSERT INTO Subtopic(id, topic) VALUES (60381, 50062);
INSERT INTO Taxon(id, name, level) VALUES (60382, 'inimese_perekonna_eripära', 'SUBTOPIC');
INSERT INTO Subtopic(id, topic) VALUES (60382, 50062);
INSERT INTO Taxon(id, name, level) VALUES (60383, 'inimlaste_lahknemine_inimahvidest', 'SUBTOPIC');
INSERT INTO Subtopic(id, topic) VALUES (60383, 50062);
INSERT INTO Taxon(id, name, level) VALUES (60384, 'kohastumused', 'SUBTOPIC');
INSERT INTO Subtopic(id, topic) VALUES (60384, 50062);
INSERT INTO Taxon(id, name, level) VALUES (60385, 'liigiteke', 'SUBTOPIC');
INSERT INTO Subtopic(id, topic) VALUES (60385, 50062);
INSERT INTO Taxon(id, name, level) VALUES (60386, 'loodusliku_valiku_vormid', 'SUBTOPIC');
INSERT INTO Subtopic(id, topic) VALUES (60386, 50062);
INSERT INTO Taxon(id, name, level) VALUES (60387, 'makroevolutsioonilised_protsessid', 'SUBTOPIC');
INSERT INTO Subtopic(id, topic) VALUES (60387, 50062);
INSERT INTO Taxon(id, name, level) VALUES (60388, 'nüüdisinimese_päritolu', 'SUBTOPIC');
INSERT INTO Subtopic(id, topic) VALUES (60388, 50062);
INSERT INTO Taxon(id, name, level) VALUES (60389, 'olelusvõitlus', 'SUBTOPIC');
INSERT INTO Subtopic(id, topic) VALUES (60389, 50062);
INSERT INTO Taxon(id, name, level) VALUES (60390, 'bioloogia_haruteadused_ja_vastavad_elukutsed', 'SUBTOPIC');
INSERT INTO Subtopic(id, topic) VALUES (60390, 50063);
INSERT INTO Taxon(id, name, level) VALUES (60391, 'elu_tunnused', 'SUBTOPIC');
INSERT INTO Subtopic(id, topic) VALUES (60391, 50063);
INSERT INTO Taxon(id, name, level) VALUES (60392, 'elus-_ja_eluta_looduse_võrdlus', 'SUBTOPIC');
INSERT INTO Subtopic(id, topic) VALUES (60392, 50063);
INSERT INTO Taxon(id, name, level) VALUES (60393, 'eluslooduse_organiseerituse_tase', 'SUBTOPIC');
INSERT INTO Subtopic(id, topic) VALUES (60393, 50063);
INSERT INTO Taxon(id, name, level) VALUES (60394, 'eluslooduse_organiseerituse_tasemed', 'SUBTOPIC');
INSERT INTO Subtopic(id, topic) VALUES (60394, 50063);
INSERT INTO Taxon(id, name, level) VALUES (60395, 'loodusteaduslik_uuring', 'SUBTOPIC');
INSERT INTO Subtopic(id, topic) VALUES (60395, 50063);
INSERT INTO Taxon(id, name, level) VALUES (60396, 'loodusteadusliku_meetodi_rakendamine', 'SUBTOPIC');
INSERT INTO Subtopic(id, topic) VALUES (60396, 50063);
INSERT INTO Taxon(id, name, level) VALUES (60397, 'erituselundkonna_talitlus', 'SUBTOPIC');
INSERT INTO Subtopic(id, topic) VALUES (60397, 50064);
INSERT INTO Taxon(id, name, level) VALUES (60398, 'hingamiselundkonna_talitlus', 'SUBTOPIC');
INSERT INTO Subtopic(id, topic) VALUES (60398, 50064);
INSERT INTO Taxon(id, name, level) VALUES (60399, 'immuunsüsteem', 'SUBTOPIC');
INSERT INTO Subtopic(id, topic) VALUES (60399, 50064);
INSERT INTO Taxon(id, name, level) VALUES (60400, 'inimese_energiavajadus', 'SUBTOPIC');
INSERT INTO Subtopic(id, topic) VALUES (60400, 50064);
INSERT INTO Taxon(id, name, level) VALUES (60401, 'inimese_närvisüsteem', 'SUBTOPIC');
INSERT INTO Subtopic(id, topic) VALUES (60401, 50064);
INSERT INTO Taxon(id, name, level) VALUES (60402, 'inimorganismi_kaitsemehhanismid', 'SUBTOPIC');
INSERT INTO Subtopic(id, topic) VALUES (60402, 50064);
INSERT INTO Taxon(id, name, level) VALUES (60403, 'kaasasündinud_ja_omandatud_refleksid', 'SUBTOPIC');
INSERT INTO Subtopic(id, topic) VALUES (60403, 50064);
INSERT INTO Taxon(id, name, level) VALUES (60404, 'keemilise_sünapsi_ehitus', 'SUBTOPIC');
INSERT INTO Subtopic(id, topic) VALUES (60404, 50064);
INSERT INTO Taxon(id, name, level) VALUES (60405, 'neuraalne_ja_humoraalne_regulatsioon', 'SUBTOPIC');
INSERT INTO Subtopic(id, topic) VALUES (60405, 50064);
INSERT INTO Taxon(id, name, level) VALUES (60406, 'närviimpulsi_ülekanne', 'SUBTOPIC');
INSERT INTO Subtopic(id, topic) VALUES (60406, 50064);
INSERT INTO Taxon(id, name, level) VALUES (60407, 'närviimpulss', 'SUBTOPIC');
INSERT INTO Subtopic(id, topic) VALUES (60407, 50064);
INSERT INTO Taxon(id, name, level) VALUES (60408, 'närviimpulsside_toime_lihaskoele', 'SUBTOPIC');
INSERT INTO Subtopic(id, topic) VALUES (60408, 50064);
INSERT INTO Taxon(id, name, level) VALUES (60409, 'närvisüsteemi_kahjustavad_tegurid', 'SUBTOPIC');
INSERT INTO Subtopic(id, topic) VALUES (60409, 50064);
INSERT INTO Taxon(id, name, level) VALUES (60410, 'närvisüsteemiga_seotud_puuded_ja_haigused', 'SUBTOPIC');
INSERT INTO Subtopic(id, topic) VALUES (60410, 50064);
INSERT INTO Taxon(id, name, level) VALUES (60411, 'peaaju_eri_osade_ülesanded', 'SUBTOPIC');
INSERT INTO Subtopic(id, topic) VALUES (60411, 50064);
INSERT INTO Taxon(id, name, level) VALUES (60412, 'refleksikaar', 'SUBTOPIC');
INSERT INTO Subtopic(id, topic) VALUES (60412, 50064);
INSERT INTO Taxon(id, name, level) VALUES (60413, 'seedeelundkonna_talitlus', 'SUBTOPIC');
INSERT INTO Subtopic(id, topic) VALUES (60413, 50064);
INSERT INTO Taxon(id, name, level) VALUES (60414, 'sisekeskkonna_stabiilsuse_tagamine', 'SUBTOPIC');
INSERT INTO Subtopic(id, topic) VALUES (60414, 50064);
INSERT INTO Taxon(id, name, level) VALUES (60415, 'termoregulatsioon', 'SUBTOPIC');
INSERT INTO Subtopic(id, topic) VALUES (60415, 50064);
INSERT INTO Taxon(id, name, level) VALUES (60416, 'bioloogilise_mitmekesisuse_kaitse', 'SUBTOPIC');
INSERT INTO Subtopic(id, topic) VALUES (60416, 50065);
INSERT INTO Taxon(id, name, level) VALUES (60417, 'Eesti_keskkonnapoliitika', 'SUBTOPIC');
INSERT INTO Subtopic(id, topic) VALUES (60417, 50065);
INSERT INTO Taxon(id, name, level) VALUES (60418, 'Eesti_keskkonnapoliitikat_kujundavad_riiklikud_kokkulepped', 'SUBTOPIC');
INSERT INTO Subtopic(id, topic) VALUES (60418, 50065);
INSERT INTO Taxon(id, name, level) VALUES (60419, 'keskkonna_dilemmaprobleeme', 'SUBTOPIC');
INSERT INTO Subtopic(id, topic) VALUES (60419, 50065);
INSERT INTO Taxon(id, name, level) VALUES (60420, 'kodanikuaktiivsus_loodus-_ja_keskkonnakaitses', 'SUBTOPIC');
INSERT INTO Subtopic(id, topic) VALUES (60420, 50065);
INSERT INTO Taxon(id, name, level) VALUES (60421, 'liikide_hävimist_põhjustavad_antropogeensed_tegurid', 'SUBTOPIC');
INSERT INTO Subtopic(id, topic) VALUES (60421, 50065);
INSERT INTO Taxon(id, name, level) VALUES (60422, 'liikide_kaitse_võimalused', 'SUBTOPIC');
INSERT INTO Subtopic(id, topic) VALUES (60422, 50065);
INSERT INTO Taxon(id, name, level) VALUES (60423, 'loodus-_ja_keskkonnakaitse_nüüdisaegsed_suunad', 'SUBTOPIC');
INSERT INTO Subtopic(id, topic) VALUES (60423, 50065);
INSERT INTO Taxon(id, name, level) VALUES (60424, 'looduskaitse_korraldus_Eestis', 'SUBTOPIC');
INSERT INTO Subtopic(id, topic) VALUES (60424, 50065);
INSERT INTO Taxon(id, name, level) VALUES (60425, 'looduskaitseseadus_Eestis', 'SUBTOPIC');
INSERT INTO Subtopic(id, topic) VALUES (60425, 50065);
INSERT INTO Taxon(id, name, level) VALUES (60426, 'säästva_arengu_strateegia_rakendumine', 'SUBTOPIC');
INSERT INTO Subtopic(id, topic) VALUES (60426, 50065);
INSERT INTO Taxon(id, name, level) VALUES (60427, 'DNA_ja_RNA_süntees', 'SUBTOPIC');
INSERT INTO Subtopic(id, topic) VALUES (60427, 50066);
INSERT INTO Taxon(id, name, level) VALUES (60428, 'geenide_avaldumine_ja_selle_regulatsioon', 'SUBTOPIC');
INSERT INTO Subtopic(id, topic) VALUES (60428, 50066);
INSERT INTO Taxon(id, name, level) VALUES (60429, 'geeniregulatsiooni_häired', 'SUBTOPIC');
INSERT INTO Subtopic(id, topic) VALUES (60429, 50066);
INSERT INTO Taxon(id, name, level) VALUES (60430, 'geneetiline_kood_valgusünteesis', 'SUBTOPIC');
INSERT INTO Subtopic(id, topic) VALUES (60430, 50066);
INSERT INTO Taxon(id, name, level) VALUES (60431, 'geneetilise_koodi_omadused', 'SUBTOPIC');
INSERT INTO Subtopic(id, topic) VALUES (60431, 50066);
INSERT INTO Taxon(id, name, level) VALUES (60432, 'replikatsioon', 'SUBTOPIC');
INSERT INTO Subtopic(id, topic) VALUES (60432, 50066);
INSERT INTO Taxon(id, name, level) VALUES (60433, 'transkriptsioon', 'SUBTOPIC');
INSERT INTO Subtopic(id, topic) VALUES (60433, 50066);
INSERT INTO Taxon(id, name, level) VALUES (60434, 'translatsioon', 'SUBTOPIC');
INSERT INTO Subtopic(id, topic) VALUES (60434, 50066);
INSERT INTO Taxon(id, name, level) VALUES (60435, 'tunnuste_kujunemist_mõjutavad_tegurid', 'SUBTOPIC');
INSERT INTO Subtopic(id, topic) VALUES (60435, 50066);
INSERT INTO Taxon(id, name, level) VALUES (60436, 'valgusüntees', 'SUBTOPIC');
INSERT INTO Subtopic(id, topic) VALUES (60436, 50066);
INSERT INTO Taxon(id, name, level) VALUES (60437, 'inimese_sünnieelne_areng', 'SUBTOPIC');
INSERT INTO Subtopic(id, topic) VALUES (60437, 50067);
INSERT INTO Taxon(id, name, level) VALUES (60438, 'kehaväline_ja_kehasisene_viljastumine', 'SUBTOPIC');
INSERT INTO Subtopic(id, topic) VALUES (60438, 50067);
INSERT INTO Taxon(id, name, level) VALUES (60439, 'kromosoomistiku_muutused_mitoosis_ja_meioosis', 'SUBTOPIC');
INSERT INTO Subtopic(id, topic) VALUES (60439, 50067);
INSERT INTO Taxon(id, name, level) VALUES (60440, 'mehe_ja_naise_sugurakkude_arengu_võrdlus', 'SUBTOPIC');
INSERT INTO Subtopic(id, topic) VALUES (60440, 50067);
INSERT INTO Taxon(id, name, level) VALUES (60441, 'munaraku_viljastumine', 'SUBTOPIC');
INSERT INTO Subtopic(id, topic) VALUES (60441, 50067);
INSERT INTO Taxon(id, name, level) VALUES (60442, 'organismide_eluiga', 'SUBTOPIC');
INSERT INTO Subtopic(id, topic) VALUES (60442, 50067);
INSERT INTO Taxon(id, name, level) VALUES (60443, 'rakutsükkel', 'SUBTOPIC');
INSERT INTO Subtopic(id, topic) VALUES (60443, 50067);
INSERT INTO Taxon(id, name, level) VALUES (60444, 'rasestumisvastased_vahendid', 'SUBTOPIC');
INSERT INTO Subtopic(id, topic) VALUES (60444, 50067);
INSERT INTO Taxon(id, name, level) VALUES (60445, 'suguhaigustesse_nakatumine', 'SUBTOPIC');
INSERT INTO Subtopic(id, topic) VALUES (60445, 50067);
INSERT INTO Taxon(id, name, level) VALUES (60446, 'suguline_ja_mittesuguline_paljunemine', 'SUBTOPIC');
INSERT INTO Subtopic(id, topic) VALUES (60446, 50067);
INSERT INTO Taxon(id, name, level) VALUES (60447, 'sünnitus_ja_lootejärgne_areng', 'SUBTOPIC');
INSERT INTO Subtopic(id, topic) VALUES (60447, 50067);
INSERT INTO Taxon(id, name, level) VALUES (60448, 'vananemine', 'SUBTOPIC');
INSERT INTO Subtopic(id, topic) VALUES (60448, 50067);
INSERT INTO Taxon(id, name, level) VALUES (60449, 'aeroobne_ja_anaeroobne_hingamine', 'SUBTOPIC');
INSERT INTO Subtopic(id, topic) VALUES (60449, 50068);
INSERT INTO Taxon(id, name, level) VALUES (60450, 'ATP', 'SUBTOPIC');
INSERT INTO Subtopic(id, topic) VALUES (60450, 50068);
INSERT INTO Taxon(id, name, level) VALUES (60451, 'autotroofsed_ja_heterotroofsed_organismid', 'SUBTOPIC');
INSERT INTO Subtopic(id, topic) VALUES (60451, 50068);
INSERT INTO Taxon(id, name, level) VALUES (60452, 'fotosünteesi_eesmärk_ja_tulemus', 'SUBTOPIC');
INSERT INTO Subtopic(id, topic) VALUES (60452, 50068);
INSERT INTO Taxon(id, name, level) VALUES (60453, 'fotosünteesi_tähtsus', 'SUBTOPIC');
INSERT INTO Subtopic(id, topic) VALUES (60453, 50068);
INSERT INTO Taxon(id, name, level) VALUES (60454, 'fotosünteesi_valgus-_ja_pimedusstaadium', 'SUBTOPIC');
INSERT INTO Subtopic(id, topic) VALUES (60454, 50068);
INSERT INTO Taxon(id, name, level) VALUES (60455, 'hingamine', 'SUBTOPIC');
INSERT INTO Subtopic(id, topic) VALUES (60455, 50068);
INSERT INTO Taxon(id, name, level) VALUES (60456, 'hingamise_etappideks_vajalikud_tingimused_ja_tulemused', 'SUBTOPIC');
INSERT INTO Subtopic(id, topic) VALUES (60456, 50068);
INSERT INTO Taxon(id, name, level) VALUES (60457, 'käärimine', 'SUBTOPIC');
INSERT INTO Subtopic(id, topic) VALUES (60457, 50068);
INSERT INTO Taxon(id, name, level) VALUES (60458, 'organismi_üldine_aine-_ja_energiavahetus', 'SUBTOPIC');
INSERT INTO Subtopic(id, topic) VALUES (60458, 50068);
INSERT INTO Taxon(id, name, level) VALUES (60459, 'organismide_energiavajadus', 'SUBTOPIC');
INSERT INTO Subtopic(id, topic) VALUES (60459, 50068);
INSERT INTO Taxon(id, name, level) VALUES (60460, 'biomolekulide_ehitus_ja_ülesanded', 'SUBTOPIC');
INSERT INTO Subtopic(id, topic) VALUES (60460, 50069);
INSERT INTO Taxon(id, name, level) VALUES (60461, 'DNA_ja_RNA_ehituse_ning_ülesannete_võrdlus', 'SUBTOPIC');
INSERT INTO Subtopic(id, topic) VALUES (60461, 50069);
INSERT INTO Taxon(id, name, level) VALUES (60462, 'elus-_ja_eluta_looduse_keemiline_koostis', 'SUBTOPIC');
INSERT INTO Subtopic(id, topic) VALUES (60462, 50069);
INSERT INTO Taxon(id, name, level) VALUES (60463, 'katioonid_ja_anioonid_rakkudes_ja_organismides', 'SUBTOPIC');
INSERT INTO Subtopic(id, topic) VALUES (60463, 50069);
INSERT INTO Taxon(id, name, level) VALUES (60464, 'lipiidide_ehitus_ja_talitlus', 'SUBTOPIC');
INSERT INTO Subtopic(id, topic) VALUES (60464, 50069);
INSERT INTO Taxon(id, name, level) VALUES (60465, 'nukleiinhapete_ehitus_ning_talitlus', 'SUBTOPIC');
INSERT INTO Subtopic(id, topic) VALUES (60465, 50069);
INSERT INTO Taxon(id, name, level) VALUES (60466, 'süsivesikute_ehituse_ja_talitluse_seos', 'SUBTOPIC');
INSERT INTO Subtopic(id, topic) VALUES (60466, 50069);
INSERT INTO Taxon(id, name, level) VALUES (60467, 'valkude_ehitus_ja_talitlus', 'SUBTOPIC');
INSERT INTO Subtopic(id, topic) VALUES (60467, 50069);
INSERT INTO Taxon(id, name, level) VALUES (60468, 'vee_omaduste_seos_organismide_elutalitlusega', 'SUBTOPIC');
INSERT INTO Subtopic(id, topic) VALUES (60468, 50069);
INSERT INTO Taxon(id, name, level) VALUES (60469, 'vesi_ja_mineraalained_tervislikus_toitumises', 'SUBTOPIC');
INSERT INTO Subtopic(id, topic) VALUES (60469, 50069);
INSERT INTO Taxon(id, name, level) VALUES (60470, 'geneetikaülesanded_AB0_vererühmadest', 'SUBTOPIC');
INSERT INTO Subtopic(id, topic) VALUES (60470, 50070);
INSERT INTO Taxon(id, name, level) VALUES (60471, 'geneetikaülesanded_Mendeli_seadusest', 'SUBTOPIC');
INSERT INTO Subtopic(id, topic) VALUES (60471, 50070);
INSERT INTO Taxon(id, name, level) VALUES (60472, 'geneetikaülesanded_reesussüsteemi_vererühmadest', 'SUBTOPIC');
INSERT INTO Subtopic(id, topic) VALUES (60472, 50070);
INSERT INTO Taxon(id, name, level) VALUES (60473, 'geneetikaülesanded_suguliitelisest_pärandumisest', 'SUBTOPIC');
INSERT INTO Subtopic(id, topic) VALUES (60473, 50070);
INSERT INTO Taxon(id, name, level) VALUES (60474, 'kombinatiivne_muutlikkus', 'SUBTOPIC');
INSERT INTO Subtopic(id, topic) VALUES (60474, 50070);
INSERT INTO Taxon(id, name, level) VALUES (60475, 'Mendeli_hübridiseerimiskatsed', 'SUBTOPIC');
INSERT INTO Subtopic(id, topic) VALUES (60475, 50070);
INSERT INTO Taxon(id, name, level) VALUES (60476, 'mittepäriliku_muutlikkus', 'SUBTOPIC');
INSERT INTO Subtopic(id, topic) VALUES (60476, 50070);
INSERT INTO Taxon(id, name, level) VALUES (60477, 'mutatsiooniline_muutlikkus', 'SUBTOPIC');
INSERT INTO Subtopic(id, topic) VALUES (60477, 50070);
INSERT INTO Taxon(id, name, level) VALUES (60478, 'pärilik_muutlikkus_organismi_tunnuste_kujunemisel', 'SUBTOPIC');
INSERT INTO Subtopic(id, topic) VALUES (60478, 50070);
INSERT INTO Taxon(id, name, level) VALUES (60479, 'pärilikkus_ja_muutlikkus', 'SUBTOPIC');
INSERT INTO Subtopic(id, topic) VALUES (60479, 50070);
INSERT INTO Taxon(id, name, level) VALUES (60480, 'pärilikkuse_ja_keskkonnategurite_mõju_tervisele', 'SUBTOPIC');
INSERT INTO Subtopic(id, topic) VALUES (60480, 50070);
INSERT INTO Taxon(id, name, level) VALUES (60481, 'päriliku_ja_mittepäriliku_muutlikkuse_seos', 'SUBTOPIC');
INSERT INTO Subtopic(id, topic) VALUES (60481, 50070);
INSERT INTO Taxon(id, name, level) VALUES (60482, 'soo_määramine_inimesel', 'SUBTOPIC');
INSERT INTO Subtopic(id, topic) VALUES (60482, 50070);
INSERT INTO Taxon(id, name, level) VALUES (60483, 'suguliiteline_pärandumine', 'SUBTOPIC');
INSERT INTO Subtopic(id, topic) VALUES (60483, 50070);
INSERT INTO Taxon(id, name, level) VALUES (60484, 'ainete_passiivne_ja_aktiivne_transport', 'SUBTOPIC');
INSERT INTO Subtopic(id, topic) VALUES (60484, 50072);
INSERT INTO Taxon(id, name, level) VALUES (60485, 'Golgi_kompleks', 'SUBTOPIC');
INSERT INTO Subtopic(id, topic) VALUES (60485, 50072);
INSERT INTO Taxon(id, name, level) VALUES (60486, 'mitokondrid', 'SUBTOPIC');
INSERT INTO Subtopic(id, topic) VALUES (60486, 50072);
INSERT INTO Taxon(id, name, level) VALUES (60487, 'peamised_inimkoed', 'SUBTOPIC');
INSERT INTO Subtopic(id, topic) VALUES (60487, 50072);
INSERT INTO Taxon(id, name, level) VALUES (60488, 'päristuumse_raku_ehitus', 'SUBTOPIC');
INSERT INTO Subtopic(id, topic) VALUES (60488, 50072);
INSERT INTO Taxon(id, name, level) VALUES (60489, 'raku_ehituse_ja_talitluse_terviklikkus', 'SUBTOPIC');
INSERT INTO Subtopic(id, topic) VALUES (60489, 50072);
INSERT INTO Taxon(id, name, level) VALUES (60490, 'rakumembraani_ülesanded', 'SUBTOPIC');
INSERT INTO Subtopic(id, topic) VALUES (60490, 50072);
INSERT INTO Taxon(id, name, level) VALUES (60491, 'rakuteooria_põhiseisukohad', 'SUBTOPIC');
INSERT INTO Subtopic(id, topic) VALUES (60491, 50072);
INSERT INTO Taxon(id, name, level) VALUES (60492, 'rakutuuma_ja_kromosoomide_tähtsus', 'SUBTOPIC');
INSERT INTO Subtopic(id, topic) VALUES (60492, 50072);
INSERT INTO Taxon(id, name, level) VALUES (60493, 'ribosoomid', 'SUBTOPIC');
INSERT INTO Subtopic(id, topic) VALUES (60493, 50072);
INSERT INTO Taxon(id, name, level) VALUES (60494, 'tsütoplasmavõrgustik', 'SUBTOPIC');
INSERT INTO Subtopic(id, topic) VALUES (60494, 50072);
INSERT INTO Taxon(id, name, level) VALUES (60495, 'tsütoskelett', 'SUBTOPIC');
INSERT INTO Subtopic(id, topic) VALUES (60495, 50072);
INSERT INTO Taxon(id, name, level) VALUES (60496, 'bakterite_mõju_loodusele_ja_inimtegevusele', 'SUBTOPIC');
INSERT INTO Subtopic(id, topic) VALUES (60496, 50073);
INSERT INTO Taxon(id, name, level) VALUES (60497, 'bakterite_rakendusbioloogiline_tähtsus', 'SUBTOPIC');
INSERT INTO Subtopic(id, topic) VALUES (60497, 50073);
INSERT INTO Taxon(id, name, level) VALUES (60498, 'eeltuumse_raku_ehitus_ja_talitlus', 'SUBTOPIC');
INSERT INTO Subtopic(id, topic) VALUES (60498, 50073);
INSERT INTO Taxon(id, name, level) VALUES (60499, 'nakatumine_bakterhaigustesse', 'SUBTOPIC');
INSERT INTO Subtopic(id, topic) VALUES (60499, 50073);
INSERT INTO Taxon(id, name, level) VALUES (60500, 'plastiidid', 'SUBTOPIC');
INSERT INTO Subtopic(id, topic) VALUES (60500, 50073);
INSERT INTO Taxon(id, name, level) VALUES (60501, 'rakukest', 'SUBTOPIC');
INSERT INTO Subtopic(id, topic) VALUES (60501, 50073);
INSERT INTO Taxon(id, name, level) VALUES (60502, 'seeneraku_ehitus_ja_talitlus', 'SUBTOPIC');
INSERT INTO Subtopic(id, topic) VALUES (60502, 50073);
INSERT INTO Taxon(id, name, level) VALUES (60503, 'seenhaigused', 'SUBTOPIC');
INSERT INTO Subtopic(id, topic) VALUES (60503, 50073);
INSERT INTO Taxon(id, name, level) VALUES (60504, 'seente_rakendusbioloogiline_tähtsus', 'SUBTOPIC');
INSERT INTO Subtopic(id, topic) VALUES (60504, 50073);
INSERT INTO Taxon(id, name, level) VALUES (60505, 'seente_roll_looduses_ja_inimtegevuses', 'SUBTOPIC');
INSERT INTO Subtopic(id, topic) VALUES (60505, 50073);
INSERT INTO Taxon(id, name, level) VALUES (60506, 'vakuoolid', 'SUBTOPIC');
INSERT INTO Subtopic(id, topic) VALUES (60506, 50073);
INSERT INTO Taxon(id, name, level) VALUES (60507, 'AIDS', 'SUBTOPIC');
INSERT INTO Subtopic(id, topic) VALUES (60507, 50074);
INSERT INTO Taxon(id, name, level) VALUES (60508, 'bakterite_levik_ja_paljunemine', 'SUBTOPIC');
INSERT INTO Subtopic(id, topic) VALUES (60508, 50074);
INSERT INTO Taxon(id, name, level) VALUES (60509, 'DNA_ja_RNA_viiruste_ehitus_ja_talitlus', 'SUBTOPIC');
INSERT INTO Subtopic(id, topic) VALUES (60509, 50074);
INSERT INTO Taxon(id, name, level) VALUES (60510, 'DNA_ja_RNA_viiruste_tähtsus_looduses', 'SUBTOPIC');
INSERT INTO Subtopic(id, topic) VALUES (60510, 50074);
INSERT INTO Taxon(id, name, level) VALUES (60511, 'geneetika_ja_geenitehnoloogia', 'SUBTOPIC');
INSERT INTO Subtopic(id, topic) VALUES (60511, 50074);
INSERT INTO Taxon(id, name, level) VALUES (60512, 'HIV', 'SUBTOPIC');
INSERT INTO Subtopic(id, topic) VALUES (60512, 50074);
INSERT INTO Taxon(id, name, level) VALUES (60513, 'probleemid_geenitehnoloogia_rakendamisel', 'SUBTOPIC');
INSERT INTO Subtopic(id, topic) VALUES (60513, 50074);
INSERT INTO Taxon(id, name, level) VALUES (60514, 'viirused_ja_bakterid_geenitehnoloogias', 'SUBTOPIC');
INSERT INTO Subtopic(id, topic) VALUES (60514, 50074);
INSERT INTO Taxon(id, name, level) VALUES (60515, 'viirushaigused_inimesel', 'SUBTOPIC');
INSERT INTO Subtopic(id, topic) VALUES (60515, 50074);
INSERT INTO Taxon(id, name, level) VALUES (60516, 'viiruste_levik_ja_paljunemine', 'SUBTOPIC');
INSERT INTO Subtopic(id, topic) VALUES (60516, 50074);
INSERT INTO Taxon(id, name, level) VALUES (60517, 'abiootilised_ökotegurid', 'SUBTOPIC');
INSERT INTO Subtopic(id, topic) VALUES (60517, 50075);
INSERT INTO Taxon(id, name, level) VALUES (60518, 'biootilised_ökotegurid', 'SUBTOPIC');
INSERT INTO Subtopic(id, topic) VALUES (60518, 50075);
INSERT INTO Taxon(id, name, level) VALUES (60519, 'biosfääri_läbiv_energiavoog', 'SUBTOPIC');
INSERT INTO Subtopic(id, topic) VALUES (60519, 50075);
INSERT INTO Taxon(id, name, level) VALUES (60520, 'iseregulatsioon_ökosüsteemis', 'SUBTOPIC');
INSERT INTO Subtopic(id, topic) VALUES (60520, 50075);
INSERT INTO Taxon(id, name, level) VALUES (60521, 'toiduahel', 'SUBTOPIC');
INSERT INTO Subtopic(id, topic) VALUES (60521, 50075);
INSERT INTO Taxon(id, name, level) VALUES (60522, 'ökopüramiidi_reegli_ülesanded', 'SUBTOPIC');
INSERT INTO Subtopic(id, topic) VALUES (60522, 50075);
INSERT INTO Taxon(id, name, level) VALUES (60523, 'ökosüsteemi_struktuur', 'SUBTOPIC');
INSERT INTO Subtopic(id, topic) VALUES (60523, 50075);
INSERT INTO Taxon(id, name, level) VALUES (60524, 'ökotasakaal', 'SUBTOPIC');
INSERT INTO Subtopic(id, topic) VALUES (60524, 50075);
INSERT INTO Taxon(id, name, level) VALUES (60525, 'ökoteguri_toime_graafiline_iseloomustamine', 'SUBTOPIC');
INSERT INTO Subtopic(id, topic) VALUES (60525, 50075);
INSERT INTO Taxon(id, name, level) VALUES (60526, 'asustuse_areng', 'SUBTOPIC');
INSERT INTO Subtopic(id, topic) VALUES (60526, 50076);
INSERT INTO Taxon(id, name, level) VALUES (60527, 'linnade_sisestruktuur', 'SUBTOPIC');
INSERT INTO Subtopic(id, topic) VALUES (60527, 50076);
INSERT INTO Taxon(id, name, level) VALUES (60528, 'linnakeskkond', 'SUBTOPIC');
INSERT INTO Subtopic(id, topic) VALUES (60528, 50076);
INSERT INTO Taxon(id, name, level) VALUES (60529, 'linnastumise_kulg', 'SUBTOPIC');
INSERT INTO Subtopic(id, topic) VALUES (60529, 50076);
INSERT INTO Taxon(id, name, level) VALUES (60530, 'linnastumisega_kaasnevad_probleemid', 'SUBTOPIC');
INSERT INTO Subtopic(id, topic) VALUES (60530, 50076);
INSERT INTO Taxon(id, name, level) VALUES (60531, 'atmosfääri_tähtsus,_koostis,_ehitus,_keskkonnaprobleemid', 'SUBTOPIC');
INSERT INTO Subtopic(id, topic) VALUES (60531, 50077);
INSERT INTO Taxon(id, name, level) VALUES (60532, 'ilmakaart_ja_ilmaprognoos', 'SUBTOPIC');
INSERT INTO Subtopic(id, topic) VALUES (60532, 50077);
INSERT INTO Taxon(id, name, level) VALUES (60533, 'kasvuhooneefekt', 'SUBTOPIC');
INSERT INTO Subtopic(id, topic) VALUES (60533, 50077);
INSERT INTO Taxon(id, name, level) VALUES (60534, 'kiirgusbilanss', 'SUBTOPIC');
INSERT INTO Subtopic(id, topic) VALUES (60534, 50077);
INSERT INTO Taxon(id, name, level) VALUES (60535, 'kliima_erinevused_Maal', 'SUBTOPIC');
INSERT INTO Subtopic(id, topic) VALUES (60535, 50077);
INSERT INTO Taxon(id, name, level) VALUES (60536, 'kliimamuutused', 'SUBTOPIC');
INSERT INTO Subtopic(id, topic) VALUES (60536, 50077);
INSERT INTO Taxon(id, name, level) VALUES (60537, 'kliimat_kujundavad_tegurid', 'SUBTOPIC');
INSERT INTO Subtopic(id, topic) VALUES (60537, 50077);
INSERT INTO Taxon(id, name, level) VALUES (60538, 'õhumassid,_tsüklonid_ning_antitsüklonid', 'SUBTOPIC');
INSERT INTO Subtopic(id, topic) VALUES (60538, 50077);
INSERT INTO Taxon(id, name, level) VALUES (60539, 'üldine_õhuringlus', 'SUBTOPIC');
INSERT INTO Subtopic(id, topic) VALUES (60539, 50077);
INSERT INTO Taxon(id, name, level) VALUES (60540, 'bioomid', 'SUBTOPIC');
INSERT INTO Subtopic(id, topic) VALUES (60540, 50078);
INSERT INTO Taxon(id, name, level) VALUES (60541, 'kliima,_taimestiku,_mullastiku_seosed', 'SUBTOPIC');
INSERT INTO Subtopic(id, topic) VALUES (60541, 50078);
INSERT INTO Taxon(id, name, level) VALUES (60542, 'mulla_koostis_ja_ehitus', 'SUBTOPIC');
INSERT INTO Subtopic(id, topic) VALUES (60542, 50078);
INSERT INTO Taxon(id, name, level) VALUES (60543, 'mulla_omadused', 'SUBTOPIC');
INSERT INTO Subtopic(id, topic) VALUES (60543, 50078);
INSERT INTO Taxon(id, name, level) VALUES (60544, 'mullatekke_tegurid_ja_mullaprotsessid', 'SUBTOPIC');
INSERT INTO Subtopic(id, topic) VALUES (60544, 50078);
INSERT INTO Taxon(id, name, level) VALUES (60545, 'murenemine', 'SUBTOPIC');
INSERT INTO Subtopic(id, topic) VALUES (60545, 50078);
INSERT INTO Taxon(id, name, level) VALUES (60546, 'energiaressursid', 'SUBTOPIC');
INSERT INTO Subtopic(id, topic) VALUES (60546, 50079);
INSERT INTO Taxon(id, name, level) VALUES (60547, 'keskkonnaprobleemid', 'SUBTOPIC');
INSERT INTO Subtopic(id, topic) VALUES (60547, 50079);
INSERT INTO Taxon(id, name, level) VALUES (60548, 'maailma_energiaprobleemid', 'SUBTOPIC');
INSERT INTO Subtopic(id, topic) VALUES (60548, 50079);
INSERT INTO Taxon(id, name, level) VALUES (60549, 'nüüdisaegne_tehnoloogia_energiamajanduses', 'SUBTOPIC');
INSERT INTO Subtopic(id, topic) VALUES (60549, 50079);
INSERT INTO Taxon(id, name, level) VALUES (60550, 'geograafia_areng', 'SUBTOPIC');
INSERT INTO Subtopic(id, topic) VALUES (60550, 50080);
INSERT INTO Taxon(id, name, level) VALUES (60551, 'geograafia_uurimismeetodid', 'SUBTOPIC');
INSERT INTO Subtopic(id, topic) VALUES (60551, 50080);
INSERT INTO Taxon(id, name, level) VALUES (60552, 'geograafia_uurimisvaldkonnad', 'SUBTOPIC');
INSERT INTO Subtopic(id, topic) VALUES (60552, 50080);
INSERT INTO Taxon(id, name, level) VALUES (60553, 'liustikud', 'SUBTOPIC');
INSERT INTO Subtopic(id, topic) VALUES (60553, 50083);
INSERT INTO Taxon(id, name, level) VALUES (60554, 'maailmamere_tähtsus', 'SUBTOPIC');
INSERT INTO Subtopic(id, topic) VALUES (60554, 50083);
INSERT INTO Taxon(id, name, level) VALUES (60555, 'merevee_omadused_ja_vee_liikumine_ookeanis', 'SUBTOPIC');
INSERT INTO Subtopic(id, topic) VALUES (60555, 50083);
INSERT INTO Taxon(id, name, level) VALUES (60556, 'rannaprotsessid,_erinevad_rannikud', 'SUBTOPIC');
INSERT INTO Subtopic(id, topic) VALUES (60556, 50083);
INSERT INTO Taxon(id, name, level) VALUES (60557, 'vee_jaotumine_Maal_ja_veeringe', 'SUBTOPIC');
INSERT INTO Subtopic(id, topic) VALUES (60557, 50083);
INSERT INTO Taxon(id, name, level) VALUES (60558, 'kivimite_liigitus_tekke_alusel', 'SUBTOPIC');
INSERT INTO Subtopic(id, topic) VALUES (60558, 50084);
INSERT INTO Taxon(id, name, level) VALUES (60559, 'laamtektoonika', 'SUBTOPIC');
INSERT INTO Subtopic(id, topic) VALUES (60559, 50084);
INSERT INTO Taxon(id, name, level) VALUES (60560, 'litosfääri_koostis', 'SUBTOPIC');
INSERT INTO Subtopic(id, topic) VALUES (60560, 50084);
INSERT INTO Taxon(id, name, level) VALUES (60561, 'Maa_siseehitus', 'SUBTOPIC');
INSERT INTO Subtopic(id, topic) VALUES (60561, 50084);
INSERT INTO Taxon(id, name, level) VALUES (60562, 'maavärinad', 'SUBTOPIC');
INSERT INTO Subtopic(id, topic) VALUES (60562, 50084);
INSERT INTO Taxon(id, name, level) VALUES (60563, 'vulkanism', 'SUBTOPIC');
INSERT INTO Subtopic(id, topic) VALUES (60563, 50084);
INSERT INTO Taxon(id, name, level) VALUES (60564, 'geoloogiline_ajaarvamine', 'SUBTOPIC');
INSERT INTO Subtopic(id, topic) VALUES (60564, 50086);
INSERT INTO Taxon(id, name, level) VALUES (60565, 'Maa_kui_süsteem', 'SUBTOPIC');
INSERT INTO Subtopic(id, topic) VALUES (60565, 50086);
INSERT INTO Taxon(id, name, level) VALUES (60566, 'Maa_teke_ja_areng', 'SUBTOPIC');
INSERT INTO Subtopic(id, topic) VALUES (60566, 50086);
INSERT INTO Taxon(id, name, level) VALUES (60567, 'ekvatoriaalsed_vihmametsad', 'SUBTOPIC');
INSERT INTO Subtopic(id, topic) VALUES (60567, 50087);
INSERT INTO Taxon(id, name, level) VALUES (60568, 'eri_tüüpi_metsade_levik', 'SUBTOPIC');
INSERT INTO Subtopic(id, topic) VALUES (60568, 50087);
INSERT INTO Taxon(id, name, level) VALUES (60569, 'metsade_hävimine', 'SUBTOPIC');
INSERT INTO Subtopic(id, topic) VALUES (60569, 50087);
INSERT INTO Taxon(id, name, level) VALUES (60570, 'metsade_säästlik_majandamine_ja_kaitse', 'SUBTOPIC');
INSERT INTO Subtopic(id, topic) VALUES (60570, 50087);
INSERT INTO Taxon(id, name, level) VALUES (60571, 'metsatööstus', 'SUBTOPIC');
INSERT INTO Subtopic(id, topic) VALUES (60571, 50087);
INSERT INTO Taxon(id, name, level) VALUES (60572, 'parasvöötme_okasmetsad', 'SUBTOPIC');
INSERT INTO Subtopic(id, topic) VALUES (60572, 50087);
INSERT INTO Taxon(id, name, level) VALUES (60573, 'muutused_majanduse_struktuuris_ja_hõives', 'SUBTOPIC');
INSERT INTO Subtopic(id, topic) VALUES (60573, 50088);
INSERT INTO Taxon(id, name, level) VALUES (60574, 'rahvusvaheliste_firmade_osa_majanduses', 'SUBTOPIC');
INSERT INTO Subtopic(id, topic) VALUES (60574, 50088);
INSERT INTO Taxon(id, name, level) VALUES (60575, 'tootmist_mõjutavad_tegurid', 'SUBTOPIC');
INSERT INTO Subtopic(id, topic) VALUES (60575, 50088);
INSERT INTO Taxon(id, name, level) VALUES (60576, 'transpordi_areng_ja_mõju_maailmamajandusele', 'SUBTOPIC');
INSERT INTO Subtopic(id, topic) VALUES (60576, 50088);
INSERT INTO Taxon(id, name, level) VALUES (60577, 'turismi_roll', 'SUBTOPIC');
INSERT INTO Subtopic(id, topic) VALUES (60577, 50088);
INSERT INTO Taxon(id, name, level) VALUES (60578, 'kalavarude_vähenemine', 'SUBTOPIC');
INSERT INTO Subtopic(id, topic) VALUES (60578, 50089);
INSERT INTO Taxon(id, name, level) VALUES (60579, 'maailma_kalandus_ja_vesiviljelus', 'SUBTOPIC');
INSERT INTO Subtopic(id, topic) VALUES (60579, 50089);
INSERT INTO Taxon(id, name, level) VALUES (60580, 'maailma_toiduprobleemid', 'SUBTOPIC');
INSERT INTO Subtopic(id, topic) VALUES (60580, 50089);
INSERT INTO Taxon(id, name, level) VALUES (60581, 'maailmamere_reostumine', 'SUBTOPIC');
INSERT INTO Subtopic(id, topic) VALUES (60581, 50089);
INSERT INTO Taxon(id, name, level) VALUES (60582, 'põllumajanduse_arengut_mõjutavad_tegurid', 'SUBTOPIC');
INSERT INTO Subtopic(id, topic) VALUES (60582, 50089);
INSERT INTO Taxon(id, name, level) VALUES (60583, 'põllumajanduse_mõju_keskkonnale', 'SUBTOPIC');
INSERT INTO Subtopic(id, topic) VALUES (60583, 50089);
INSERT INTO Taxon(id, name, level) VALUES (60584, 'põllumajanduslik_tootmine_eri_riikides', 'SUBTOPIC');
INSERT INTO Subtopic(id, topic) VALUES (60584, 50089);
INSERT INTO Taxon(id, name, level) VALUES (60585, 'põllumajandusliku_tootmise_tüübid', 'SUBTOPIC');
INSERT INTO Subtopic(id, topic) VALUES (60585, 50089);
INSERT INTO Taxon(id, name, level) VALUES (60586, 'demograafiline_üleminek', 'SUBTOPIC');
INSERT INTO Subtopic(id, topic) VALUES (60586, 50090);
INSERT INTO Taxon(id, name, level) VALUES (60587, 'maailma_rahvaarv', 'SUBTOPIC');
INSERT INTO Subtopic(id, topic) VALUES (60587, 50090);
INSERT INTO Taxon(id, name, level) VALUES (60588, 'pagulus', 'SUBTOPIC');
INSERT INTO Subtopic(id, topic) VALUES (60588, 50090);
INSERT INTO Taxon(id, name, level) VALUES (60589, 'peamised_rändevood', 'SUBTOPIC');
INSERT INTO Subtopic(id, topic) VALUES (60589, 50090);
INSERT INTO Taxon(id, name, level) VALUES (60590, 'rahvastiku_paiknemine_ja_tihedus', 'SUBTOPIC');
INSERT INTO Subtopic(id, topic) VALUES (60590, 50090);
INSERT INTO Taxon(id, name, level) VALUES (60591, 'rahvastiku_struktuur', 'SUBTOPIC');
INSERT INTO Subtopic(id, topic) VALUES (60591, 50090);
INSERT INTO Taxon(id, name, level) VALUES (60592, 'rahvastikupoliitika', 'SUBTOPIC');
INSERT INTO Subtopic(id, topic) VALUES (60592, 50090);
INSERT INTO Taxon(id, name, level) VALUES (60593, 'rände_põhjused_ning_liigitamine', 'SUBTOPIC');
INSERT INTO Subtopic(id, topic) VALUES (60593, 50090);
INSERT INTO Taxon(id, name, level) VALUES (60594, 'rände_tagajärjed', 'SUBTOPIC');
INSERT INTO Subtopic(id, topic) VALUES (60594, 50090);
INSERT INTO Taxon(id, name, level) VALUES (60595, 'rändega_seotud_probleemid', 'SUBTOPIC');
INSERT INTO Subtopic(id, topic) VALUES (60595, 50090);
INSERT INTO Taxon(id, name, level) VALUES (60596, 'sündimus_ja_suremus', 'SUBTOPIC');
INSERT INTO Subtopic(id, topic) VALUES (60596, 50090);
INSERT INTO Taxon(id, name, level) VALUES (60597, 'agraar-,_tööstus-_ja_infoühiskond', 'SUBTOPIC');
INSERT INTO Subtopic(id, topic) VALUES (60597, 50091);
INSERT INTO Taxon(id, name, level) VALUES (60598, 'riikide_arengutaseme_mõõtmine', 'SUBTOPIC');
INSERT INTO Subtopic(id, topic) VALUES (60598, 50091);
INSERT INTO Taxon(id, name, level) VALUES (60599, 'riikide_liigitamine_arengutaseme_ja_majanduse_järgi', 'SUBTOPIC');
INSERT INTO Subtopic(id, topic) VALUES (60599, 50091);
INSERT INTO Taxon(id, name, level) VALUES (60600, 'üleilmastumine_ehk_globaliseerumine', 'SUBTOPIC');
INSERT INTO Subtopic(id, topic) VALUES (60600, 50091);
INSERT INTO Taxon(id, name, level) VALUES (60601, 'aatomi_ehitus', 'SUBTOPIC');
INSERT INTO Subtopic(id, topic) VALUES (60601, 50092);
INSERT INTO Taxon(id, name, level) VALUES (60602, 'aine_ehitus_ja_füüsikalised_omadused', 'SUBTOPIC');
INSERT INTO Subtopic(id, topic) VALUES (60602, 50092);
INSERT INTO Taxon(id, name, level) VALUES (60603, 'keemilise_sideme_liigid', 'SUBTOPIC');
INSERT INTO Subtopic(id, topic) VALUES (60603, 50092);
INSERT INTO Taxon(id, name, level) VALUES (60604, 'molekulidevahelised_jõud', 'SUBTOPIC');
INSERT INTO Subtopic(id, topic) VALUES (60604, 50092);
INSERT INTO Taxon(id, name, level) VALUES (60605, 'perioodilisustabel', 'SUBTOPIC');
INSERT INTO Subtopic(id, topic) VALUES (60605, 50092);
INSERT INTO Taxon(id, name, level) VALUES (60606, 'vesinikside', 'SUBTOPIC');
INSERT INTO Subtopic(id, topic) VALUES (60606, 50092);
INSERT INTO Taxon(id, name, level) VALUES (60607, 'keemia_ja_karjäärivalikud', 'SUBTOPIC');
INSERT INTO Subtopic(id, topic) VALUES (60607, 50095);
INSERT INTO Taxon(id, name, level) VALUES (60608, 'keemia_kui_teaduse_kujunemine', 'SUBTOPIC');
INSERT INTO Subtopic(id, topic) VALUES (60608, 50095);
INSERT INTO Taxon(id, name, level) VALUES (60609, 'uurimismeetodid_keemias', 'SUBTOPIC');
INSERT INTO Subtopic(id, topic) VALUES (60609, 50095);
INSERT INTO Taxon(id, name, level) VALUES (60610, 'aktiveerimisenergia', 'SUBTOPIC');
INSERT INTO Subtopic(id, topic) VALUES (60610, 50096);
INSERT INTO Taxon(id, name, level) VALUES (60611, 'ekso-_ja_endotermilised_reaktsioonid', 'SUBTOPIC');
INSERT INTO Subtopic(id, topic) VALUES (60611, 50096);
INSERT INTO Taxon(id, name, level) VALUES (60612, 'keemiline_tasakaal_ja_selle_nihkumine', 'SUBTOPIC');
INSERT INTO Subtopic(id, topic) VALUES (60612, 50096);
INSERT INTO Taxon(id, name, level) VALUES (60613, 'keemilise_reaktsiooni_kiirus', 'SUBTOPIC');
INSERT INTO Subtopic(id, topic) VALUES (60613, 50096);
INSERT INTO Taxon(id, name, level) VALUES (60614, 'ainete_lahustumisprotsess', 'SUBTOPIC');
INSERT INTO Subtopic(id, topic) VALUES (60614, 50097);
INSERT INTO Taxon(id, name, level) VALUES (60615, 'elektrolüüdid_ja_mitteelektrolüüdid', 'SUBTOPIC');
INSERT INTO Subtopic(id, topic) VALUES (60615, 50097);
INSERT INTO Taxon(id, name, level) VALUES (60616, 'ioonidevahelised_reaktsioonid_lahustes', 'SUBTOPIC');
INSERT INTO Subtopic(id, topic) VALUES (60616, 50097);
INSERT INTO Taxon(id, name, level) VALUES (60617, 'keskkond_hüdrolüüsuva_soola_lahuses', 'SUBTOPIC');
INSERT INTO Subtopic(id, topic) VALUES (60617, 50097);
INSERT INTO Taxon(id, name, level) VALUES (60618, 'molaarne_kontsentratsioon', 'SUBTOPIC');
INSERT INTO Subtopic(id, topic) VALUES (60618, 50097);
INSERT INTO Taxon(id, name, level) VALUES (60619, 'pH', 'SUBTOPIC');
INSERT INTO Subtopic(id, topic) VALUES (60619, 50097);
INSERT INTO Taxon(id, name, level) VALUES (60620, 'protolüütiline_teooria', 'SUBTOPIC');
INSERT INTO Subtopic(id, topic) VALUES (60620, 50097);
INSERT INTO Taxon(id, name, level) VALUES (60621, 'tugevad_ja_nõrgad_elektrolüüdid', 'SUBTOPIC');
INSERT INTO Subtopic(id, topic) VALUES (60621, 50097);
INSERT INTO Taxon(id, name, level) VALUES (60622, 'elektrolüüs', 'SUBTOPIC');
INSERT INTO Subtopic(id, topic) VALUES (60622, 50099);
INSERT INTO Taxon(id, name, level) VALUES (60623, 'keemilised_vooluallikad', 'SUBTOPIC');
INSERT INTO Subtopic(id, topic) VALUES (60623, 50099);
INSERT INTO Taxon(id, name, level) VALUES (60624, 'korrosioon', 'SUBTOPIC');
INSERT INTO Subtopic(id, topic) VALUES (60624, 50099);
INSERT INTO Taxon(id, name, level) VALUES (60625, 'lisandite_arvestamine_moolarvutustes', 'SUBTOPIC');
INSERT INTO Subtopic(id, topic) VALUES (60625, 50099);
INSERT INTO Taxon(id, name, level) VALUES (60626, 'metallid_ja_nende_ühendid_igapäevaelus', 'SUBTOPIC');
INSERT INTO Subtopic(id, topic) VALUES (60626, 50099);
INSERT INTO Taxon(id, name, level) VALUES (60627, 'metallide_füüsikalised_ja_keemilised_omadused', 'SUBTOPIC');
INSERT INTO Subtopic(id, topic) VALUES (60627, 50099);
INSERT INTO Taxon(id, name, level) VALUES (60628, 'metallide_keemilise_aktiivsuse_võrdlus', 'SUBTOPIC');
INSERT INTO Subtopic(id, topic) VALUES (60628, 50099);
INSERT INTO Taxon(id, name, level) VALUES (60629, 'metallide_pingerida', 'SUBTOPIC');
INSERT INTO Subtopic(id, topic) VALUES (60629, 50099);
INSERT INTO Taxon(id, name, level) VALUES (60630, 'metallide_saamine_maagist', 'SUBTOPIC');
INSERT INTO Subtopic(id, topic) VALUES (60630, 50099);
INSERT INTO Taxon(id, name, level) VALUES (60631, 'saagise_arvutamine', 'SUBTOPIC');
INSERT INTO Subtopic(id, topic) VALUES (60631, 50099);
INSERT INTO Taxon(id, name, level) VALUES (60632, 'mittemetallide_füüsikalised_ja_keemilised_omadused', 'SUBTOPIC');
INSERT INTO Subtopic(id, topic) VALUES (60632, 50100);
INSERT INTO Taxon(id, name, level) VALUES (60633, 'mittemetallide_keemiline_aktiivsus', 'SUBTOPIC');
INSERT INTO Subtopic(id, topic) VALUES (60633, 50100);
INSERT INTO Taxon(id, name, level) VALUES (60634, 'aldehüüdid', 'SUBTOPIC');
INSERT INTO Subtopic(id, topic) VALUES (60634, 50101);
INSERT INTO Taxon(id, name, level) VALUES (60635, 'asendatud_karboksüülhapped', 'SUBTOPIC');
INSERT INTO Subtopic(id, topic) VALUES (60635, 50101);
INSERT INTO Taxon(id, name, level) VALUES (60636, 'karboksüülhapete_funktsionaalderivaadid', 'SUBTOPIC');
INSERT INTO Subtopic(id, topic) VALUES (60636, 50101);
INSERT INTO Taxon(id, name, level) VALUES (60637, 'polükondensatsioon', 'SUBTOPIC');
INSERT INTO Subtopic(id, topic) VALUES (60637, 50101);
INSERT INTO Taxon(id, name, level) VALUES (60638, 'rasvad', 'SUBTOPIC');
INSERT INTO Subtopic(id, topic) VALUES (60638, 50101);
INSERT INTO Taxon(id, name, level) VALUES (60639, 'sahhariidid', 'SUBTOPIC');
INSERT INTO Subtopic(id, topic) VALUES (60639, 50101);
INSERT INTO Taxon(id, name, level) VALUES (60640, 'valgud', 'SUBTOPIC');
INSERT INTO Subtopic(id, topic) VALUES (60640, 50101);
INSERT INTO Taxon(id, name, level) VALUES (60641, 'alkaanid', 'SUBTOPIC');
INSERT INTO Subtopic(id, topic) VALUES (60641, 50102);
INSERT INTO Taxon(id, name, level) VALUES (60642, 'alkoholid', 'SUBTOPIC');
INSERT INTO Subtopic(id, topic) VALUES (60642, 50102);
INSERT INTO Taxon(id, name, level) VALUES (60643, 'halogeeniühendid', 'SUBTOPIC');
INSERT INTO Subtopic(id, topic) VALUES (60643, 50102);
INSERT INTO Taxon(id, name, level) VALUES (60644, 'isomeeria', 'SUBTOPIC');
INSERT INTO Subtopic(id, topic) VALUES (60644, 50102);
INSERT INTO Taxon(id, name, level) VALUES (60645, 'küllastumata_ja_aromaatsed_süsivesinikud,_alkaanid', 'SUBTOPIC');
INSERT INTO Subtopic(id, topic) VALUES (60645, 50102);
INSERT INTO Taxon(id, name, level) VALUES (60646, 'primaarsed_amiinid', 'SUBTOPIC');
INSERT INTO Subtopic(id, topic) VALUES (60646, 50102);
INSERT INTO Taxon(id, name, level) VALUES (60647, 'süsinikuühendite_struktuur_ja_selle_kujutamine', 'SUBTOPIC');
INSERT INTO Subtopic(id, topic) VALUES (60647, 50102);
INSERT INTO Taxon(id, name, level) VALUES (60648, 'süsivesinikud_looduses_ning_tööstuses', 'SUBTOPIC');
INSERT INTO Subtopic(id, topic) VALUES (60648, 50102);
INSERT INTO Taxon(id, name, level) VALUES (60649, 'absoluutne_ja_suhteline_niiskus', 'SUBTOPIC');
INSERT INTO Subtopic(id, topic) VALUES (60649, 50103);
INSERT INTO Taxon(id, name, level) VALUES (60650, 'aine_olekud', 'SUBTOPIC');
INSERT INTO Subtopic(id, topic) VALUES (60650, 50103);
INSERT INTO Taxon(id, name, level) VALUES (60651, 'faasisiirded,_siirdesoojused', 'SUBTOPIC');
INSERT INTO Subtopic(id, topic) VALUES (60651, 50103);
INSERT INTO Taxon(id, name, level) VALUES (60652, 'ilmastikunähtused', 'SUBTOPIC');
INSERT INTO Subtopic(id, topic) VALUES (60652, 50103);
INSERT INTO Taxon(id, name, level) VALUES (60653, 'küllastunud_ja_küllastumata_aur', 'SUBTOPIC');
INSERT INTO Subtopic(id, topic) VALUES (60653, 50103);
INSERT INTO Taxon(id, name, level) VALUES (60654, 'molekulaarjõud', 'SUBTOPIC');
INSERT INTO Subtopic(id, topic) VALUES (60654, 50103);
INSERT INTO Taxon(id, name, level) VALUES (60655, 'märgamine_ja_kapillaarsus', 'SUBTOPIC');
INSERT INTO Subtopic(id, topic) VALUES (60655, 50103);
INSERT INTO Taxon(id, name, level) VALUES (60656, 'pindpinevus', 'SUBTOPIC');
INSERT INTO Subtopic(id, topic) VALUES (60656, 50103);
INSERT INTO Taxon(id, name, level) VALUES (60657, 'reaalgaas', 'SUBTOPIC');
INSERT INTO Subtopic(id, topic) VALUES (60657, 50103);
INSERT INTO Taxon(id, name, level) VALUES (60658, 'veeaur_õhus,_õhuniiskus', 'SUBTOPIC');
INSERT INTO Subtopic(id, topic) VALUES (60658, 50103);
INSERT INTO Taxon(id, name, level) VALUES (60659, 'elastsusjõud', 'SUBTOPIC');
INSERT INTO Subtopic(id, topic) VALUES (60659, 50104);
INSERT INTO Taxon(id, name, level) VALUES (60660, 'energia_jäävuse_seadus_looduses_ja_tehnikas', 'SUBTOPIC');
INSERT INTO Subtopic(id, topic) VALUES (60660, 50104);
INSERT INTO Taxon(id, name, level) VALUES (60661, 'energia_miinimumi_printsiip', 'SUBTOPIC');
INSERT INTO Subtopic(id, topic) VALUES (60661, 50104);
INSERT INTO Taxon(id, name, level) VALUES (60662, 'gravitatsiooniseadus', 'SUBTOPIC');
INSERT INTO Subtopic(id, topic) VALUES (60662, 50104);
INSERT INTO Taxon(id, name, level) VALUES (60663, 'Hooke\'i_seadus', 'SUBTOPIC');
INSERT INTO Subtopic(id, topic) VALUES (60663, 50104);
INSERT INTO Taxon(id, name, level) VALUES (60664, 'hõõrdejõud_ja_hõõrdetegur', 'SUBTOPIC');
INSERT INTO Subtopic(id, topic) VALUES (60664, 50104);
INSERT INTO Taxon(id, name, level) VALUES (60665, 'impulsi_jäävus', 'SUBTOPIC');
INSERT INTO Subtopic(id, topic) VALUES (60665, 50104);
INSERT INTO Taxon(id, name, level) VALUES (60666, 'jõud_ja_liikumine', 'SUBTOPIC');
INSERT INTO Subtopic(id, topic) VALUES (60666, 50104);
INSERT INTO Taxon(id, name, level) VALUES (60667, 'jõud,_jõudude_liitmine', 'SUBTOPIC');
INSERT INTO Subtopic(id, topic) VALUES (60667, 50104);
INSERT INTO Taxon(id, name, level) VALUES (60668, 'jäikustegur', 'SUBTOPIC');
INSERT INTO Subtopic(id, topic) VALUES (60668, 50104);
INSERT INTO Taxon(id, name, level) VALUES (60669, 'kaalutus', 'SUBTOPIC');
INSERT INTO Subtopic(id, topic) VALUES (60669, 50104);
INSERT INTO Taxon(id, name, level) VALUES (60670, 'keha_impulss', 'SUBTOPIC');
INSERT INTO Subtopic(id, topic) VALUES (60670, 50104);
INSERT INTO Taxon(id, name, level) VALUES (60671, 'mehaaniline_energia', 'SUBTOPIC');
INSERT INTO Subtopic(id, topic) VALUES (60671, 50104);
INSERT INTO Taxon(id, name, level) VALUES (60672, 'mehaanilise_energia_jäävuse_seadus', 'SUBTOPIC');
INSERT INTO Subtopic(id, topic) VALUES (60672, 50104);
INSERT INTO Taxon(id, name, level) VALUES (60673, 'Newtoni_seadused', 'SUBTOPIC');
INSERT INTO Subtopic(id, topic) VALUES (60673, 50104);
INSERT INTO Taxon(id, name, level) VALUES (60674, 'raskusjõud,_keha_kaal', 'SUBTOPIC');
INSERT INTO Subtopic(id, topic) VALUES (60674, 50104);
INSERT INTO Taxon(id, name, level) VALUES (60675, 'reaktiivliikumine', 'SUBTOPIC');
INSERT INTO Subtopic(id, topic) VALUES (60675, 50104);
INSERT INTO Taxon(id, name, level) VALUES (60676, 'töö_ja_energia', 'SUBTOPIC');
INSERT INTO Subtopic(id, topic) VALUES (60676, 50104);
INSERT INTO Taxon(id, name, level) VALUES (60677, 'aine_ja_väli', 'SUBTOPIC');
INSERT INTO Subtopic(id, topic) VALUES (60677, 50105);
INSERT INTO Taxon(id, name, level) VALUES (60678, 'Ampere\'i_jõud', 'SUBTOPIC');
INSERT INTO Subtopic(id, topic) VALUES (60678, 50105);
INSERT INTO Taxon(id, name, level) VALUES (60679, 'Coulomb\'i_seadus', 'SUBTOPIC');
INSERT INTO Subtopic(id, topic) VALUES (60679, 50105);
INSERT INTO Taxon(id, name, level) VALUES (60680, 'elektri-_ja_magnetvälja_energia', 'SUBTOPIC');
INSERT INTO Subtopic(id, topic) VALUES (60680, 50105);
INSERT INTO Taxon(id, name, level) VALUES (60681, 'elektrilaeng', 'SUBTOPIC');
INSERT INTO Subtopic(id, topic) VALUES (60681, 50105);
INSERT INTO Taxon(id, name, level) VALUES (60682, 'elektrimootor_ja_generaator', 'SUBTOPIC');
INSERT INTO Subtopic(id, topic) VALUES (60682, 50105);
INSERT INTO Taxon(id, name, level) VALUES (60683, 'elektrivool', 'SUBTOPIC');
INSERT INTO Subtopic(id, topic) VALUES (60683, 50105);
INSERT INTO Taxon(id, name, level) VALUES (60684, 'elektrivälja_potentsiaal_ja_pinge', 'SUBTOPIC');
INSERT INTO Subtopic(id, topic) VALUES (60684, 50105);
INSERT INTO Taxon(id, name, level) VALUES (60685, 'elektromagnetiline_induktsioon', 'SUBTOPIC');
INSERT INTO Subtopic(id, topic) VALUES (60685, 50105);
INSERT INTO Taxon(id, name, level) VALUES (60686, 'eneseinduktsioon', 'SUBTOPIC');
INSERT INTO Subtopic(id, topic) VALUES (60686, 50105);
INSERT INTO Taxon(id, name, level) VALUES (60687, 'Faraday_induktsiooniseadus', 'SUBTOPIC');
INSERT INTO Subtopic(id, topic) VALUES (60687, 50105);
INSERT INTO Taxon(id, name, level) VALUES (60688, 'induktiivpool', 'SUBTOPIC');
INSERT INTO Subtopic(id, topic) VALUES (60688, 50105);
INSERT INTO Taxon(id, name, level) VALUES (60689, 'induktsiooni_elektromotoorjõud', 'SUBTOPIC');
INSERT INTO Subtopic(id, topic) VALUES (60689, 50105);
INSERT INTO Taxon(id, name, level) VALUES (60690, 'kondensaator', 'SUBTOPIC');
INSERT INTO Subtopic(id, topic) VALUES (60690, 50105);
INSERT INTO Taxon(id, name, level) VALUES (60691, 'laengu_jäävus', 'SUBTOPIC');
INSERT INTO Subtopic(id, topic) VALUES (60691, 50105);
INSERT INTO Taxon(id, name, level) VALUES (60692, 'Lenzi_reegel', 'SUBTOPIC');
INSERT INTO Subtopic(id, topic) VALUES (60692, 50105);
INSERT INTO Taxon(id, name, level) VALUES (60693, 'Lorentzi_jõud', 'SUBTOPIC');
INSERT INTO Subtopic(id, topic) VALUES (60693, 50105);
INSERT INTO Taxon(id, name, level) VALUES (60694, 'magnetinduktsioon', 'SUBTOPIC');
INSERT INTO Subtopic(id, topic) VALUES (60694, 50105);
INSERT INTO Taxon(id, name, level) VALUES (60695, 'magnetvoog', 'SUBTOPIC');
INSERT INTO Subtopic(id, topic) VALUES (60695, 50105);
INSERT INTO Taxon(id, name, level) VALUES (60696, 'pinge_ja_väljatugevuse_seos', 'SUBTOPIC');
INSERT INTO Subtopic(id, topic) VALUES (60696, 50105);
INSERT INTO Taxon(id, name, level) VALUES (60697, 'punktlaeng', 'SUBTOPIC');
INSERT INTO Subtopic(id, topic) VALUES (60697, 50105);
INSERT INTO Taxon(id, name, level) VALUES (60698, 'püsimagnet_ja_vooluga_juhe', 'SUBTOPIC');
INSERT INTO Subtopic(id, topic) VALUES (60698, 50105);
INSERT INTO Taxon(id, name, level) VALUES (60699, 'solenoid', 'SUBTOPIC');
INSERT INTO Subtopic(id, topic) VALUES (60699, 50105);
INSERT INTO Taxon(id, name, level) VALUES (60700, 'välja_jõujooned', 'SUBTOPIC');
INSERT INTO Subtopic(id, topic) VALUES (60700, 50105);
INSERT INTO Taxon(id, name, level) VALUES (60701, 'väljade_liitumine,_superpositsioon', 'SUBTOPIC');
INSERT INTO Subtopic(id, topic) VALUES (60701, 50105);
INSERT INTO Taxon(id, name, level) VALUES (60702, 'väljatugevus', 'SUBTOPIC');
INSERT INTO Subtopic(id, topic) VALUES (60702, 50105);
INSERT INTO Taxon(id, name, level) VALUES (60703, 'atomistlik_printsiip', 'SUBTOPIC');
INSERT INTO Subtopic(id, topic) VALUES (60703, 50106);
INSERT INTO Taxon(id, name, level) VALUES (60704, 'difraktsioon_ja_interferents', 'SUBTOPIC');
INSERT INTO Subtopic(id, topic) VALUES (60704, 50106);
INSERT INTO Taxon(id, name, level) VALUES (60705, 'elektromagnetlained', 'SUBTOPIC');
INSERT INTO Subtopic(id, topic) VALUES (60705, 50106);
INSERT INTO Taxon(id, name, level) VALUES (60706, 'elektromagnetlainete_amplituud_ja_intensiivsus', 'SUBTOPIC');
INSERT INTO Subtopic(id, topic) VALUES (60706, 50106);
INSERT INTO Taxon(id, name, level) VALUES (60707, 'footoni_energia', 'SUBTOPIC');
INSERT INTO Subtopic(id, topic) VALUES (60707, 50106);
INSERT INTO Taxon(id, name, level) VALUES (60708, 'murdumisseadus', 'SUBTOPIC');
INSERT INTO Subtopic(id, topic) VALUES (60708, 50106);
INSERT INTO Taxon(id, name, level) VALUES (60709, 'polariseeritud_valgus', 'SUBTOPIC');
INSERT INTO Subtopic(id, topic) VALUES (60709, 50106);
INSERT INTO Taxon(id, name, level) VALUES (60710, 'soojuskiirgus_ja_luminestsents', 'SUBTOPIC');
INSERT INTO Subtopic(id, topic) VALUES (60710, 50106);
INSERT INTO Taxon(id, name, level) VALUES (60711, 'spektraalanalüüs', 'SUBTOPIC');
INSERT INTO Subtopic(id, topic) VALUES (60711, 50106);
INSERT INTO Taxon(id, name, level) VALUES (60712, 'spektroskoop', 'SUBTOPIC');
INSERT INTO Subtopic(id, topic) VALUES (60712, 50106);
INSERT INTO Taxon(id, name, level) VALUES (60713, 'valguse_dispersioon', 'SUBTOPIC');
INSERT INTO Subtopic(id, topic) VALUES (60713, 50106);
INSERT INTO Taxon(id, name, level) VALUES (60714, 'valguse_dualism', 'SUBTOPIC');
INSERT INTO Subtopic(id, topic) VALUES (60714, 50106);
INSERT INTO Taxon(id, name, level) VALUES (60715, 'valguse_kiirgumine', 'SUBTOPIC');
INSERT INTO Subtopic(id, topic) VALUES (60715, 50106);
INSERT INTO Taxon(id, name, level) VALUES (60716, 'valguse_värvus_ja_lainepikkus', 'SUBTOPIC');
INSERT INTO Subtopic(id, topic) VALUES (60716, 50106);
INSERT INTO Taxon(id, name, level) VALUES (60717, 'elektrienergia_ülekanne', 'SUBTOPIC');
INSERT INTO Subtopic(id, topic) VALUES (60717, 50107);
INSERT INTO Taxon(id, name, level) VALUES (60718, 'elektriohutus', 'SUBTOPIC');
INSERT INTO Subtopic(id, topic) VALUES (60718, 50107);
INSERT INTO Taxon(id, name, level) VALUES (60719, 'elektrivoolu_tekkemehhanism', 'SUBTOPIC');
INSERT INTO Subtopic(id, topic) VALUES (60719, 50107);
INSERT INTO Taxon(id, name, level) VALUES (60720, 'metalli_eritakistus', 'SUBTOPIC');
INSERT INTO Subtopic(id, topic) VALUES (60720, 50107);
INSERT INTO Taxon(id, name, level) VALUES (60721, 'Ohmi_seadus', 'SUBTOPIC');
INSERT INTO Subtopic(id, topic) VALUES (60721, 50107);
INSERT INTO Taxon(id, name, level) VALUES (60722, 'vahelduvvool', 'SUBTOPIC');
INSERT INTO Subtopic(id, topic) VALUES (60722, 50107);
INSERT INTO Taxon(id, name, level) VALUES (60723, 'vahelduvvoolu_võimsus', 'SUBTOPIC');
INSERT INTO Subtopic(id, topic) VALUES (60723, 50107);
INSERT INTO Taxon(id, name, level) VALUES (60724, 'valgusdiood_ja_fotoelement', 'SUBTOPIC');
INSERT INTO Subtopic(id, topic) VALUES (60724, 50107);
INSERT INTO Taxon(id, name, level) VALUES (60725, 'vedelike,_gaaside_ja_pooljuhtide_elektrijuhtivus', 'SUBTOPIC');
INSERT INTO Subtopic(id, topic) VALUES (60725, 50107);
INSERT INTO Taxon(id, name, level) VALUES (60726, 'vooluallika_elektromotoorjõud_ja_sisetakistus', 'SUBTOPIC');
INSERT INTO Subtopic(id, topic) VALUES (60726, 50107);
INSERT INTO Taxon(id, name, level) VALUES (60727, 'voolutugevuse_ja_pinge_efektiivväärtused', 'SUBTOPIC');
INSERT INTO Subtopic(id, topic) VALUES (60727, 50107);
INSERT INTO Taxon(id, name, level) VALUES (60728, 'aero-_ja_hüdrodünaamika', 'SUBTOPIC');
INSERT INTO Subtopic(id, topic) VALUES (60728, 50108);
INSERT INTO Taxon(id, name, level) VALUES (60729, 'ainete_magnetilised_omadused', 'SUBTOPIC');
INSERT INTO Subtopic(id, topic) VALUES (60729, 50108);
INSERT INTO Taxon(id, name, level) VALUES (60730, 'ebatavalised_faasid_ja_faasisiirded', 'SUBTOPIC');
INSERT INTO Subtopic(id, topic) VALUES (60730, 50108);
INSERT INTO Taxon(id, name, level) VALUES (60731, 'elastsuslained', 'SUBTOPIC');
INSERT INTO Subtopic(id, topic) VALUES (60731, 50108);
INSERT INTO Taxon(id, name, level) VALUES (60732, 'elektrivool_vedelikes_ja_gaasides', 'SUBTOPIC');
INSERT INTO Subtopic(id, topic) VALUES (60732, 50108);
INSERT INTO Taxon(id, name, level) VALUES (60733, 'elektromagnetvõnkumised_ja_-lained', 'SUBTOPIC');
INSERT INTO Subtopic(id, topic) VALUES (60733, 50108);
INSERT INTO Taxon(id, name, level) VALUES (60734, 'entroopia_ja_negentroopia', 'SUBTOPIC');
INSERT INTO Subtopic(id, topic) VALUES (60734, 50108);
INSERT INTO Taxon(id, name, level) VALUES (60735, 'fotomeetria', 'SUBTOPIC');
INSERT INTO Subtopic(id, topic) VALUES (60735, 50108);
INSERT INTO Taxon(id, name, level) VALUES (60736, 'juhid_ja_dielektrikud', 'SUBTOPIC');
INSERT INTO Subtopic(id, topic) VALUES (60736, 50108);
INSERT INTO Taxon(id, name, level) VALUES (60737, 'kondensaator_ja_induktiivpool', 'SUBTOPIC');
INSERT INTO Subtopic(id, topic) VALUES (60737, 50108);
INSERT INTO Taxon(id, name, level) VALUES (60738, 'optilised_seadmed', 'SUBTOPIC');
INSERT INTO Subtopic(id, topic) VALUES (60738, 50108);
INSERT INTO Taxon(id, name, level) VALUES (60739, 'pooljuhtelektroonika', 'SUBTOPIC');
INSERT INTO Subtopic(id, topic) VALUES (60739, 50108);
INSERT INTO Taxon(id, name, level) VALUES (60740, 'soojusmasinad_jaenergiamajandus', 'SUBTOPIC');
INSERT INTO Subtopic(id, topic) VALUES (60740, 50108);
INSERT INTO Taxon(id, name, level) VALUES (60741, 'vahelduvvoolu_kasutamine', 'SUBTOPIC');
INSERT INTO Subtopic(id, topic) VALUES (60741, 50108);
INSERT INTO Taxon(id, name, level) VALUES (60742, 'erisihiliste_liikumiste_sõltumatus', 'SUBTOPIC');
INSERT INTO Subtopic(id, topic) VALUES (60742, 50109);
INSERT INTO Taxon(id, name, level) VALUES (60743, 'koordinaadid', 'SUBTOPIC');
INSERT INTO Subtopic(id, topic) VALUES (60743, 50109);
INSERT INTO Taxon(id, name, level) VALUES (60744, 'liikumine,_kiirus,_kiirendus', 'SUBTOPIC');
INSERT INTO Subtopic(id, topic) VALUES (60744, 50109);
INSERT INTO Taxon(id, name, level) VALUES (60745, 'nihe,_kiirus_ja_kiirendus_vektorina', 'SUBTOPIC');
INSERT INTO Subtopic(id, topic) VALUES (60745, 50109);
INSERT INTO Taxon(id, name, level) VALUES (60746, 'punktmass', 'SUBTOPIC');
INSERT INTO Subtopic(id, topic) VALUES (60746, 50109);
INSERT INTO Taxon(id, name, level) VALUES (60747, 'relatiivsusprintsiip', 'SUBTOPIC');
INSERT INTO Subtopic(id, topic) VALUES (60747, 50109);
INSERT INTO Taxon(id, name, level) VALUES (60748, 'taustsüsteem', 'SUBTOPIC');
INSERT INTO Subtopic(id, topic) VALUES (60748, 50109);
INSERT INTO Taxon(id, name, level) VALUES (60749, 'teepikkus_ja_nihe', 'SUBTOPIC');
INSERT INTO Subtopic(id, topic) VALUES (60749, 50109);
INSERT INTO Taxon(id, name, level) VALUES (60750, 'vaba_langemine', 'SUBTOPIC');
INSERT INTO Subtopic(id, topic) VALUES (60750, 50109);
INSERT INTO Taxon(id, name, level) VALUES (60751, 'astronoomia_vaatlusvahendid', 'SUBTOPIC');
INSERT INTO Subtopic(id, topic) VALUES (60751, 50110);
INSERT INTO Taxon(id, name, level) VALUES (60752, 'galaktikad,_Linnutee', 'SUBTOPIC');
INSERT INTO Subtopic(id, topic) VALUES (60752, 50110);
INSERT INTO Taxon(id, name, level) VALUES (60753, 'Maa_ja_Kuu_liikumine,_ajaarvestus', 'SUBTOPIC');
INSERT INTO Subtopic(id, topic) VALUES (60753, 50110);
INSERT INTO Taxon(id, name, level) VALUES (60754, 'Päike_ja_teised_tähed', 'SUBTOPIC');
INSERT INTO Subtopic(id, topic) VALUES (60754, 50110);
INSERT INTO Taxon(id, name, level) VALUES (60755, 'Päikesesüsteemi_ehitus_ja_teke', 'SUBTOPIC');
INSERT INTO Subtopic(id, topic) VALUES (60755, 50110);
INSERT INTO Taxon(id, name, level) VALUES (60756, 'tähtede_evolutsioon', 'SUBTOPIC');
INSERT INTO Subtopic(id, topic) VALUES (60756, 50110);
INSERT INTO Taxon(id, name, level) VALUES (60757, 'tähtkujud', 'SUBTOPIC');
INSERT INTO Subtopic(id, topic) VALUES (60757, 50110);
INSERT INTO Taxon(id, name, level) VALUES (60758, 'universumi_struktuur_ja_evolutsioon', 'SUBTOPIC');
INSERT INTO Subtopic(id, topic) VALUES (60758, 50110);
INSERT INTO Taxon(id, name, level) VALUES (60759, 'aatomi_kvantarvud', 'SUBTOPIC');
INSERT INTO Subtopic(id, topic) VALUES (60759, 50111);
INSERT INTO Taxon(id, name, level) VALUES (60760, 'aatomimudelid', 'SUBTOPIC');
INSERT INTO Subtopic(id, topic) VALUES (60760, 50111);
INSERT INTO Taxon(id, name, level) VALUES (60761, 'aatomituum', 'SUBTOPIC');
INSERT INTO Subtopic(id, topic) VALUES (60761, 50111);
INSERT INTO Taxon(id, name, level) VALUES (60762, 'elektronide_difraktsioon', 'SUBTOPIC');
INSERT INTO Subtopic(id, topic) VALUES (60762, 50111);
INSERT INTO Taxon(id, name, level) VALUES (60763, 'ioniseerivad_kiirgused', 'SUBTOPIC');
INSERT INTO Subtopic(id, topic) VALUES (60763, 50111);
INSERT INTO Taxon(id, name, level) VALUES (60764, 'kiirguskaitse', 'SUBTOPIC');
INSERT INTO Subtopic(id, topic) VALUES (60764, 50111);
INSERT INTO Taxon(id, name, level) VALUES (60765, 'kvantmehaanika', 'SUBTOPIC');
INSERT INTO Subtopic(id, topic) VALUES (60765, 50111);
INSERT INTO Taxon(id, name, level) VALUES (60766, 'massi_ja_energia_samaväärsus', 'SUBTOPIC');
INSERT INTO Subtopic(id, topic) VALUES (60766, 50111);
INSERT INTO Taxon(id, name, level) VALUES (60767, 'massidefekt', 'SUBTOPIC');
INSERT INTO Subtopic(id, topic) VALUES (60767, 50111);
INSERT INTO Taxon(id, name, level) VALUES (60768, 'määramatusseos', 'SUBTOPIC');
INSERT INTO Subtopic(id, topic) VALUES (60768, 50111);
INSERT INTO Taxon(id, name, level) VALUES (60769, 'osakeste_leiulained', 'SUBTOPIC');
INSERT INTO Subtopic(id, topic) VALUES (60769, 50111);
INSERT INTO Taxon(id, name, level) VALUES (60770, 'radioaktiivne_dateerimine', 'SUBTOPIC');
INSERT INTO Subtopic(id, topic) VALUES (60770, 50111);
INSERT INTO Taxon(id, name, level) VALUES (60771, 'radioaktiivsus,_poolestusaeg', 'SUBTOPIC');
INSERT INTO Subtopic(id, topic) VALUES (60771, 50111);
INSERT INTO Taxon(id, name, level) VALUES (60772, 'seoseenergia', 'SUBTOPIC');
INSERT INTO Subtopic(id, topic) VALUES (60772, 50111);
INSERT INTO Taxon(id, name, level) VALUES (60773, 'tuumareaktsioonid,_tuumarelv', 'SUBTOPIC');
INSERT INTO Subtopic(id, topic) VALUES (60773, 50111);
INSERT INTO Taxon(id, name, level) VALUES (60774, 'välis-_ja_sisefotoefekt', 'SUBTOPIC');
INSERT INTO Subtopic(id, topic) VALUES (60774, 50111);
INSERT INTO Taxon(id, name, level) VALUES (60775, 'energia_muundumine_võnkumisel', 'SUBTOPIC');
INSERT INTO Subtopic(id, topic) VALUES (60775, 50112);
INSERT INTO Taxon(id, name, level) VALUES (60776, 'lained', 'SUBTOPIC');
INSERT INTO Subtopic(id, topic) VALUES (60776, 50112);
INSERT INTO Taxon(id, name, level) VALUES (60777, 'lained_looduses_ja_tehnikas', 'SUBTOPIC');
INSERT INTO Subtopic(id, topic) VALUES (60777, 50112);
INSERT INTO Taxon(id, name, level) VALUES (60778, 'lainenähtused', 'SUBTOPIC');
INSERT INTO Subtopic(id, topic) VALUES (60778, 50112);
INSERT INTO Taxon(id, name, level) VALUES (60779, 'lainet_iseloomustavad_suurused', 'SUBTOPIC');
INSERT INTO Subtopic(id, topic) VALUES (60779, 50112);
INSERT INTO Taxon(id, name, level) VALUES (60780, 'tiirlemine_ja_pöörlemine_looduses', 'SUBTOPIC');
INSERT INTO Subtopic(id, topic) VALUES (60780, 50112);
INSERT INTO Taxon(id, name, level) VALUES (60781, 'võnkumine_ja_resonants_looduses', 'SUBTOPIC');
INSERT INTO Subtopic(id, topic) VALUES (60781, 50112);
INSERT INTO Taxon(id, name, level) VALUES (60782, 'võnkumine,_pendel', 'SUBTOPIC');
INSERT INTO Subtopic(id, topic) VALUES (60782, 50112);
INSERT INTO Taxon(id, name, level) VALUES (60783, 'ühtlane_ringjooneline_liikumine', 'SUBTOPIC');
INSERT INTO Subtopic(id, topic) VALUES (60783, 50112);
INSERT INTO Taxon(id, name, level) VALUES (60784, 'füüsika_kui_loodusteadus', 'SUBTOPIC');
INSERT INTO Subtopic(id, topic) VALUES (60784, 50113);
INSERT INTO Taxon(id, name, level) VALUES (60785, 'loodusteaduslik_meetod', 'SUBTOPIC');
INSERT INTO Subtopic(id, topic) VALUES (60785, 50113);
INSERT INTO Taxon(id, name, level) VALUES (60786, 'mikro-,_makro-_ja_megamaailm', 'SUBTOPIC');
INSERT INTO Subtopic(id, topic) VALUES (60786, 50113);
INSERT INTO Taxon(id, name, level) VALUES (60787, 'mõõtesuurus', 'SUBTOPIC');
INSERT INTO Subtopic(id, topic) VALUES (60787, 50113);
INSERT INTO Taxon(id, name, level) VALUES (60788, 'mõõtmine', 'SUBTOPIC');
INSERT INTO Subtopic(id, topic) VALUES (60788, 50113);
INSERT INTO Taxon(id, name, level) VALUES (60789, 'mõõtühikud,_SI_süsteem', 'SUBTOPIC');
INSERT INTO Subtopic(id, topic) VALUES (60789, 50113);
INSERT INTO Taxon(id, name, level) VALUES (60790, 'taatlemine', 'SUBTOPIC');
INSERT INTO Subtopic(id, topic) VALUES (60790, 50113);
INSERT INTO Taxon(id, name, level) VALUES (60791, 'aatomid_ja_nende_uurimine', 'SUBTOPIC');
INSERT INTO Subtopic(id, topic) VALUES (60791, 50114);
INSERT INTO Taxon(id, name, level) VALUES (60792, 'astronoomia', 'SUBTOPIC');
INSERT INTO Subtopic(id, topic) VALUES (60792, 50114);
INSERT INTO Taxon(id, name, level) VALUES (60793, 'fotoefekt', 'SUBTOPIC');
INSERT INTO Subtopic(id, topic) VALUES (60793, 50114);
INSERT INTO Taxon(id, name, level) VALUES (60794, 'galaktikad', 'SUBTOPIC');
INSERT INTO Subtopic(id, topic) VALUES (60794, 50114);
INSERT INTO Taxon(id, name, level) VALUES (60795, 'kiirgused_ja_spektrid', 'SUBTOPIC');
INSERT INTO Subtopic(id, topic) VALUES (60795, 50114);
INSERT INTO Taxon(id, name, level) VALUES (60796, 'kosmoloogilised_mudelid', 'SUBTOPIC');
INSERT INTO Subtopic(id, topic) VALUES (60796, 50114);
INSERT INTO Taxon(id, name, level) VALUES (60797, 'kosmosetehnoloogiad', 'SUBTOPIC');
INSERT INTO Subtopic(id, topic) VALUES (60797, 50114);
INSERT INTO Taxon(id, name, level) VALUES (60798, 'kvantmehaanika', 'SUBTOPIC');
INSERT INTO Subtopic(id, topic) VALUES (60798, 50114);
INSERT INTO Taxon(id, name, level) VALUES (60799, 'Päikesesüsteem', 'SUBTOPIC');
INSERT INTO Subtopic(id, topic) VALUES (60799, 50114);
INSERT INTO Taxon(id, name, level) VALUES (60800, 'radioaktiivsusega_kaasnevad_kiirgused', 'SUBTOPIC');
INSERT INTO Subtopic(id, topic) VALUES (60800, 50114);
INSERT INTO Taxon(id, name, level) VALUES (60801, 'realtiivsusteooria', 'SUBTOPIC');
INSERT INTO Subtopic(id, topic) VALUES (60801, 50114);
INSERT INTO Taxon(id, name, level) VALUES (60802, 'soojuskiirgus', 'SUBTOPIC');
INSERT INTO Subtopic(id, topic) VALUES (60802, 50114);
INSERT INTO Taxon(id, name, level) VALUES (60803, 'standardmudel', 'SUBTOPIC');
INSERT INTO Subtopic(id, topic) VALUES (60803, 50114);
INSERT INTO Taxon(id, name, level) VALUES (60804, 'tuumafüüsika', 'SUBTOPIC');
INSERT INTO Subtopic(id, topic) VALUES (60804, 50114);
INSERT INTO Taxon(id, name, level) VALUES (60805, 'tähed', 'SUBTOPIC');
INSERT INTO Subtopic(id, topic) VALUES (60805, 50114);
INSERT INTO Taxon(id, name, level) VALUES (60806, 'adiabaatiline_protsess', 'SUBTOPIC');
INSERT INTO Subtopic(id, topic) VALUES (60806, 50115);
INSERT INTO Taxon(id, name, level) VALUES (60807, 'avatud_ja_suletud_süsteemid', 'SUBTOPIC');
INSERT INTO Subtopic(id, topic) VALUES (60807, 50115);
INSERT INTO Taxon(id, name, level) VALUES (60808, 'Eesti_energiavajadus,_energeetikaprobleemid', 'SUBTOPIC');
INSERT INTO Subtopic(id, topic) VALUES (60808, 50115);
INSERT INTO Taxon(id, name, level) VALUES (60809, 'energeetika,_tööstuslikud_energiaallikad', 'SUBTOPIC');
INSERT INTO Subtopic(id, topic) VALUES (60809, 50115);
INSERT INTO Taxon(id, name, level) VALUES (60810, 'energeetilised_globaalprobleemid', 'SUBTOPIC');
INSERT INTO Subtopic(id, topic) VALUES (60810, 50115);
INSERT INTO Taxon(id, name, level) VALUES (60811, 'energiaülekanne_looduses_ja_tehnikas', 'SUBTOPIC');
INSERT INTO Subtopic(id, topic) VALUES (60811, 50115);
INSERT INTO Taxon(id, name, level) VALUES (60812, 'entroopia', 'SUBTOPIC');
INSERT INTO Subtopic(id, topic) VALUES (60812, 50115);
INSERT INTO Taxon(id, name, level) VALUES (60813, 'gaasi_olekuvõrrandid', 'SUBTOPIC');
INSERT INTO Subtopic(id, topic) VALUES (60813, 50115);
INSERT INTO Taxon(id, name, level) VALUES (60814, 'ideaal-_ja_reaalgaas', 'SUBTOPIC');
INSERT INTO Subtopic(id, topic) VALUES (60814, 50115);
INSERT INTO Taxon(id, name, level) VALUES (60815, 'isoprotsessid', 'SUBTOPIC');
INSERT INTO Subtopic(id, topic) VALUES (60815, 50115);
INSERT INTO Taxon(id, name, level) VALUES (60816, 'molekulaarkineetiline_teooria', 'SUBTOPIC');
INSERT INTO Subtopic(id, topic) VALUES (60816, 50115);
INSERT INTO Taxon(id, name, level) VALUES (60817, 'pööratavad_ja_pöördumatud_protsessid', 'SUBTOPIC');
INSERT INTO Subtopic(id, topic) VALUES (60817, 50115);
INSERT INTO Taxon(id, name, level) VALUES (60818, 'siseenergia_ja_soojusenergia', 'SUBTOPIC');
INSERT INTO Subtopic(id, topic) VALUES (60818, 50115);
INSERT INTO Taxon(id, name, level) VALUES (60819, 'soojushulk', 'SUBTOPIC');
INSERT INTO Subtopic(id, topic) VALUES (60819, 50115);
INSERT INTO Taxon(id, name, level) VALUES (60820, 'soojusmasin', 'SUBTOPIC');
INSERT INTO Subtopic(id, topic) VALUES (60820, 50115);
INSERT INTO Taxon(id, name, level) VALUES (60821, 'temperatuur', 'SUBTOPIC');
INSERT INTO Subtopic(id, topic) VALUES (60821, 50115);
INSERT INTO Taxon(id, name, level) VALUES (60822, 'termodünaamika_I_seadus', 'SUBTOPIC');
INSERT INTO Subtopic(id, topic) VALUES (60822, 50115);
INSERT INTO Taxon(id, name, level) VALUES (60823, 'termodünaamika_II_seadus', 'SUBTOPIC');
INSERT INTO Subtopic(id, topic) VALUES (60823, 50115);
INSERT INTO Taxon(id, name, level) VALUES (60824, 'töö_ja_soojusülekanne', 'SUBTOPIC');
INSERT INTO Subtopic(id, topic) VALUES (60824, 50115);
INSERT INTO Taxon(id, name, level) VALUES (60825, 'ajalookirjutuse_algus', 'SUBTOPIC');
INSERT INTO Subtopic(id, topic) VALUES (60825, 50122);
INSERT INTO Taxon(id, name, level) VALUES (60826, 'antiiktsivilisatsioonide_saavutused', 'SUBTOPIC');
INSERT INTO Subtopic(id, topic) VALUES (60826, 50122);
INSERT INTO Taxon(id, name, level) VALUES (60827, 'Caesar', 'SUBTOPIC');
INSERT INTO Subtopic(id, topic) VALUES (60827, 50122);
INSERT INTO Taxon(id, name, level) VALUES (60828, 'ehituskunst', 'SUBTOPIC');
INSERT INTO Subtopic(id, topic) VALUES (60828, 50122);
INSERT INTO Taxon(id, name, level) VALUES (60829, 'filosoofia:_Sokrates,_Platon,_Aristoteles', 'SUBTOPIC');
INSERT INTO Subtopic(id, topic) VALUES (60829, 50122);
INSERT INTO Taxon(id, name, level) VALUES (60830, 'hellenid_ja_barbarid', 'SUBTOPIC');
INSERT INTO Subtopic(id, topic) VALUES (60830, 50122);
INSERT INTO Taxon(id, name, level) VALUES (60831, 'Homerose_eeposed', 'SUBTOPIC');
INSERT INTO Subtopic(id, topic) VALUES (60831, 50122);
INSERT INTO Taxon(id, name, level) VALUES (60832, 'keisrivõimu_kehtestamine,_Augustus', 'SUBTOPIC');
INSERT INTO Subtopic(id, topic) VALUES (60832, 50122);
INSERT INTO Taxon(id, name, level) VALUES (60833, 'Kreeka_kultuur,_mütoloogia_ja_religioon', 'SUBTOPIC');
INSERT INTO Subtopic(id, topic) VALUES (60833, 50122);
INSERT INTO Taxon(id, name, level) VALUES (60834, 'Kreeka_linnriigid', 'SUBTOPIC');
INSERT INTO Subtopic(id, topic) VALUES (60834, 50122);
INSERT INTO Taxon(id, name, level) VALUES (60835, 'kõnekunst', 'SUBTOPIC');
INSERT INTO Subtopic(id, topic) VALUES (60835, 50122);
INSERT INTO Taxon(id, name, level) VALUES (60836, 'Lääne-Rooma_ja_Ida-Rooma', 'SUBTOPIC');
INSERT INTO Subtopic(id, topic) VALUES (60836, 50122);
INSERT INTO Taxon(id, name, level) VALUES (60837, 'Makedoonia_tõus_ja_hellenism', 'SUBTOPIC');
INSERT INTO Subtopic(id, topic) VALUES (60837, 50122);
INSERT INTO Taxon(id, name, level) VALUES (60838, 'olümpiamängud', 'SUBTOPIC');
INSERT INTO Subtopic(id, topic) VALUES (60838, 50122);
INSERT INTO Taxon(id, name, level) VALUES (60839, 'ristiusu_teke_ja_levik', 'SUBTOPIC');
INSERT INTO Subtopic(id, topic) VALUES (60839, 50122);
INSERT INTO Taxon(id, name, level) VALUES (60840, 'Rooma_kui_antiikaja_suurlinn', 'SUBTOPIC');
INSERT INTO Subtopic(id, topic) VALUES (60840, 50122);
INSERT INTO Taxon(id, name, level) VALUES (60841, 'Rooma_riigi_teke', 'SUBTOPIC');
INSERT INTO Subtopic(id, topic) VALUES (60841, 50122);
INSERT INTO Taxon(id, name, level) VALUES (60842, 'Rooma_tõus_suurriigiks', 'SUBTOPIC');
INSERT INTO Subtopic(id, topic) VALUES (60842, 50122);
INSERT INTO Taxon(id, name, level) VALUES (60843, 'Rooma_vabariik_ja_selle_korraldus', 'SUBTOPIC');
INSERT INTO Subtopic(id, topic) VALUES (60843, 50122);
INSERT INTO Taxon(id, name, level) VALUES (60844, 'Rooma_õigus', 'SUBTOPIC');
INSERT INTO Subtopic(id, topic) VALUES (60844, 50122);
INSERT INTO Taxon(id, name, level) VALUES (60845, 'Rooma_ühiskond_ja_eluolu', 'SUBTOPIC');
INSERT INTO Subtopic(id, topic) VALUES (60845, 50122);
INSERT INTO Taxon(id, name, level) VALUES (60846, 'Sparta_ja_Ateena', 'SUBTOPIC');
INSERT INTO Subtopic(id, topic) VALUES (60846, 50122);
INSERT INTO Taxon(id, name, level) VALUES (60847, 'teater', 'SUBTOPIC');
INSERT INTO Subtopic(id, topic) VALUES (60847, 50122);
INSERT INTO Taxon(id, name, level) VALUES (60848, 'Euroopa_integratsioon', 'SUBTOPIC');
INSERT INTO Subtopic(id, topic) VALUES (60848, 50123);
INSERT INTO Taxon(id, name, level) VALUES (60849, 'USA_poliitiline_süsteem,_majandus,_ühiskond', 'SUBTOPIC');
INSERT INTO Subtopic(id, topic) VALUES (60849, 50123);
INSERT INTO Taxon(id, name, level) VALUES (60850, 'Eestikeelse_kirjasõna_levik', 'SUBTOPIC');
INSERT INTO Subtopic(id, topic) VALUES (60850, 50124);
INSERT INTO Taxon(id, name, level) VALUES (60851, 'esimesed_gümnaasiumid', 'SUBTOPIC');
INSERT INTO Subtopic(id, topic) VALUES (60851, 50124);
INSERT INTO Taxon(id, name, level) VALUES (60852, 'kaubandus', 'SUBTOPIC');
INSERT INTO Subtopic(id, topic) VALUES (60852, 50124);
INSERT INTO Taxon(id, name, level) VALUES (60853, 'majanduslik_areng_ja_talurahva_seisund', 'SUBTOPIC');
INSERT INTO Subtopic(id, topic) VALUES (60853, 50124);
INSERT INTO Taxon(id, name, level) VALUES (60854, 'manufaktuuride_teke', 'SUBTOPIC');
INSERT INTO Subtopic(id, topic) VALUES (60854, 50124);
INSERT INTO Taxon(id, name, level) VALUES (60855, 'rahvaharidus', 'SUBTOPIC');
INSERT INTO Subtopic(id, topic) VALUES (60855, 50124);
INSERT INTO Taxon(id, name, level) VALUES (60856, 'reduktsioon_ja_selle_tulemused', 'SUBTOPIC');
INSERT INTO Subtopic(id, topic) VALUES (60856, 50124);
INSERT INTO Taxon(id, name, level) VALUES (60857, 'Rootsi_keskvõim_ja_baltisaksa_aadel', 'SUBTOPIC');
INSERT INTO Subtopic(id, topic) VALUES (60857, 50124);
INSERT INTO Taxon(id, name, level) VALUES (60858, 'Rootsi_suurriigi_ajastu', 'SUBTOPIC');
INSERT INTO Subtopic(id, topic) VALUES (60858, 50124);
INSERT INTO Taxon(id, name, level) VALUES (60859, 'vaimuelu_ja_kultuur,_luterlus_riigiusuna', 'SUBTOPIC');
INSERT INTO Subtopic(id, topic) VALUES (60859, 50124);
INSERT INTO Taxon(id, name, level) VALUES (60860, 'ülikooli_asutamine_Tartus', 'SUBTOPIC');
INSERT INTO Subtopic(id, topic) VALUES (60860, 50124);
INSERT INTO Taxon(id, name, level) VALUES (60861, 'asehalduskord', 'SUBTOPIC');
INSERT INTO Subtopic(id, topic) VALUES (60861, 50125);
INSERT INTO Taxon(id, name, level) VALUES (60862, 'Balti_erikord', 'SUBTOPIC');
INSERT INTO Subtopic(id, topic) VALUES (60862, 50125);
INSERT INTO Taxon(id, name, level) VALUES (60863, 'Baltisaksa_kultuur_ja_talurahvakultuur', 'SUBTOPIC');
INSERT INTO Subtopic(id, topic) VALUES (60863, 50125);
INSERT INTO Taxon(id, name, level) VALUES (60864, 'pietism_ja_valgustus', 'SUBTOPIC');
INSERT INTO Subtopic(id, topic) VALUES (60864, 50125);
INSERT INTO Taxon(id, name, level) VALUES (60865, 'Põhjasõda', 'SUBTOPIC');
INSERT INTO Subtopic(id, topic) VALUES (60865, 50125);
INSERT INTO Taxon(id, name, level) VALUES (60866, 'rahvaharidus', 'SUBTOPIC');
INSERT INTO Subtopic(id, topic) VALUES (60866, 50125);
INSERT INTO Taxon(id, name, level) VALUES (60867, 'rahvastikuprotsessid_Eestis_16.–18._sajandil', 'SUBTOPIC');
INSERT INTO Subtopic(id, topic) VALUES (60867, 50125);
INSERT INTO Taxon(id, name, level) VALUES (60868, 'sõdade_mõju_rahvastikule', 'SUBTOPIC');
INSERT INTO Subtopic(id, topic) VALUES (60868, 50125);
INSERT INTO Taxon(id, name, level) VALUES (60869, 'talurahva_õiguslik_seisund', 'SUBTOPIC');
INSERT INTO Subtopic(id, topic) VALUES (60869, 50125);
INSERT INTO Taxon(id, name, level) VALUES (60870, '1905. aasta_sündmused', 'SUBTOPIC');
INSERT INTO Subtopic(id, topic) VALUES (60870, 50126);
INSERT INTO Taxon(id, name, level) VALUES (60871, 'eelärkamisaeg', 'SUBTOPIC');
INSERT INTO Subtopic(id, topic) VALUES (60871, 50126);
INSERT INTO Taxon(id, name, level) VALUES (60872, 'erinevused_Põhja-_ja_Lõuna-Eesti_arengus', 'SUBTOPIC');
INSERT INTO Subtopic(id, topic) VALUES (60872, 50126);
INSERT INTO Taxon(id, name, level) VALUES (60873, 'estofiilid', 'SUBTOPIC');
INSERT INTO Subtopic(id, topic) VALUES (60873, 50126);
INSERT INTO Taxon(id, name, level) VALUES (60874, 'moderniseeruv_Euroopa', 'SUBTOPIC');
INSERT INTO Subtopic(id, topic) VALUES (60874, 50126);
INSERT INTO Taxon(id, name, level) VALUES (60875, 'moderniseeruva_Eesti_majandus', 'SUBTOPIC');
INSERT INTO Subtopic(id, topic) VALUES (60875, 50126);
INSERT INTO Taxon(id, name, level) VALUES (60876, 'poliitilised_rühmitused_Eestis', 'SUBTOPIC');
INSERT INTO Subtopic(id, topic) VALUES (60876, 50126);
INSERT INTO Taxon(id, name, level) VALUES (60877, 'pärisorjuse_kaotamine_Eestis', 'SUBTOPIC');
INSERT INTO Subtopic(id, topic) VALUES (60877, 50126);
INSERT INTO Taxon(id, name, level) VALUES (60878, 'rahvuslik_liikumine,_eestvedajad', 'SUBTOPIC');
INSERT INTO Subtopic(id, topic) VALUES (60878, 50126);
INSERT INTO Taxon(id, name, level) VALUES (60879, 'rahvusliku_professionaalse_kultuuri_kujunemine', 'SUBTOPIC');
INSERT INTO Subtopic(id, topic) VALUES (60879, 50126);
INSERT INTO Taxon(id, name, level) VALUES (60880, 'raudtee_mõju,_suurtööstus,_põllumajandus', 'SUBTOPIC');
INSERT INTO Subtopic(id, topic) VALUES (60880, 50126);
INSERT INTO Taxon(id, name, level) VALUES (60881, 'talurahva_kihistumine', 'SUBTOPIC');
INSERT INTO Subtopic(id, topic) VALUES (60881, 50126);
INSERT INTO Taxon(id, name, level) VALUES (60882, 'talurahva_omavalitsus,_talude_päriseksostmine', 'SUBTOPIC');
INSERT INTO Subtopic(id, topic) VALUES (60882, 50126);
INSERT INTO Taxon(id, name, level) VALUES (60883, 'Tartu_ülikool,_haritlaskond,_seltsiliikumine', 'SUBTOPIC');
INSERT INTO Subtopic(id, topic) VALUES (60883, 50126);
INSERT INTO Taxon(id, name, level) VALUES (60884, 'tööstuse_areng', 'SUBTOPIC');
INSERT INTO Subtopic(id, topic) VALUES (60884, 50126);
INSERT INTO Taxon(id, name, level) VALUES (60885, 'usuvahetusliikumine', 'SUBTOPIC');
INSERT INTO Subtopic(id, topic) VALUES (60885, 50126);
INSERT INTO Taxon(id, name, level) VALUES (60886, 'uus_rahvuslik_tõus', 'SUBTOPIC');
INSERT INTO Subtopic(id, topic) VALUES (60886, 50126);
INSERT INTO Taxon(id, name, level) VALUES (60887, 'Venemaa_19._sajandil_ja_20._sajandi_algul', 'SUBTOPIC');
INSERT INTO Subtopic(id, topic) VALUES (60887, 50126);
INSERT INTO Taxon(id, name, level) VALUES (60888, 'venestusaja_mõju', 'SUBTOPIC');
INSERT INTO Subtopic(id, topic) VALUES (60888, 50126);
INSERT INTO Taxon(id, name, level) VALUES (60889, 'ülevenemaaliste_seaduste_laienemine_Eestile', 'SUBTOPIC');
INSERT INTO Subtopic(id, topic) VALUES (60889, 50126);
INSERT INTO Taxon(id, name, level) VALUES (60890, 'Asva_kultuur', 'SUBTOPIC');
INSERT INTO Subtopic(id, topic) VALUES (60890, 50127);
INSERT INTO Taxon(id, name, level) VALUES (60891, 'Eesti_esiaja_lõpul', 'SUBTOPIC');
INSERT INTO Subtopic(id, topic) VALUES (60891, 50127);
INSERT INTO Taxon(id, name, level) VALUES (60892, 'Eesti_ühiskond_esiaja_lõpul', 'SUBTOPIC');
INSERT INTO Subtopic(id, topic) VALUES (60892, 50127);
INSERT INTO Taxon(id, name, level) VALUES (60893, 'elanike_peamised_tegevusalad,_muistised', 'SUBTOPIC');
INSERT INTO Subtopic(id, topic) VALUES (60893, 50127);
INSERT INTO Taxon(id, name, level) VALUES (60894, 'inimasustuse_algus_Euraasia_põhjaosas', 'SUBTOPIC');
INSERT INTO Subtopic(id, topic) VALUES (60894, 50127);
INSERT INTO Taxon(id, name, level) VALUES (60895, 'jääaeg_ja_selle_taandumine', 'SUBTOPIC');
INSERT INTO Subtopic(id, topic) VALUES (60895, 50127);
INSERT INTO Taxon(id, name, level) VALUES (60896, 'kalmed', 'SUBTOPIC');
INSERT INTO Subtopic(id, topic) VALUES (60896, 50127);
INSERT INTO Taxon(id, name, level) VALUES (60897, 'kammkeraamika_kultuur', 'SUBTOPIC');
INSERT INTO Subtopic(id, topic) VALUES (60897, 50127);
INSERT INTO Taxon(id, name, level) VALUES (60898, 'kiviaja_arheoloogilised_kultuurid_Eestis', 'SUBTOPIC');
INSERT INTO Subtopic(id, topic) VALUES (60898, 50127);
INSERT INTO Taxon(id, name, level) VALUES (60899, 'Kunda_kultuur', 'SUBTOPIC');
INSERT INTO Subtopic(id, topic) VALUES (60899, 50127);
INSERT INTO Taxon(id, name, level) VALUES (60900, 'külad_ja_elamud', 'SUBTOPIC');
INSERT INTO Subtopic(id, topic) VALUES (60900, 50127);
INSERT INTO Taxon(id, name, level) VALUES (60901, 'linnused', 'SUBTOPIC');
INSERT INTO Subtopic(id, topic) VALUES (60901, 50127);
INSERT INTO Taxon(id, name, level) VALUES (60902, 'maakonnad_ja_kihelkonnad', 'SUBTOPIC');
INSERT INTO Subtopic(id, topic) VALUES (60902, 50127);
INSERT INTO Taxon(id, name, level) VALUES (60903, 'muinasaja_allikad_ja_nende_uurimine', 'SUBTOPIC');
INSERT INTO Subtopic(id, topic) VALUES (60903, 50127);
INSERT INTO Taxon(id, name, level) VALUES (60904, 'muinasusund_ning_ristiusu_levik_Eestis', 'SUBTOPIC');
INSERT INTO Subtopic(id, topic) VALUES (60904, 50127);
INSERT INTO Taxon(id, name, level) VALUES (60905, 'muinasusundi_seos_loodusega', 'SUBTOPIC');
INSERT INTO Subtopic(id, topic) VALUES (60905, 50127);
INSERT INTO Taxon(id, name, level) VALUES (60906, 'nöörkeraamika_ehk_venekirveste_kultuur', 'SUBTOPIC');
INSERT INTO Subtopic(id, topic) VALUES (60906, 50127);
INSERT INTO Taxon(id, name, level) VALUES (60907, 'pronksiaeg', 'SUBTOPIC');
INSERT INTO Subtopic(id, topic) VALUES (60907, 50127);
INSERT INTO Taxon(id, name, level) VALUES (60908, 'põlispõllundus', 'SUBTOPIC');
INSERT INTO Subtopic(id, topic) VALUES (60908, 50127);
INSERT INTO Taxon(id, name, level) VALUES (60909, 'rahvusvahelised_kaubateed', 'SUBTOPIC');
INSERT INTO Subtopic(id, topic) VALUES (60909, 50127);
INSERT INTO Taxon(id, name, level) VALUES (60910, 'rauaaeg', 'SUBTOPIC');
INSERT INTO Subtopic(id, topic) VALUES (60910, 50127);
INSERT INTO Taxon(id, name, level) VALUES (60911, 'suhted_naabritega', 'SUBTOPIC');
INSERT INTO Subtopic(id, topic) VALUES (60911, 50127);
INSERT INTO Taxon(id, name, level) VALUES (60912, 'kultuurivaldkondade_areng', 'SUBTOPIC');
INSERT INTO Subtopic(id, topic) VALUES (60912, 50128);
INSERT INTO Taxon(id, name, level) VALUES (60913, 'mitmekultuurilisuse_kontseptsioon', 'SUBTOPIC');
INSERT INTO Subtopic(id, topic) VALUES (60913, 50128);
INSERT INTO Taxon(id, name, level) VALUES (60914, 'muutused_eluolus', 'SUBTOPIC');
INSERT INTO Subtopic(id, topic) VALUES (60914, 50128);
INSERT INTO Taxon(id, name, level) VALUES (60915, 'poliitiliste_olude_mõju_Eesti_kultuurile_ja_eluolule', 'SUBTOPIC');
INSERT INTO Subtopic(id, topic) VALUES (60915, 50128);
INSERT INTO Taxon(id, name, level) VALUES (60916, 'teaduse_ja_tehnika_areng', 'SUBTOPIC');
INSERT INTO Subtopic(id, topic) VALUES (60916, 50128);
INSERT INTO Taxon(id, name, level) VALUES (60917, 'ühiskondlikud_liikumised_ja_ideoloogiad', 'SUBTOPIC');
INSERT INTO Subtopic(id, topic) VALUES (60917, 50128);
INSERT INTO Taxon(id, name, level) VALUES (60918, 'Eesti_iseseisvumine', 'SUBTOPIC');
INSERT INTO Subtopic(id, topic) VALUES (60918, 50129);
INSERT INTO Taxon(id, name, level) VALUES (60919, 'Esimese_maailmasõja_põhjused', 'SUBTOPIC');
INSERT INTO Subtopic(id, topic) VALUES (60919, 50129);
INSERT INTO Taxon(id, name, level) VALUES (60920, 'Esimese_maailmasõja_tagajärjed', 'SUBTOPIC');
INSERT INTO Subtopic(id, topic) VALUES (60920, 50129);
INSERT INTO Taxon(id, name, level) VALUES (60921, 'sõdivad_pooled_ja_tähtsamad_sõjatandrid', 'SUBTOPIC');
INSERT INTO Subtopic(id, topic) VALUES (60921, 50129);
INSERT INTO Taxon(id, name, level) VALUES (60922, 'Tartu_rahu', 'SUBTOPIC');
INSERT INTO Subtopic(id, topic) VALUES (60922, 50129);
INSERT INTO Taxon(id, name, level) VALUES (60923, 'Vabadussõda', 'SUBTOPIC');
INSERT INTO Subtopic(id, topic) VALUES (60923, 50129);
INSERT INTO Taxon(id, name, level) VALUES (60924, 'genotsiid,_etnilised_puhastused', 'SUBTOPIC');
INSERT INTO Subtopic(id, topic) VALUES (60924, 50130);
INSERT INTO Taxon(id, name, level) VALUES (60925, 'inimsusevastased_kuriteod_Eestis', 'SUBTOPIC');
INSERT INTO Subtopic(id, topic) VALUES (60925, 50130);
INSERT INTO Taxon(id, name, level) VALUES (60926, 'kommunismikuriteod', 'SUBTOPIC');
INSERT INTO Subtopic(id, topic) VALUES (60926, 50130);
INSERT INTO Taxon(id, name, level) VALUES (60927, 'koonduslaagrid,_GULAG', 'SUBTOPIC');
INSERT INTO Subtopic(id, topic) VALUES (60927, 50130);
INSERT INTO Taxon(id, name, level) VALUES (60928, 'küüditamised', 'SUBTOPIC');
INSERT INTO Subtopic(id, topic) VALUES (60928, 50130);
INSERT INTO Taxon(id, name, level) VALUES (60929, 'massikuritegude_alused', 'SUBTOPIC');
INSERT INTO Subtopic(id, topic) VALUES (60929, 50130);
INSERT INTO Taxon(id, name, level) VALUES (60930, 'natsismikuriteod', 'SUBTOPIC');
INSERT INTO Subtopic(id, topic) VALUES (60930, 50130);
INSERT INTO Taxon(id, name, level) VALUES (60931, 'feodaalide_ja_talurahva_eluolu', 'SUBTOPIC');
INSERT INTO Subtopic(id, topic) VALUES (60931, 50131);
INSERT INTO Taxon(id, name, level) VALUES (60932, 'Frangi_riik,_Karl_Suur', 'SUBTOPIC');
INSERT INTO Subtopic(id, topic) VALUES (60932, 50131);
INSERT INTO Taxon(id, name, level) VALUES (60933, 'gildid_ja_tsunftid', 'SUBTOPIC');
INSERT INTO Subtopic(id, topic) VALUES (60933, 50131);
INSERT INTO Taxon(id, name, level) VALUES (60934, 'Hansa_Liit', 'SUBTOPIC');
INSERT INTO Subtopic(id, topic) VALUES (60934, 50131);
INSERT INTO Taxon(id, name, level) VALUES (60935, 'Henriku_Liivimaa_kroonika', 'SUBTOPIC');
INSERT INTO Subtopic(id, topic) VALUES (60935, 50131);
INSERT INTO Taxon(id, name, level) VALUES (60936, 'ilmalik_ja_paavstivõim', 'SUBTOPIC');
INSERT INTO Subtopic(id, topic) VALUES (60936, 50131);
INSERT INTO Taxon(id, name, level) VALUES (60937, 'islami_teke_ja_levik', 'SUBTOPIC');
INSERT INTO Subtopic(id, topic) VALUES (60937, 50131);
INSERT INTO Taxon(id, name, level) VALUES (60938, 'Jüriöö_ülestõus', 'SUBTOPIC');
INSERT INTO Subtopic(id, topic) VALUES (60938, 50131);
INSERT INTO Taxon(id, name, level) VALUES (60939, 'keskaegsed_linnad_Eestis', 'SUBTOPIC');
INSERT INTO Subtopic(id, topic) VALUES (60939, 50131);
INSERT INTO Taxon(id, name, level) VALUES (60940, 'keskaja_ühiskond_Eestis,_läänikorraldus', 'SUBTOPIC');
INSERT INTO Subtopic(id, topic) VALUES (60940, 50131);
INSERT INTO Taxon(id, name, level) VALUES (60941, 'ketserlus', 'SUBTOPIC');
INSERT INTO Subtopic(id, topic) VALUES (60941, 50131);
INSERT INTO Taxon(id, name, level) VALUES (60942, 'kirik_ja_kultuur,_ordud,_kloostrid', 'SUBTOPIC');
INSERT INTO Subtopic(id, topic) VALUES (60942, 50131);
INSERT INTO Taxon(id, name, level) VALUES (60943, 'koraan', 'SUBTOPIC');
INSERT INTO Subtopic(id, topic) VALUES (60943, 50131);
INSERT INTO Taxon(id, name, level) VALUES (60944, 'käsitöö,_kaubandus', 'SUBTOPIC');
INSERT INTO Subtopic(id, topic) VALUES (60944, 50131);
INSERT INTO Taxon(id, name, level) VALUES (60945, 'linnaühiskond', 'SUBTOPIC');
INSERT INTO Subtopic(id, topic) VALUES (60945, 50131);
INSERT INTO Taxon(id, name, level) VALUES (60946, 'Lääne-Euroopa_riikide_teke', 'SUBTOPIC');
INSERT INTO Subtopic(id, topic) VALUES (60946, 50131);
INSERT INTO Taxon(id, name, level) VALUES (60947, 'Maapäev', 'SUBTOPIC');
INSERT INTO Subtopic(id, topic) VALUES (60947, 50131);
INSERT INTO Taxon(id, name, level) VALUES (60948, 'Muhamed', 'SUBTOPIC');
INSERT INTO Subtopic(id, topic) VALUES (60948, 50131);
INSERT INTO Taxon(id, name, level) VALUES (60949, 'muistne_vabadusvõitlus', 'SUBTOPIC');
INSERT INTO Subtopic(id, topic) VALUES (60949, 50131);
INSERT INTO Taxon(id, name, level) VALUES (60950, 'mõisate_rajamine,_sunnismaisus,_teoorjus', 'SUBTOPIC');
INSERT INTO Subtopic(id, topic) VALUES (60950, 50131);
INSERT INTO Taxon(id, name, level) VALUES (60951, 'rahvasterändamine_ja_Lääne-Rooma_riigi_langus', 'SUBTOPIC');
INSERT INTO Subtopic(id, topic) VALUES (60951, 50131);
INSERT INTO Taxon(id, name, level) VALUES (60952, 'religiooni_dominantsus', 'SUBTOPIC');
INSERT INTO Subtopic(id, topic) VALUES (60952, 50131);
INSERT INTO Taxon(id, name, level) VALUES (60953, 'ristisõjad', 'SUBTOPIC');
INSERT INTO Subtopic(id, topic) VALUES (60953, 50131);
INSERT INTO Taxon(id, name, level) VALUES (60954, 'rüütlikultuur', 'SUBTOPIC');
INSERT INTO Subtopic(id, topic) VALUES (60954, 50131);
INSERT INTO Taxon(id, name, level) VALUES (60955, 'seisused', 'SUBTOPIC');
INSERT INTO Subtopic(id, topic) VALUES (60955, 50131);
INSERT INTO Taxon(id, name, level) VALUES (60956, 'vaimulikud_ordud', 'SUBTOPIC');
INSERT INTO Subtopic(id, topic) VALUES (60956, 50131);
INSERT INTO Taxon(id, name, level) VALUES (60957, 'Vana-Liivimaa_riigid', 'SUBTOPIC');
INSERT INTO Subtopic(id, topic) VALUES (60957, 50131);
INSERT INTO Taxon(id, name, level) VALUES (60958, 'ühiskond_ja_eluolu,_läänikord', 'SUBTOPIC');
INSERT INTO Subtopic(id, topic) VALUES (60958, 50131);
INSERT INTO Taxon(id, name, level) VALUES (60959, 'ülikoolid_ja_skolastika', 'SUBTOPIC');
INSERT INTO Subtopic(id, topic) VALUES (60959, 50131);
INSERT INTO Taxon(id, name, level) VALUES (60960, 'kahepooluseline_maailm', 'SUBTOPIC');
INSERT INTO Subtopic(id, topic) VALUES (60960, 50132);
INSERT INTO Taxon(id, name, level) VALUES (60961, 'kriisid', 'SUBTOPIC');
INSERT INTO Subtopic(id, topic) VALUES (60961, 50132);
INSERT INTO Taxon(id, name, level) VALUES (60962, 'külma_sõja_kujunemine_ja_avaldumise_vormid', 'SUBTOPIC');
INSERT INTO Subtopic(id, topic) VALUES (60962, 50132);
INSERT INTO Taxon(id, name, level) VALUES (60963, 'lõhestatud_Saksamaa', 'SUBTOPIC');
INSERT INTO Subtopic(id, topic) VALUES (60963, 50132);
INSERT INTO Taxon(id, name, level) VALUES (60964, 'maailma_majandus', 'SUBTOPIC');
INSERT INTO Subtopic(id, topic) VALUES (60964, 50133);
INSERT INTO Taxon(id, name, level) VALUES (60965, 'suurriikide_arengujooned', 'SUBTOPIC');
INSERT INTO Subtopic(id, topic) VALUES (60965, 50133);
INSERT INTO Taxon(id, name, level) VALUES (60966, 'suurriikide_liidud', 'SUBTOPIC');
INSERT INTO Subtopic(id, topic) VALUES (60966, 50133);
INSERT INTO Taxon(id, name, level) VALUES (60967, 'Berliini_müüri_langemine', 'SUBTOPIC');
INSERT INTO Subtopic(id, topic) VALUES (60967, 50134);
INSERT INTO Taxon(id, name, level) VALUES (60968, 'Eesti_iseseisvuse_taastamine', 'SUBTOPIC');
INSERT INTO Subtopic(id, topic) VALUES (60968, 50134);
INSERT INTO Taxon(id, name, level) VALUES (60969, 'Külma_sõja_lõpp_ja_geopoliitilised_muudatused', 'SUBTOPIC');
INSERT INTO Subtopic(id, topic) VALUES (60969, 50134);
INSERT INTO Taxon(id, name, level) VALUES (60970, 'majanduslikud_ja_poliitilised_reformid_NSVLis', 'SUBTOPIC');
INSERT INTO Subtopic(id, topic) VALUES (60970, 50134);
INSERT INTO Taxon(id, name, level) VALUES (60971, 'NSVLi_ja_kommunistliku_süsteemi_lagunemine', 'SUBTOPIC');
INSERT INTO Subtopic(id, topic) VALUES (60971, 50134);
INSERT INTO Taxon(id, name, level) VALUES (60972, 'uued_pingekolded,_Balkani_kriis', 'SUBTOPIC');
INSERT INTO Subtopic(id, topic) VALUES (60972, 50134);
INSERT INTO Taxon(id, name, level) VALUES (60973, 'uus_jõudude_vahekord_maailmas', 'SUBTOPIC');
INSERT INTO Subtopic(id, topic) VALUES (60973, 50134);
INSERT INTO Taxon(id, name, level) VALUES (60974, 'autoritarism,_totalitarism', 'SUBTOPIC');
INSERT INTO Subtopic(id, topic) VALUES (60974, 50135);
INSERT INTO Taxon(id, name, level) VALUES (60975, 'demokraatia_laienemine', 'SUBTOPIC');
INSERT INTO Subtopic(id, topic) VALUES (60975, 50135);
INSERT INTO Taxon(id, name, level) VALUES (60976, 'demokraatia_Suurbritannia,_Prantsusmaa_ja_USA_näitel', 'SUBTOPIC');
INSERT INTO Subtopic(id, topic) VALUES (60976, 50135);
INSERT INTO Taxon(id, name, level) VALUES (60977, 'diktatuuride_iseloomulikud_jooned,_eripära_ja_levik', 'SUBTOPIC');
INSERT INTO Subtopic(id, topic) VALUES (60977, 50135);
INSERT INTO Taxon(id, name, level) VALUES (60978, 'Eesti_tee_demokraatialt_autoritarismile', 'SUBTOPIC');
INSERT INTO Subtopic(id, topic) VALUES (60978, 50135);
INSERT INTO Taxon(id, name, level) VALUES (60979, 'Euroopa-kesksus_ning_rahvusvahelised_suhted', 'SUBTOPIC');
INSERT INTO Subtopic(id, topic) VALUES (60979, 50135);
INSERT INTO Taxon(id, name, level) VALUES (60980, 'majanduskriis', 'SUBTOPIC');
INSERT INTO Subtopic(id, topic) VALUES (60980, 50135);
INSERT INTO Taxon(id, name, level) VALUES (60981, 'uued_konfliktid_ja_kriisikolded', 'SUBTOPIC');
INSERT INTO Subtopic(id, topic) VALUES (60981, 50135);
INSERT INTO Taxon(id, name, level) VALUES (60982, 'islamimaailma_aktiviseerumine,_vastuolud_läänega', 'SUBTOPIC');
INSERT INTO Subtopic(id, topic) VALUES (60982, 50136);
INSERT INTO Taxon(id, name, level) VALUES (60983, 'koloniaalsüsteemi_lagunemine_ja_selle_tagajärjed', 'SUBTOPIC');
INSERT INTO Subtopic(id, topic) VALUES (60983, 50136);
INSERT INTO Taxon(id, name, level) VALUES (60984, 'uued_vastasseisud,_terrorism', 'SUBTOPIC');
INSERT INTO Subtopic(id, topic) VALUES (60984, 50136);
INSERT INTO Taxon(id, name, level) VALUES (60985, 'kommunistlik_Hiina', 'SUBTOPIC');
INSERT INTO Subtopic(id, topic) VALUES (60985, 50137);
INSERT INTO Taxon(id, name, level) VALUES (60986, 'kommunistliku_süsteemi_kujunemine,_Ida-blokk', 'SUBTOPIC');
INSERT INTO Subtopic(id, topic) VALUES (60986, 50137);
INSERT INTO Taxon(id, name, level) VALUES (60987, 'NSVL,_stalinism,_sula,_stagnatsioon', 'SUBTOPIC');
INSERT INTO Subtopic(id, topic) VALUES (60987, 50137);
INSERT INTO Taxon(id, name, level) VALUES (60988, 'Ungari_ülestõus,_Praha_kevad,_Poola_kriisid', 'SUBTOPIC');
INSERT INTO Subtopic(id, topic) VALUES (60988, 50137);
INSERT INTO Taxon(id, name, level) VALUES (60989, 'Eesti_osalemine_rahvusvaheliste_organisatsioonide_töös', 'SUBTOPIC');
INSERT INTO Subtopic(id, topic) VALUES (60989, 50138);
INSERT INTO Taxon(id, name, level) VALUES (60990, 'konfliktid_ja_nende_lahendamine_Lähis-Ida_näitel', 'SUBTOPIC');
INSERT INTO Subtopic(id, topic) VALUES (60990, 50138);
INSERT INTO Taxon(id, name, level) VALUES (60991, 'rahvusvahelised_organisatsioonid', 'SUBTOPIC');
INSERT INTO Subtopic(id, topic) VALUES (60991, 50138);
INSERT INTO Taxon(id, name, level) VALUES (60992, 'suhtumine_sõdadesse', 'SUBTOPIC');
INSERT INTO Subtopic(id, topic) VALUES (60992, 50138);
INSERT INTO Taxon(id, name, level) VALUES (60993, 'uue_maailmakorra_loomise_katsed', 'SUBTOPIC');
INSERT INTO Subtopic(id, topic) VALUES (60993, 50138);
INSERT INTO Taxon(id, name, level) VALUES (60994, 'Eesti_Teises_maailmasõjas', 'SUBTOPIC');
INSERT INTO Subtopic(id, topic) VALUES (60994, 50139);
INSERT INTO Taxon(id, name, level) VALUES (60995, 'Hitleri-vastane_koalitsioon', 'SUBTOPIC');
INSERT INTO Subtopic(id, topic) VALUES (60995, 50139);
INSERT INTO Taxon(id, name, level) VALUES (60996, 'pagulaskond', 'SUBTOPIC');
INSERT INTO Subtopic(id, topic) VALUES (60996, 50139);
INSERT INTO Taxon(id, name, level) VALUES (60997, 'sõdivad_pooled', 'SUBTOPIC');
INSERT INTO Subtopic(id, topic) VALUES (60997, 50139);
INSERT INTO Taxon(id, name, level) VALUES (60998, 'Teine_maailmasõda_kui_Esimese_maailmasõja_jätk', 'SUBTOPIC');
INSERT INTO Subtopic(id, topic) VALUES (60998, 50139);
INSERT INTO Taxon(id, name, level) VALUES (60999, 'Teise_maailmasõja_põhjused', 'SUBTOPIC');
INSERT INTO Subtopic(id, topic) VALUES (60999, 50139);
INSERT INTO Taxon(id, name, level) VALUES (61000, 'teise_maailmasõja_tulemused', 'SUBTOPIC');
INSERT INTO Subtopic(id, topic) VALUES (61000, 50139);
INSERT INTO Taxon(id, name, level) VALUES (61001, 'tähtsamad_sõjatandrid_ja_lahingud', 'SUBTOPIC');
INSERT INTO Subtopic(id, topic) VALUES (61001, 50139);
INSERT INTO Taxon(id, name, level) VALUES (61002, 'absolutism_ja_parlamentarism', 'SUBTOPIC');
INSERT INTO Subtopic(id, topic) VALUES (61002, 50140);
INSERT INTO Taxon(id, name, level) VALUES (61003, 'absolutism_Prantsusmaal', 'SUBTOPIC');
INSERT INTO Subtopic(id, topic) VALUES (61003, 50140);
INSERT INTO Taxon(id, name, level) VALUES (61004, 'industriaalühiskond,_tööstuslik_pööre', 'SUBTOPIC');
INSERT INTO Subtopic(id, topic) VALUES (61004, 50140);
INSERT INTO Taxon(id, name, level) VALUES (61005, 'maadeavastuste_mõjud', 'SUBTOPIC');
INSERT INTO Subtopic(id, topic) VALUES (61005, 50140);
INSERT INTO Taxon(id, name, level) VALUES (61006, 'maailmamajandus,_teadus_ja_tehnoloogia_uusajal', 'SUBTOPIC');
INSERT INTO Subtopic(id, topic) VALUES (61006, 50140);
INSERT INTO Taxon(id, name, level) VALUES (61007, 'parlamentarism_Inglismaal', 'SUBTOPIC');
INSERT INTO Subtopic(id, topic) VALUES (61007, 50140);
INSERT INTO Taxon(id, name, level) VALUES (61008, 'Prantsuse_revolutsioon_ja_Napoleoni_sõjad', 'SUBTOPIC');
INSERT INTO Subtopic(id, topic) VALUES (61008, 50140);
INSERT INTO Taxon(id, name, level) VALUES (61009, 'rahvusluse_tõus_ja_rahvusriikide_teke', 'SUBTOPIC');
INSERT INTO Subtopic(id, topic) VALUES (61009, 50140);
INSERT INTO Taxon(id, name, level) VALUES (61010, 'reformatsioon_ja_vastureformatsioon', 'SUBTOPIC');
INSERT INTO Subtopic(id, topic) VALUES (61010, 50140);
INSERT INTO Taxon(id, name, level) VALUES (61011, 'renessanss_ja_humanism', 'SUBTOPIC');
INSERT INTO Subtopic(id, topic) VALUES (61011, 50140);
INSERT INTO Taxon(id, name, level) VALUES (61012, 'valgustus', 'SUBTOPIC');
INSERT INTO Subtopic(id, topic) VALUES (61012, 50140);
INSERT INTO Taxon(id, name, level) VALUES (61013, 'Viini_kongress', 'SUBTOPIC');
INSERT INTO Subtopic(id, topic) VALUES (61013, 50140);
INSERT INTO Taxon(id, name, level) VALUES (61014, 'Balthasar_Russowi_kroonika', 'SUBTOPIC');
INSERT INTO Subtopic(id, topic) VALUES (61014, 50141);
INSERT INTO Taxon(id, name, level) VALUES (61015, 'Eesti_kolme_kuningriigi_valduses', 'SUBTOPIC');
INSERT INTO Subtopic(id, topic) VALUES (61015, 50141);
INSERT INTO Taxon(id, name, level) VALUES (61016, 'Eestikeelse_trükisõna_algus', 'SUBTOPIC');
INSERT INTO Subtopic(id, topic) VALUES (61016, 50141);
INSERT INTO Taxon(id, name, level) VALUES (61017, 'Liivi_sõda', 'SUBTOPIC');
INSERT INTO Subtopic(id, topic) VALUES (61017, 50141);
INSERT INTO Taxon(id, name, level) VALUES (61018, 'reformatsioon_Eestis', 'SUBTOPIC');
INSERT INTO Subtopic(id, topic) VALUES (61018, 50141);
INSERT INTO Taxon(id, name, level) VALUES (61019, 'tugeva_keskvõimuga_riigid_Läänemere_regioonis', 'SUBTOPIC');
INSERT INTO Subtopic(id, topic) VALUES (61019, 50141);
INSERT INTO Taxon(id, name, level) VALUES (61020, 'vastureformatsioon', 'SUBTOPIC');
INSERT INTO Subtopic(id, topic) VALUES (61020, 50141);
INSERT INTO Taxon(id, name, level) VALUES (61021, 'erakonnad', 'SUBTOPIC');
INSERT INTO Subtopic(id, topic) VALUES (61021, 50143);
INSERT INTO Taxon(id, name, level) VALUES (61022, 'huvid,_nende_realiseerimine_ühiskonnas', 'SUBTOPIC');
INSERT INTO Subtopic(id, topic) VALUES (61022, 50143);
INSERT INTO Taxon(id, name, level) VALUES (61023, 'huvirühmad', 'SUBTOPIC');
INSERT INTO Subtopic(id, topic) VALUES (61023, 50143);
INSERT INTO Taxon(id, name, level) VALUES (61024, 'kodanikuühiskond,_kaasamine', 'SUBTOPIC');
INSERT INTO Subtopic(id, topic) VALUES (61024, 50143);
INSERT INTO Taxon(id, name, level) VALUES (61025, 'Euroopa_Kohus', 'SUBTOPIC');
INSERT INTO Subtopic(id, topic) VALUES (61025, 50144);
INSERT INTO Taxon(id, name, level) VALUES (61026, 'Euroopa_Komisjon', 'SUBTOPIC');
INSERT INTO Subtopic(id, topic) VALUES (61026, 50144);
INSERT INTO Taxon(id, name, level) VALUES (61027, 'Euroopa_Liidu_institutsioonid_ja_nende_ülesanded', 'SUBTOPIC');
INSERT INTO Subtopic(id, topic) VALUES (61027, 50144);
INSERT INTO Taxon(id, name, level) VALUES (61028, 'Euroopa_Liidu_Ministrite_Nõukogu', 'SUBTOPIC');
INSERT INTO Subtopic(id, topic) VALUES (61028, 50144);
INSERT INTO Taxon(id, name, level) VALUES (61029, 'Euroopa_Liidu_poliitikavaldkonnad', 'SUBTOPIC');
INSERT INTO Subtopic(id, topic) VALUES (61029, 50144);
INSERT INTO Taxon(id, name, level) VALUES (61030, 'Euroopa_Parlament', 'SUBTOPIC');
INSERT INTO Subtopic(id, topic) VALUES (61030, 50144);
INSERT INTO Taxon(id, name, level) VALUES (61031, 'Euroopa_ülemkogu', 'SUBTOPIC');
INSERT INTO Subtopic(id, topic) VALUES (61031, 50144);
INSERT INTO Taxon(id, name, level) VALUES (61032, 'inim-_ja_kodanikuõigused', 'SUBTOPIC');
INSERT INTO Subtopic(id, topic) VALUES (61032, 50145);
INSERT INTO Taxon(id, name, level) VALUES (61033, 'inimkaubandus', 'SUBTOPIC');
INSERT INTO Subtopic(id, topic) VALUES (61033, 50145);
INSERT INTO Taxon(id, name, level) VALUES (61034, 'inimõiguste_kaitse', 'SUBTOPIC');
INSERT INTO Subtopic(id, topic) VALUES (61034, 50145);
INSERT INTO Taxon(id, name, level) VALUES (61035, 'lapstööjõud', 'SUBTOPIC');
INSERT INTO Subtopic(id, topic) VALUES (61035, 50145);
INSERT INTO Taxon(id, name, level) VALUES (61036, 'sotsiaalsed_õigused_ja_sotsiaalne_kaitse', 'SUBTOPIC');
INSERT INTO Subtopic(id, topic) VALUES (61036, 50145);
INSERT INTO Taxon(id, name, level) VALUES (61037, 'võrdõiguslikkus', 'SUBTOPIC');
INSERT INTO Subtopic(id, topic) VALUES (61037, 50145);
INSERT INTO Taxon(id, name, level) VALUES (61038, 'Euroopa_Nõukogu', 'SUBTOPIC');
INSERT INTO Subtopic(id, topic) VALUES (61038, 50146);
INSERT INTO Taxon(id, name, level) VALUES (61039, 'G7', 'SUBTOPIC');
INSERT INTO Subtopic(id, topic) VALUES (61039, 50146);
INSERT INTO Taxon(id, name, level) VALUES (61040, 'globaalprobleemide_mõju', 'SUBTOPIC');
INSERT INTO Subtopic(id, topic) VALUES (61040, 50146);
INSERT INTO Taxon(id, name, level) VALUES (61041, 'humanitaarõigus', 'SUBTOPIC');
INSERT INTO Subtopic(id, topic) VALUES (61041, 50146);
INSERT INTO Taxon(id, name, level) VALUES (61042, 'illegaalne_immigratsioon_ja_põgenikud', 'SUBTOPIC');
INSERT INTO Subtopic(id, topic) VALUES (61042, 50146);
INSERT INTO Taxon(id, name, level) VALUES (61043, 'inimkaubandus', 'SUBTOPIC');
INSERT INTO Subtopic(id, topic) VALUES (61043, 50146);
INSERT INTO Taxon(id, name, level) VALUES (61044, 'lapssõdurid', 'SUBTOPIC');
INSERT INTO Subtopic(id, topic) VALUES (61044, 50146);
INSERT INTO Taxon(id, name, level) VALUES (61045, 'maailma_arengu_ebaühtlus', 'SUBTOPIC');
INSERT INTO Subtopic(id, topic) VALUES (61045, 50146);
INSERT INTO Taxon(id, name, level) VALUES (61046, 'maailma_rassiline,_rahvuslik_ja_religioosne_mitmekesisus', 'SUBTOPIC');
INSERT INTO Subtopic(id, topic) VALUES (61046, 50146);
INSERT INTO Taxon(id, name, level) VALUES (61047, 'NATO', 'SUBTOPIC');
INSERT INTO Subtopic(id, topic) VALUES (61047, 50146);
INSERT INTO Taxon(id, name, level) VALUES (61048, 'OECD', 'SUBTOPIC');
INSERT INTO Subtopic(id, topic) VALUES (61048, 50146);
INSERT INTO Taxon(id, name, level) VALUES (61049, 'rahvusvaheline_julgeolek_ja_koostööorganisatsioonid', 'SUBTOPIC');
INSERT INTO Subtopic(id, topic) VALUES (61049, 50146);
INSERT INTO Taxon(id, name, level) VALUES (61050, 'rahvusvahelise_suhtlemise_põhimõtted_ja_viisid', 'SUBTOPIC');
INSERT INTO Subtopic(id, topic) VALUES (61050, 50146);
INSERT INTO Taxon(id, name, level) VALUES (61051, 'riikidevaheline_koostöö', 'SUBTOPIC');
INSERT INTO Subtopic(id, topic) VALUES (61051, 50146);
INSERT INTO Taxon(id, name, level) VALUES (61052, 'vastuolud_tänapäeva_maailmas', 'SUBTOPIC');
INSERT INTO Subtopic(id, topic) VALUES (61052, 50146);
INSERT INTO Taxon(id, name, level) VALUES (61053, 'üleilmastumine', 'SUBTOPIC');
INSERT INTO Subtopic(id, topic) VALUES (61053, 50146);
INSERT INTO Taxon(id, name, level) VALUES (61054, 'üRO', 'SUBTOPIC');
INSERT INTO Subtopic(id, topic) VALUES (61054, 50146);
INSERT INTO Taxon(id, name, level) VALUES (61055, 'avalik_ja_erasektor', 'SUBTOPIC');
INSERT INTO Subtopic(id, topic) VALUES (61055, 50147);
INSERT INTO Taxon(id, name, level) VALUES (61056, 'heaoluühiskond', 'SUBTOPIC');
INSERT INTO Subtopic(id, topic) VALUES (61056, 50147);
INSERT INTO Taxon(id, name, level) VALUES (61057, 'infoühiskond', 'SUBTOPIC');
INSERT INTO Subtopic(id, topic) VALUES (61057, 50147);
INSERT INTO Taxon(id, name, level) VALUES (61058, 'kodanikuühiskond', 'SUBTOPIC');
INSERT INTO Subtopic(id, topic) VALUES (61058, 50147);
INSERT INTO Taxon(id, name, level) VALUES (61059, 'postindustriaalne_ühiskond', 'SUBTOPIC');
INSERT INTO Subtopic(id, topic) VALUES (61059, 50147);
INSERT INTO Taxon(id, name, level) VALUES (61060, 'siirdeühiskond', 'SUBTOPIC');
INSERT INTO Subtopic(id, topic) VALUES (61060, 50147);
INSERT INTO Taxon(id, name, level) VALUES (61061, 'teadmusühiskond', 'SUBTOPIC');
INSERT INTO Subtopic(id, topic) VALUES (61061, 50147);
INSERT INTO Taxon(id, name, level) VALUES (61062, 'tööstusühiskond', 'SUBTOPIC');
INSERT INTO Subtopic(id, topic) VALUES (61062, 50147);
INSERT INTO Taxon(id, name, level) VALUES (61063, 'ühiskonna_jätkusuutlikkus', 'SUBTOPIC');
INSERT INTO Subtopic(id, topic) VALUES (61063, 50147);
INSERT INTO Taxon(id, name, level) VALUES (61064, 'ideoloogia_mõiste_ja_tähendus_riigivalitsemises', 'SUBTOPIC');
INSERT INTO Subtopic(id, topic) VALUES (61064, 50148);
INSERT INTO Taxon(id, name, level) VALUES (61065, 'liberalism,_konservatism,_sotsiaaldemokraatia', 'SUBTOPIC');
INSERT INTO Subtopic(id, topic) VALUES (61065, 50148);
INSERT INTO Taxon(id, name, level) VALUES (61066, 'vasak-_ja_parempoolsus_erinevates_poliitikavaldkondades', 'SUBTOPIC');
INSERT INTO Subtopic(id, topic) VALUES (61066, 50148);
INSERT INTO Taxon(id, name, level) VALUES (61067, 'äärmusideoloogiad', 'SUBTOPIC');
INSERT INTO Subtopic(id, topic) VALUES (61067, 50148);
INSERT INTO Taxon(id, name, level) VALUES (61068, 'eelarvetasakaal', 'SUBTOPIC');
INSERT INTO Subtopic(id, topic) VALUES (61068, 50149);
INSERT INTO Taxon(id, name, level) VALUES (61069, 'ettevõtlikkus', 'SUBTOPIC');
INSERT INTO Subtopic(id, topic) VALUES (61069, 50149);
INSERT INTO Taxon(id, name, level) VALUES (61070, 'ettevõtlus', 'SUBTOPIC');
INSERT INTO Subtopic(id, topic) VALUES (61070, 50149);
INSERT INTO Taxon(id, name, level) VALUES (61071, 'euro', 'SUBTOPIC');
INSERT INTO Subtopic(id, topic) VALUES (61071, 50149);
INSERT INTO Taxon(id, name, level) VALUES (61072, 'Euroopa_Liidu_roll_Eesti_majanduses', 'SUBTOPIC');
INSERT INTO Subtopic(id, topic) VALUES (61072, 50149);
INSERT INTO Taxon(id, name, level) VALUES (61073, 'fiskaalpoliitika', 'SUBTOPIC');
INSERT INTO Subtopic(id, topic) VALUES (61073, 50149);
INSERT INTO Taxon(id, name, level) VALUES (61074, 'impordi-ekspordi_tasakaal', 'SUBTOPIC');
INSERT INTO Subtopic(id, topic) VALUES (61074, 50149);
INSERT INTO Taxon(id, name, level) VALUES (61075, 'inflatsioon', 'SUBTOPIC');
INSERT INTO Subtopic(id, topic) VALUES (61075, 50149);
INSERT INTO Taxon(id, name, level) VALUES (61076, 'majandusarengu_tsüklilisus', 'SUBTOPIC');
INSERT INTO Subtopic(id, topic) VALUES (61076, 50149);
INSERT INTO Taxon(id, name, level) VALUES (61077, 'majanduse_sektorid,_nende_arengusuundumused', 'SUBTOPIC');
INSERT INTO Subtopic(id, topic) VALUES (61077, 50149);
INSERT INTO Taxon(id, name, level) VALUES (61078, 'majandussüsteemid', 'SUBTOPIC');
INSERT INTO Subtopic(id, topic) VALUES (61078, 50149);
INSERT INTO Taxon(id, name, level) VALUES (61079, 'makromajanduse_põhinäitajad', 'SUBTOPIC');
INSERT INTO Subtopic(id, topic) VALUES (61079, 50149);
INSERT INTO Taxon(id, name, level) VALUES (61080, 'maksud', 'SUBTOPIC');
INSERT INTO Subtopic(id, topic) VALUES (61080, 50149);
INSERT INTO Taxon(id, name, level) VALUES (61081, 'maksukoormus', 'SUBTOPIC');
INSERT INTO Subtopic(id, topic) VALUES (61081, 50149);
INSERT INTO Taxon(id, name, level) VALUES (61082, 'riigi_roll_majanduse_korraldamises', 'SUBTOPIC');
INSERT INTO Subtopic(id, topic) VALUES (61082, 50149);
INSERT INTO Taxon(id, name, level) VALUES (61083, 'riigi_välisvõlg', 'SUBTOPIC');
INSERT INTO Subtopic(id, topic) VALUES (61083, 50149);
INSERT INTO Taxon(id, name, level) VALUES (61084, 'riigieelarve', 'SUBTOPIC');
INSERT INTO Subtopic(id, topic) VALUES (61084, 50149);
INSERT INTO Taxon(id, name, level) VALUES (61085, 'sisemajanduse_kogutoodang', 'SUBTOPIC');
INSERT INTO Subtopic(id, topic) VALUES (61085, 50149);
INSERT INTO Taxon(id, name, level) VALUES (61086, 'tarbijahinnaindeks', 'SUBTOPIC');
INSERT INTO Subtopic(id, topic) VALUES (61086, 50149);
INSERT INTO Taxon(id, name, level) VALUES (61087, 'väliskaubanduse_piirangud', 'SUBTOPIC');
INSERT INTO Subtopic(id, topic) VALUES (61087, 50149);
INSERT INTO Taxon(id, name, level) VALUES (61088, 'ühiskonna_majandusressursid_ehk_tootmistegurid', 'SUBTOPIC');
INSERT INTO Subtopic(id, topic) VALUES (61088, 50149);
INSERT INTO Taxon(id, name, level) VALUES (61089, 'autoritaarne_ja_totalitaarne_režiim', 'SUBTOPIC');
INSERT INTO Subtopic(id, topic) VALUES (61089, 50150);
INSERT INTO Taxon(id, name, level) VALUES (61090, 'demokraatia_ohud', 'SUBTOPIC');
INSERT INTO Subtopic(id, topic) VALUES (61090, 50150);
INSERT INTO Taxon(id, name, level) VALUES (61091, 'parlamentaarne_ja_presidentaalne_demokraatia', 'SUBTOPIC');
INSERT INTO Subtopic(id, topic) VALUES (61091, 50150);
INSERT INTO Taxon(id, name, level) VALUES (61092, 'poliitiline_režiim:_demokraatia,_diktatuur', 'SUBTOPIC');
INSERT INTO Subtopic(id, topic) VALUES (61092, 50150);
INSERT INTO Taxon(id, name, level) VALUES (61093, 'riigi_funktsioonid', 'SUBTOPIC');
INSERT INTO Subtopic(id, topic) VALUES (61093, 50150);
INSERT INTO Taxon(id, name, level) VALUES (61094, 'riigi_põhitunnused', 'SUBTOPIC');
INSERT INTO Subtopic(id, topic) VALUES (61094, 50150);
INSERT INTO Taxon(id, name, level) VALUES (61095, 'riigiorganid', 'SUBTOPIC');
INSERT INTO Subtopic(id, topic) VALUES (61095, 50150);
INSERT INTO Taxon(id, name, level) VALUES (61096, 'haridus_sotsiaal-majandusliku_staatuse_tegurina', 'SUBTOPIC');
INSERT INTO Subtopic(id, topic) VALUES (61096, 50151);
INSERT INTO Taxon(id, name, level) VALUES (61097, 'majanduslik_ja_sotsiaalne_ebavõrdsus', 'SUBTOPIC');
INSERT INTO Subtopic(id, topic) VALUES (61097, 50151);
INSERT INTO Taxon(id, name, level) VALUES (61098, 'rahvastiku_sotsiaal-majanduslik_jaotus', 'SUBTOPIC');
INSERT INTO Subtopic(id, topic) VALUES (61098, 50151);
INSERT INTO Taxon(id, name, level) VALUES (61099, 'rahvusvähemused,_vähemusrahvused', 'SUBTOPIC');
INSERT INTO Subtopic(id, topic) VALUES (61099, 50151);
INSERT INTO Taxon(id, name, level) VALUES (61100, 'religioosne_mitmekesisus', 'SUBTOPIC');
INSERT INTO Subtopic(id, topic) VALUES (61100, 50151);
INSERT INTO Taxon(id, name, level) VALUES (61101, 'sotsiaalne_mobiilsus', 'SUBTOPIC');
INSERT INTO Subtopic(id, topic) VALUES (61101, 50151);
INSERT INTO Taxon(id, name, level) VALUES (61102, 'sotsiaalne_õiglus', 'SUBTOPIC');
INSERT INTO Subtopic(id, topic) VALUES (61102, 50151);
INSERT INTO Taxon(id, name, level) VALUES (61103, 'sotsiaalsed_institutsioonid', 'SUBTOPIC');
INSERT INTO Subtopic(id, topic) VALUES (61103, 50151);
INSERT INTO Taxon(id, name, level) VALUES (61104, 'vaesus', 'SUBTOPIC');
INSERT INTO Subtopic(id, topic) VALUES (61104, 50151);
INSERT INTO Taxon(id, name, level) VALUES (61105, 'vaesuse_leevendamise_meetmed', 'SUBTOPIC');
INSERT INTO Subtopic(id, topic) VALUES (61105, 50151);
INSERT INTO Taxon(id, name, level) VALUES (61106, 'ühiskonna_sidusus', 'SUBTOPIC');
INSERT INTO Subtopic(id, topic) VALUES (61106, 50151);
INSERT INTO Taxon(id, name, level) VALUES (61107, 'investeerimine,_aktsiad', 'SUBTOPIC');
INSERT INTO Subtopic(id, topic) VALUES (61107, 50152);
INSERT INTO Taxon(id, name, level) VALUES (61108, 'laenud,_laenuriskid', 'SUBTOPIC');
INSERT INTO Subtopic(id, topic) VALUES (61108, 50152);
INSERT INTO Taxon(id, name, level) VALUES (61109, 'ostukorv', 'SUBTOPIC');
INSERT INTO Subtopic(id, topic) VALUES (61109, 50152);
INSERT INTO Taxon(id, name, level) VALUES (61110, 'pensionifondid', 'SUBTOPIC');
INSERT INTO Subtopic(id, topic) VALUES (61110, 50152);
INSERT INTO Taxon(id, name, level) VALUES (61111, 'tarbijakaitse', 'SUBTOPIC');
INSERT INTO Subtopic(id, topic) VALUES (61111, 50152);
INSERT INTO Taxon(id, name, level) VALUES (61112, 'vajadused,_võimalused_ja_tarbimiskäitumine', 'SUBTOPIC');
INSERT INTO Subtopic(id, topic) VALUES (61112, 50152);
INSERT INTO Taxon(id, name, level) VALUES (61113, 'üksikisik_turumajanduskeskkonnas', 'SUBTOPIC');
INSERT INTO Subtopic(id, topic) VALUES (61113, 50152);
INSERT INTO Taxon(id, name, level) VALUES (61114, 'aktiivsed_ja_passiivsed_tööturumeetmed', 'SUBTOPIC');
INSERT INTO Subtopic(id, topic) VALUES (61114, 50153);
INSERT INTO Taxon(id, name, level) VALUES (61115, 'hõivepoliitika_Eestis_ja_Euroopa_Liidus', 'SUBTOPIC');
INSERT INTO Subtopic(id, topic) VALUES (61115, 50153);
INSERT INTO Taxon(id, name, level) VALUES (61116, 'rollid_tööturul', 'SUBTOPIC');
INSERT INTO Subtopic(id, topic) VALUES (61116, 50153);
INSERT INTO Taxon(id, name, level) VALUES (61117, 'tööhõive', 'SUBTOPIC');
INSERT INTO Subtopic(id, topic) VALUES (61117, 50153);
INSERT INTO Taxon(id, name, level) VALUES (61118, 'tööjõud_ja_mitteaktiivne_rahvastik', 'SUBTOPIC');
INSERT INTO Subtopic(id, topic) VALUES (61118, 50153);
INSERT INTO Taxon(id, name, level) VALUES (61119, 'tööjõupuudus', 'SUBTOPIC');
INSERT INTO Subtopic(id, topic) VALUES (61119, 50153);
INSERT INTO Taxon(id, name, level) VALUES (61120, 'tööpuudus', 'SUBTOPIC');
INSERT INTO Subtopic(id, topic) VALUES (61120, 50153);
INSERT INTO Taxon(id, name, level) VALUES (61121, 'tööränne', 'SUBTOPIC');
INSERT INTO Subtopic(id, topic) VALUES (61121, 50153);
INSERT INTO Taxon(id, name, level) VALUES (61122, 'tööseadusandlus', 'SUBTOPIC');
INSERT INTO Subtopic(id, topic) VALUES (61122, 50153);
INSERT INTO Taxon(id, name, level) VALUES (61123, 'tööturg', 'SUBTOPIC');
INSERT INTO Subtopic(id, topic) VALUES (61123, 50153);
INSERT INTO Taxon(id, name, level) VALUES (61124, 'demokraatlikud_valimised,_valimissüsteemid', 'SUBTOPIC');
INSERT INTO Subtopic(id, topic) VALUES (61124, 50154);
INSERT INTO Taxon(id, name, level) VALUES (61125, 'e-valimised', 'SUBTOPIC');
INSERT INTO Subtopic(id, topic) VALUES (61125, 50154);
INSERT INTO Taxon(id, name, level) VALUES (61126, 'Riigikogu', 'SUBTOPIC');
INSERT INTO Subtopic(id, topic) VALUES (61126, 50154);
INSERT INTO Taxon(id, name, level) VALUES (61127, 'valimised_Eestis', 'SUBTOPIC');
INSERT INTO Subtopic(id, topic) VALUES (61127, 50154);
INSERT INTO Taxon(id, name, level) VALUES (61128, 'valimiskäitumine,_valimiste_tulemused', 'SUBTOPIC');
INSERT INTO Subtopic(id, topic) VALUES (61128, 50154);
INSERT INTO Taxon(id, name, level) VALUES (61129, 'avalik_teenistus', 'SUBTOPIC');
INSERT INTO Subtopic(id, topic) VALUES (61129, 50155);
INSERT INTO Taxon(id, name, level) VALUES (61130, 'bürokraatia', 'SUBTOPIC');
INSERT INTO Subtopic(id, topic) VALUES (61130, 50155);
INSERT INTO Taxon(id, name, level) VALUES (61131, 'Eesti_kohtusüsteem', 'SUBTOPIC');
INSERT INTO Subtopic(id, topic) VALUES (61131, 50155);
INSERT INTO Taxon(id, name, level) VALUES (61132, 'enamus-_ja_vähemusvalitsus', 'SUBTOPIC');
INSERT INTO Subtopic(id, topic) VALUES (61132, 50155);
INSERT INTO Taxon(id, name, level) VALUES (61133, 'Euroopa_Inimõiguste_Kohus', 'SUBTOPIC');
INSERT INTO Subtopic(id, topic) VALUES (61133, 50155);
INSERT INTO Taxon(id, name, level) VALUES (61134, 'Euroopa_Kohus', 'SUBTOPIC');
INSERT INTO Subtopic(id, topic) VALUES (61134, 50155);
INSERT INTO Taxon(id, name, level) VALUES (61135, 'keskvõimu_ja_kohaliku_võimu_suhe', 'SUBTOPIC');
INSERT INTO Subtopic(id, topic) VALUES (61135, 50155);
INSERT INTO Taxon(id, name, level) VALUES (61136, 'kohalik_omavalitsus,_selle_struktuur_ja_ülesanded', 'SUBTOPIC');
INSERT INTO Subtopic(id, topic) VALUES (61136, 50155);
INSERT INTO Taxon(id, name, level) VALUES (61137, 'kohtuvõim', 'SUBTOPIC');
INSERT INTO Subtopic(id, topic) VALUES (61137, 50155);
INSERT INTO Taxon(id, name, level) VALUES (61138, 'kõrgem_seadusandlik_võim', 'SUBTOPIC');
INSERT INTO Subtopic(id, topic) VALUES (61138, 50155);
INSERT INTO Taxon(id, name, level) VALUES (61139, 'kõrgem_täidesaatev_võim', 'SUBTOPIC');
INSERT INTO Subtopic(id, topic) VALUES (61139, 50155);
INSERT INTO Taxon(id, name, level) VALUES (61140, 'opositsioon,_koalitsioon', 'SUBTOPIC');
INSERT INTO Subtopic(id, topic) VALUES (61140, 50155);
INSERT INTO Taxon(id, name, level) VALUES (61141, 'parlamendi_struktuur_ja_ülesanded', 'SUBTOPIC');
INSERT INTO Subtopic(id, topic) VALUES (61141, 50155);
INSERT INTO Taxon(id, name, level) VALUES (61142, 'riigikontroll', 'SUBTOPIC');
INSERT INTO Subtopic(id, topic) VALUES (61142, 50155);
INSERT INTO Taxon(id, name, level) VALUES (61143, 'riigipea', 'SUBTOPIC');
INSERT INTO Subtopic(id, topic) VALUES (61143, 50155);
INSERT INTO Taxon(id, name, level) VALUES (61144, 'riigipea_roll_parlamentarismis_ja_presidentalismis', 'SUBTOPIC');
INSERT INTO Subtopic(id, topic) VALUES (61144, 50155);
INSERT INTO Taxon(id, name, level) VALUES (61145, 'seadusloome', 'SUBTOPIC');
INSERT INTO Subtopic(id, topic) VALUES (61145, 50155);
INSERT INTO Taxon(id, name, level) VALUES (61146, 'valitsuse_moodustamine', 'SUBTOPIC');
INSERT INTO Subtopic(id, topic) VALUES (61146, 50155);
INSERT INTO Taxon(id, name, level) VALUES (61147, 'valitsuse_ülesanded', 'SUBTOPIC');
INSERT INTO Subtopic(id, topic) VALUES (61147, 50155);
INSERT INTO Taxon(id, name, level) VALUES (61148, 'võimude_lahusus_ja_tasakaalustatus', 'SUBTOPIC');
INSERT INTO Subtopic(id, topic) VALUES (61148, 50155);
INSERT INTO Taxon(id, name, level) VALUES (61149, 'õiguskantsler', 'SUBTOPIC');
INSERT INTO Subtopic(id, topic) VALUES (61149, 50155);
INSERT INTO Taxon(id, name, level) VALUES (61150, 'õigusriigi_põhimõtted', 'SUBTOPIC');
INSERT INTO Subtopic(id, topic) VALUES (61150, 50155);
INSERT INTO Taxon(id, name, level) VALUES (61151, 'õigusvahemees_(ombudsman)', 'SUBTOPIC');
INSERT INTO Subtopic(id, topic) VALUES (61151, 50155);
INSERT INTO Taxon(id, name, level) VALUES (61152, 'abielu_perioodid', 'SUBTOPIC');
INSERT INTO Subtopic(id, topic) VALUES (61152, 50156);
INSERT INTO Taxon(id, name, level) VALUES (61153, 'abielu_toetav_lähedane_sotsiaalne_võrgustik', 'SUBTOPIC');
INSERT INTO Subtopic(id, topic) VALUES (61153, 50156);
INSERT INTO Taxon(id, name, level) VALUES (61154, 'abielu,_tavad_ja_kombed', 'SUBTOPIC');
INSERT INTO Subtopic(id, topic) VALUES (61154, 50156);
INSERT INTO Taxon(id, name, level) VALUES (61155, 'abieluline_kohanemine', 'SUBTOPIC');
INSERT INTO Subtopic(id, topic) VALUES (61155, 50156);
INSERT INTO Taxon(id, name, level) VALUES (61156, 'abielulise_rahulolu_muutused_kooselu_jooksul', 'SUBTOPIC');
INSERT INTO Subtopic(id, topic) VALUES (61156, 50156);
INSERT INTO Taxon(id, name, level) VALUES (61157, 'abielusuhtest_tulenevad_õigused_ja_kohustused', 'SUBTOPIC');
INSERT INTO Subtopic(id, topic) VALUES (61157, 50156);
INSERT INTO Taxon(id, name, level) VALUES (61158, 'registreeritud_abielu_ja_vabaabielu', 'SUBTOPIC');
INSERT INTO Subtopic(id, topic) VALUES (61158, 50156);
INSERT INTO Taxon(id, name, level) VALUES (61159, 'abistavad_suhted_peres', 'SUBTOPIC');
INSERT INTO Subtopic(id, topic) VALUES (61159, 50157);
INSERT INTO Taxon(id, name, level) VALUES (61160, 'kodu_ja_selle_loomine', 'SUBTOPIC');
INSERT INTO Subtopic(id, topic) VALUES (61160, 50157);
INSERT INTO Taxon(id, name, level) VALUES (61161, 'kodu_kui_elukeskkond', 'SUBTOPIC');
INSERT INTO Subtopic(id, topic) VALUES (61161, 50157);
INSERT INTO Taxon(id, name, level) VALUES (61162, 'lahkhelid_peres', 'SUBTOPIC');
INSERT INTO Subtopic(id, topic) VALUES (61162, 50157);
INSERT INTO Taxon(id, name, level) VALUES (61163, 'lahkuminek_ja_lahutus', 'SUBTOPIC');
INSERT INTO Subtopic(id, topic) VALUES (61163, 50157);
INSERT INTO Taxon(id, name, level) VALUES (61164, 'lein_ja_toimetulek_sellega', 'SUBTOPIC');
INSERT INTO Subtopic(id, topic) VALUES (61164, 50157);
INSERT INTO Taxon(id, name, level) VALUES (61165, 'perekond,_inimese_tervis_ja_tervislik_eluviis', 'SUBTOPIC');
INSERT INTO Subtopic(id, topic) VALUES (61165, 50157);
INSERT INTO Taxon(id, name, level) VALUES (61166, 'perekondlike_suhete_säilitamine', 'SUBTOPIC');
INSERT INTO Subtopic(id, topic) VALUES (61166, 50157);
INSERT INTO Taxon(id, name, level) VALUES (61167, 'pereliikmete_vajadused_ja_väärtused', 'SUBTOPIC');
INSERT INTO Subtopic(id, topic) VALUES (61167, 50157);
INSERT INTO Taxon(id, name, level) VALUES (61168, 'rollide_jaotumine_peres', 'SUBTOPIC');
INSERT INTO Subtopic(id, topic) VALUES (61168, 50157);
INSERT INTO Taxon(id, name, level) VALUES (61169, 'sallivus_suhetes', 'SUBTOPIC');
INSERT INTO Subtopic(id, topic) VALUES (61169, 50157);
INSERT INTO Taxon(id, name, level) VALUES (61170, 'suhtlemine_peres', 'SUBTOPIC');
INSERT INTO Subtopic(id, topic) VALUES (61170, 50157);
INSERT INTO Taxon(id, name, level) VALUES (61171, 'terviseriskid_ning_nende_ennetamine', 'SUBTOPIC');
INSERT INTO Subtopic(id, topic) VALUES (61171, 50157);
INSERT INTO Taxon(id, name, level) VALUES (61172, 'kiindumussuhe_lapsega', 'SUBTOPIC');
INSERT INTO Subtopic(id, topic) VALUES (61172, 50158);
INSERT INTO Taxon(id, name, level) VALUES (61173, 'kodukasvatuse_olemus_ja_eesmärgid', 'SUBTOPIC');
INSERT INTO Subtopic(id, topic) VALUES (61173, 50158);
INSERT INTO Taxon(id, name, level) VALUES (61174, 'lapse_areng_ja_vanema_osa_selles', 'SUBTOPIC');
INSERT INTO Subtopic(id, topic) VALUES (61174, 50158);
INSERT INTO Taxon(id, name, level) VALUES (61175, 'bioloogiline,_juriidiline,_psühholoogiline,_sotsiaalne_vanem', 'SUBTOPIC');
INSERT INTO Subtopic(id, topic) VALUES (61175, 50159);
INSERT INTO Taxon(id, name, level) VALUES (61176, 'pereplaneerimine_ja_seda_mõjutavad_tegurid', 'SUBTOPIC');
INSERT INTO Subtopic(id, topic) VALUES (61176, 50159);
INSERT INTO Taxon(id, name, level) VALUES (61177, 'planeerimata_rasedus', 'SUBTOPIC');
INSERT INTO Subtopic(id, topic) VALUES (61177, 50159);
INSERT INTO Taxon(id, name, level) VALUES (61178, 'vanemate_kasvatusstiilid', 'SUBTOPIC');
INSERT INTO Subtopic(id, topic) VALUES (61178, 50159);
INSERT INTO Taxon(id, name, level) VALUES (61179, 'vanemate_roll_ja_vastutus_lapse_kasvatajana', 'SUBTOPIC');
INSERT INTO Subtopic(id, topic) VALUES (61179, 50159);
INSERT INTO Taxon(id, name, level) VALUES (61180, 'kooseluvormid', 'SUBTOPIC');
INSERT INTO Subtopic(id, topic) VALUES (61180, 50160);
INSERT INTO Taxon(id, name, level) VALUES (61181, 'perekeskne_ja_individualistlik_perekäsitlus', 'SUBTOPIC');
INSERT INTO Subtopic(id, topic) VALUES (61181, 50160);
INSERT INTO Taxon(id, name, level) VALUES (61182, 'perekonna_eri_vormid', 'SUBTOPIC');
INSERT INTO Subtopic(id, topic) VALUES (61182, 50160);
INSERT INTO Taxon(id, name, level) VALUES (61183, 'perekonna_funktsioonid', 'SUBTOPIC');
INSERT INTO Subtopic(id, topic) VALUES (61183, 50160);
INSERT INTO Taxon(id, name, level) VALUES (61184, 'perekonna_minevik,_olevik_ja_tulevik', 'SUBTOPIC');
INSERT INTO Subtopic(id, topic) VALUES (61184, 50160);
INSERT INTO Taxon(id, name, level) VALUES (61185, 'perekonna_tähtsus_eri_eluperioodidel', 'SUBTOPIC');
INSERT INTO Subtopic(id, topic) VALUES (61185, 50161);
INSERT INTO Taxon(id, name, level) VALUES (61186, 'side_põlvkondade_vahel', 'SUBTOPIC');
INSERT INTO Subtopic(id, topic) VALUES (61186, 50161);
INSERT INTO Taxon(id, name, level) VALUES (61187, 'õnn_ja_perekonnaelu', 'SUBTOPIC');
INSERT INTO Subtopic(id, topic) VALUES (61187, 50161);
INSERT INTO Taxon(id, name, level) VALUES (61188, 'abielu_ning_laste_elu_reguleerivad_seadused', 'SUBTOPIC');
INSERT INTO Subtopic(id, topic) VALUES (61188, 50162);
INSERT INTO Taxon(id, name, level) VALUES (61189, 'pere_eelarve_ja_materiaalsed_ressursid_peres', 'SUBTOPIC');
INSERT INTO Subtopic(id, topic) VALUES (61189, 50162);
INSERT INTO Taxon(id, name, level) VALUES (61190, 'armastuse_olemus_ja_liigid', 'SUBTOPIC');
INSERT INTO Subtopic(id, topic) VALUES (61190, 50163);
INSERT INTO Taxon(id, name, level) VALUES (61191, 'kultuuri_mõju_suhtumisele_seksuaalsusesse', 'SUBTOPIC');
INSERT INTO Subtopic(id, topic) VALUES (61191, 50163);
INSERT INTO Taxon(id, name, level) VALUES (61192, 'lühi-_ja_pikaajaline_suhe', 'SUBTOPIC');
INSERT INTO Subtopic(id, topic) VALUES (61192, 50163);
INSERT INTO Taxon(id, name, level) VALUES (61193, 'püsisuhte_loomine_ning_säilitamine', 'SUBTOPIC');
INSERT INTO Subtopic(id, topic) VALUES (61193, 50163);
INSERT INTO Taxon(id, name, level) VALUES (61194, 'püsisuhte_püsimist_mõjutavad_tegurid', 'SUBTOPIC');
INSERT INTO Subtopic(id, topic) VALUES (61194, 50163);
INSERT INTO Taxon(id, name, level) VALUES (61195, 'püsisuhtest_tulenev_vastutus', 'SUBTOPIC');
INSERT INTO Subtopic(id, topic) VALUES (61195, 50163);
INSERT INTO Taxon(id, name, level) VALUES (61196, 'seksuaalsuhted', 'SUBTOPIC');
INSERT INTO Subtopic(id, topic) VALUES (61196, 50163);
INSERT INTO Taxon(id, name, level) VALUES (61197, 'toimetulek_suhete_lõppemisega', 'SUBTOPIC');
INSERT INTO Subtopic(id, topic) VALUES (61197, 50163);
INSERT INTO Taxon(id, name, level) VALUES (61198, 'tunded_ja_püsisuhe', 'SUBTOPIC');
INSERT INTO Subtopic(id, topic) VALUES (61198, 50163);
INSERT INTO Taxon(id, name, level) VALUES (61199, 'turvaline_seksuaalkäitumine', 'SUBTOPIC');
INSERT INTO Subtopic(id, topic) VALUES (61199, 50163);
INSERT INTO Taxon(id, name, level) VALUES (61200, 'emotsioonid_ja_motivatsioon', 'SUBTOPIC');
INSERT INTO Subtopic(id, topic) VALUES (61200, 50167);
INSERT INTO Taxon(id, name, level) VALUES (61201, 'individuaalsed_erinevused', 'SUBTOPIC');
INSERT INTO Subtopic(id, topic) VALUES (61201, 50167);
INSERT INTO Taxon(id, name, level) VALUES (61202, 'mõtlemine', 'SUBTOPIC');
INSERT INTO Subtopic(id, topic) VALUES (61202, 50167);
INSERT INTO Taxon(id, name, level) VALUES (61203, 'psühholoogia_rakendused', 'SUBTOPIC');
INSERT INTO Subtopic(id, topic) VALUES (61203, 50167);
INSERT INTO Taxon(id, name, level) VALUES (61204, 'psühholoogiateadus', 'SUBTOPIC');
INSERT INTO Subtopic(id, topic) VALUES (61204, 50167);
INSERT INTO Taxon(id, name, level) VALUES (61205, 'sotsiaalsed_protsessid', 'SUBTOPIC');
INSERT INTO Subtopic(id, topic) VALUES (61205, 50167);
INSERT INTO Taxon(id, name, level) VALUES (61206, 'taju_ja_tähelepanu', 'SUBTOPIC');
INSERT INTO Subtopic(id, topic) VALUES (61206, 50167);
INSERT INTO Taxon(id, name, level) VALUES (61207, 'tunnetuse_ja_tegevuse_bioloogiline_alus', 'SUBTOPIC');
INSERT INTO Subtopic(id, topic) VALUES (61207, 50167);
INSERT INTO Taxon(id, name, level) VALUES (61208, 'õppimine', 'SUBTOPIC');
INSERT INTO Subtopic(id, topic) VALUES (61208, 50167);

-- End of subtopics for Secondary Education

-- Start of subtopics for Vocational_Education_Topic1

insert into Taxon(id, name, level) values (15040, 'Subtopic_for_Vocational_Education', 'SUBTOPIC');
insert into Subtopic(id, topic) values (15040, 10300);

-- End of subtopics for Vocational_Education_Topic1