USE dop;

-- domains
insert into Taxon(used, id, name, level, nameLowercase) values (1, 150, 'Humanitaaria', 'DOMAIN', 'humanitaaria');
insert into Domain(used, id, educationalContext) values (1, 150, 4);
insert into Taxon(used, id, name, level, nameLowercase) values (1, 162, 'Sotsiaal-_ja_käitumisteadused', 'DOMAIN', 'sotsiaal-_ja_käitumisteadused');
insert into Domain(used, id, educationalContext) values (1, 162, 4);
insert into Taxon(used, id, name, level, nameLowercase) values (1, 163, 'Ajakirjandus_ja_infolevi', 'DOMAIN', 'ajakirjandus_ja_infolevi');
insert into Domain(used, id, educationalContext) values (1, 163, 4);
insert into Taxon(used, id, name, level, nameLowercase) values (1, 164, 'Bioteadused', 'DOMAIN', 'bioteadused');
insert into Domain(used, id, educationalContext) values (1, 164, 4);
insert into Taxon(used, id, name, level, nameLowercase) values (1, 165, 'Füüsikalised_loodusteadused', 'DOMAIN', 'füüsikalised_loodusteadused');
insert into Domain(used, id, educationalContext) values (1, 165, 4);
insert into Taxon(used, id, name, level, nameLowercase) values (1, 166, 'Matemaatika_ja_statistika', 'DOMAIN', 'matemaatika_ja_statistika');
insert into Domain(used, id, educationalContext) values (1, 166, 4);
insert into Taxon(used, id, name, level, nameLowercase) values (1, 167, 'Õpetajakoolitus_ja_kasvatusteadused', 'DOMAIN', 'õpetajakoolitus_ja_kasvatusteadused');
insert into Domain(used, id, educationalContext) values (1, 167, 4);
insert into Taxon(used, id, name, level, nameLowercase) values (1, 151, 'Ärindus_ja_haldus', 'DOMAIN', 'ärindus_ja_haldus');
insert into Domain(used, id, educationalContext) values (1, 151, 4);
insert into Taxon(used, id, name, level, nameLowercase) values (1, 152, 'Õigus', 'DOMAIN', 'õigus');
insert into Domain(used, id, educationalContext) values (1, 152, 4);
insert into Taxon(used, id, name, level, nameLowercase) values (1, 153, 'Arvutiteadused', 'DOMAIN', 'arvutiteadused');
insert into Domain(used, id, educationalContext) values (1, 153, 4);
insert into Taxon(used, id, name, level, nameLowercase) values (1, 154, 'Tehnikaalad', 'DOMAIN', 'tehnikaalad');
insert into Domain(used, id, educationalContext) values (1, 154, 4);
insert into Taxon(used, id, name, level, nameLowercase) values (1, 155, 'Tootmine_ja_töötlemine', 'DOMAIN', 'tootmine_ja_töötlemine');
insert into Domain(used, id, educationalContext) values (1, 155, 4);
insert into Taxon(used, id, name, level, nameLowercase) values (1, 156, 'Põllumajandus', 'DOMAIN', 'põllumajandus');
insert into Domain(used, id, educationalContext) values (1, 156, 4);
insert into Taxon(used, id, name, level, nameLowercase) values (1, 157, 'Veterinaaria', 'DOMAIN', 'veterinaaria');
insert into Domain(used, id, educationalContext) values (1, 157, 4);
insert into Taxon(used, id, name, level, nameLowercase) values (1, 158, 'Tervis', 'DOMAIN', 'tervis');
insert into Domain(used, id, educationalContext) values (1, 158, 4);
insert into Taxon(used, id, name, level, nameLowercase) values (1, 159, 'Sotsiaalteenused', 'DOMAIN', 'sotsiaalteenused');
insert into Domain(used, id, educationalContext) values (1, 159, 4);
insert into Taxon(used, id, name, level, nameLowercase) values (1, 160, 'Keskkonnakaitse', 'DOMAIN', 'keskkonnakaitse');
insert into Domain(used, id, educationalContext) values (1, 160, 4);
insert into Taxon(used, id, name, level, nameLowercase) values (1, 161, 'Turvamine', 'DOMAIN', 'turvamine');
insert into Domain(used, id, educationalContext) values (1, 161, 4);
insert into Taxon(used, id, name, level, nameLowercase) values (1, 168, 'Kunstid', 'DOMAIN', 'turvamine');
insert into Domain(used, id, educationalContext) values (1, 168, 4);
insert into Taxon(used, id, name, level, nameLowercase) values (1, 169, 'Arhitektuur_ja_ehitus', 'DOMAIN', 'arhitektuur_ja_ehitus');
insert into Domain(used, id, educationalContext) values (1, 169, 4);
insert into Taxon(used, id, name, level, nameLowercase) values (1, 170, 'Isikuteenindus', 'DOMAIN', 'isikuteenindus');
insert into Domain(used, id, educationalContext) values (1, 170, 4);
insert into Taxon(used, id, name, level, nameLowercase) values (1, 171, 'Transporditeenused', 'DOMAIN', 'transporditeenused');
insert into Domain(used, id, educationalContext) values (1, 171, 4);

-- Topics
INSERT INTO Taxon(used, id, name, level, nameLowercase) values (1, 50215, 'Muusika_ja_esituskunstid', 'TOPIC', 'muusika_ja_esituskunstid');
INSERT INTO Topic(used, id, domain) VALUES (1, 50215, 168);
INSERT INTO Taxon(used, id, name, level, nameLowercase) values (1, 55999, 'Meediatehnoloogiad', 'TOPIC', 'meediatehnoloogiad');
INSERT INTO Topic(used, id, domain) VALUES (1, 55999, 168);
INSERT INTO Taxon(used, id, name, level, nameLowercase) values (1, 50212, 'Disain_ja_Käsitöö', 'TOPIC', 'disain_ja_käsitöö');
INSERT INTO Topic(used, id, domain) VALUES (1, 50212, 150);
INSERT INTO Taxon(used, id, name, level, nameLowercase) values (1, 50414, 'Kaubandus', 'TOPIC', 'kaubandus');
INSERT INTO Topic(used, id, domain) VALUES (1, 50414, 151);
INSERT INTO Taxon(used, id, name, level, nameLowercase) values (1, 50413, 'Äriteenused', 'TOPIC', 'äriteenused');
INSERT INTO Topic(used, id, domain) VALUES (1, 50413, 151);
INSERT INTO Taxon(used, id, name, level, nameLowercase) values (1, 50421, 'Õigusteenused', 'TOPIC', 'õigusteenused');
INSERT INTO Topic(used, id, domain) VALUES (1, 50421, 152);
INSERT INTO Taxon(used, id, name, level, nameLowercase) values (1, 50561, 'Info-_ja_kommunikatsioonitehnoloogia', 'TOPIC', 'info-_ja_kommunikatsioonitehnoloogia');
INSERT INTO Topic(used, id, domain) VALUES (1, 50561, 153);
INSERT INTO Taxon(used, id, name, level, nameLowercase) values (1, 50714, 'Energeetika_ja_automaatika', 'TOPIC', 'energeetika_ja_automaatika');
INSERT INTO Topic(used, id, domain) VALUES (1, 50714, 154);
INSERT INTO Taxon(used, id, name, level, nameLowercase) values (1, 57163, 'Laevandustehnika', 'TOPIC', 'laevandustehnika');
INSERT INTO Topic(used, id, domain) VALUES (1, 57163, 154);
INSERT INTO Taxon(used, id, name, level, nameLowercase) values (1, 57162, 'Lennundustehnika', 'TOPIC', 'lennundustehnika');
INSERT INTO Topic(used, id, domain) VALUES (1, 57162, 154);
INSERT INTO Taxon(used, id, name, level, nameLowercase) values (1, 50715, 'Mehaanika_ja_metallitöötlus', 'TOPIC', 'mehaanika_ja_metallitöötlus');
INSERT INTO Topic(used, id, domain) VALUES (1, 50715, 154);
INSERT INTO Taxon(used, id, name, level, nameLowercase) values (1, 57161, 'Transporditehnika', 'TOPIC', 'transporditehnika');
INSERT INTO Topic(used, id, domain) VALUES (1, 57161, 154);
INSERT INTO Taxon(used, id, name, level, nameLowercase) values (1, 50724, 'Kaevandamine', 'TOPIC', 'kaevandamine');
INSERT INTO Topic(used, id, domain) VALUES (1, 50724, 155);
INSERT INTO Taxon(used, id, name, level, nameLowercase) values (1, 50711, 'Keemiline_töötlus', 'TOPIC', 'keemiline_töötlus');
INSERT INTO Topic(used, id, domain) VALUES (1, 50711, 155);
INSERT INTO Taxon(used, id, name, level, nameLowercase) values (1, 50721, 'Puitmaterjalide_töötlus', 'TOPIC', 'puitmaterjalide_töötlus');
INSERT INTO Topic(used, id, domain) VALUES (1, 50721, 155);
INSERT INTO Taxon(used, id, name, level, nameLowercase) values (1, 50723, 'Tekstiili-_ja_nahatöötlus', 'TOPIC', 'tekstiili-_ja_nahatöötlus');
INSERT INTO Topic(used, id, domain) VALUES (1, 50723, 155);
INSERT INTO Taxon(used, id, name, level, nameLowercase) values (1, 50999, 'Toiduainetöötlus', 'TOPIC', 'toiduainetöötlus');
INSERT INTO Topic(used, id, domain) VALUES (1, 50999, 155);
INSERT INTO Taxon(used, id, name, level, nameLowercase) values (1, 55998, 'Ehitus', 'TOPIC', 'ehitus');
INSERT INTO Topic(used, id, domain) VALUES (1, 55998, 169);
INSERT INTO Taxon(used, id, name, level, nameLowercase) values (1, 50812, 'Aiandus', 'TOPIC', 'aiandus');
INSERT INTO Topic(used, id, domain) VALUES (1, 50812, 156);
INSERT INTO Taxon(used, id, name, level, nameLowercase) values (1, 50831, 'Kalandus', 'TOPIC', 'kalandus');
INSERT INTO Topic(used, id, domain) VALUES (1, 50831, 156);
INSERT INTO Taxon(used, id, name, level, nameLowercase) values (1, 50821, 'Metsandus', 'TOPIC', 'metsandus');
INSERT INTO Topic(used, id, domain) VALUES (1, 50821, 156);
INSERT INTO Taxon(used, id, name, level, nameLowercase) values (1, 50811, 'Põllumajandus', 'TOPIC', 'põllumajandus');
INSERT INTO Topic(used, id, domain) VALUES (1, 50811, 156);
INSERT INTO Taxon(used, id, name, level, nameLowercase) values (1, 55084, 'Veterinaaria', 'TOPIC', 'veterinaaria');
INSERT INTO Topic(used, id, domain) VALUES (1, 55084, 157);
INSERT INTO Taxon(used, id, name, level, nameLowercase) values (1, 50912, 'Tervishoid_ja_sotsiaalteenused', 'TOPIC', 'tervishoid_ja_sotsiaalteenused');
INSERT INTO Topic(used, id, domain) VALUES (1, 50912, 158);
INSERT INTO Taxon(used, id, name, level, nameLowercase) values (1, 55001, 'Tervishoid_ja_sotsiaalteenused', 'TOPIC', 'tervishoid_ja_sotsiaalteenused');
INSERT INTO Topic(used, id, domain) VALUES (1, 55001, 159);
INSERT INTO Taxon(used, id, name, level, nameLowercase) values (1, 51015, 'Turismi-,_toitlustus-_ja_majutusteenindus', 'TOPIC', 'turismi-,_toitlustus-_ja_majutusteenindus');
INSERT INTO Topic(used, id, domain) VALUES (1, 51015, 170);
INSERT INTO Taxon(used, id, name, level, nameLowercase) values (1, 51041, 'Logistika', 'TOPIC', 'logistika');
INSERT INTO Topic(used, id, domain) VALUES (1, 51041, 171);
INSERT INTO Taxon(used, id, name, level, nameLowercase) values (1, 51043, 'Merendus', 'TOPIC', 'merendus');
INSERT INTO Topic(used, id, domain) VALUES (1, 51043, 171);
INSERT INTO Taxon(used, id, name, level, nameLowercase) values (1, 51042, 'Transpordivahendite_juhtimine', 'TOPIC', 'transpordivahendite_juhtimine');
INSERT INTO Topic(used, id, domain) VALUES (1, 51042, 171);
INSERT INTO Taxon(used, id, name, level, nameLowercase) values (1, 51021, 'Keskkonnakaitse', 'TOPIC', 'keskkonnakaitse');
INSERT INTO Topic(used, id, domain) VALUES (1, 51021, 160);
INSERT INTO Taxon(used, id, name, level, nameLowercase) values (1, 51031, 'Militaarõpe', 'TOPIC', 'militaarõpe');
INSERT INTO Topic(used, id, domain) VALUES (1, 51031, 161);
INSERT INTO Taxon(used, id, name, level, nameLowercase) values (1, 51032, 'Vara-_ja_isikukaitse', 'TOPIC', 'vara-_ja_isikukaitse');
INSERT INTO Topic(used, id, domain) VALUES (1, 51032, 161);
INSERT INTO Taxon(used, id, name, level, nameLowercase) values (1, 55033, 'Iluteenindus', 'TOPIC', 'iluteenindus');
INSERT INTO Topic(used, id, domain) VALUES (1, 55033, 170);


-- estcore
INSERT INTO EstCoreTaxonMapping (id, taxon, name, nameLowercase) VALUES (150, 150, 'Humanitaaria', 'humanitaaria');
INSERT INTO EstCoreTaxonMapping (id, taxon, name, nameLowercase) VALUES (162, 162, 'Sotsiaal-_ja_käitumisteadused', 'sotsiaal-_ja_käitumisteadused');
INSERT INTO EstCoreTaxonMapping (id, taxon, name, nameLowercase) VALUES (163, 163, 'Ajakirjandus_ja_infolevi', 'ajakirjandus_ja_infolevi');
INSERT INTO EstCoreTaxonMapping (id, taxon, name, nameLowercase) VALUES (164, 164, 'Bioteadused', 'bioteadused');
INSERT INTO EstCoreTaxonMapping (id, taxon, name, nameLowercase) VALUES (165, 165, 'Füüsikalised_loodusteadused', 'füüsikalised_loodusteadused');
INSERT INTO EstCoreTaxonMapping (id, taxon, name, nameLowercase) VALUES (166, 166, 'Matemaatika_ja_statistika', 'matemaatika_ja_statistika');
INSERT INTO EstCoreTaxonMapping (id, taxon, name, nameLowercase) VALUES (167, 167, 'Õpetajakoolitus_ja_kasvatusteadused', 'õpetajakoolitus_ja_kasvatusteadused');
INSERT INTO EstCoreTaxonMapping (id, taxon, name, nameLowercase) VALUES (151, 151, 'Ärindus_ja_haldus', 'ärindus_ja_haldus');
INSERT INTO EstCoreTaxonMapping (id, taxon, name, nameLowercase) VALUES (152, 152, 'Õigus', 'õigus');
INSERT INTO EstCoreTaxonMapping (id, taxon, name, nameLowercase) VALUES (153, 153, 'Arvutiteadused', 'arvutiteadused') ;
INSERT INTO EstCoreTaxonMapping (id, taxon, name, nameLowercase) VALUES (154, 154, 'Tehnikaalad', 'tehnikaalad') ;
INSERT INTO EstCoreTaxonMapping (id, taxon, name, nameLowercase) VALUES (155, 155, 'Tootmine_ja_töötlemine', 'tootmine_ja_töötlemine') ;
INSERT INTO EstCoreTaxonMapping (id, taxon, name, nameLowercase) VALUES (156, 156, 'Põllumajandus', 'põllumajandus') ;
INSERT INTO EstCoreTaxonMapping (id, taxon, name, nameLowercase) VALUES (157, 157, 'Veterinaaria', 'veterinaaria') ;
INSERT INTO EstCoreTaxonMapping (id, taxon, name, nameLowercase) VALUES (158, 158, 'Tervis', 'tervis') ;
INSERT INTO EstCoreTaxonMapping (id, taxon, name, nameLowercase) VALUES (159, 159, 'Sotsiaalteenused', 'sotsiaalteenused') ;
INSERT INTO EstCoreTaxonMapping (id, taxon, name, nameLowercase) VALUES (160, 160, 'Keskkonnakaitse', 'keskkonnakaitse') ;
INSERT INTO EstCoreTaxonMapping (id, taxon, name, nameLowercase) VALUES (161, 161, 'Turvamine', 'turvamine') ;
INSERT INTO EstCoreTaxonMapping (id, taxon, name, nameLowercase) VALUES (50215, 50215, 'Muusika_ja_esituskunstid', 'muusika_ja_esituskunstid') ;
INSERT INTO EstCoreTaxonMapping (id, taxon, name, nameLowercase) VALUES (55999, 55999, 'Meediatehnoloogiad', 'meediatehnoloogiad') ;
INSERT INTO EstCoreTaxonMapping (id, taxon, name, nameLowercase) VALUES (50212, 50212, 'Disain_ja_Käsitöö', 'disain_ja_käsitöö') ;
INSERT INTO EstCoreTaxonMapping (id, taxon, name, nameLowercase) VALUES (50414, 50414, 'Kaubandus', 'kaubandus') ;
INSERT INTO EstCoreTaxonMapping (id, taxon, name, nameLowercase) VALUES (50413, 50413, 'Äriteenused', 'äriteenused') ;
INSERT INTO EstCoreTaxonMapping (id, taxon, name, nameLowercase) VALUES (50421, 50421, 'Õigusteenused', 'õigusteenused') ;
INSERT INTO EstCoreTaxonMapping (id, taxon, name, nameLowercase) VALUES (50561, 50561, 'Info-_ja_kommunikatsioonitehnoloogia', 'info-_ja_kommunikatsioonitehnoloogia');
INSERT INTO EstCoreTaxonMapping (id, taxon, name, nameLowercase) VALUES (50714, 50714, 'Energeetika_ja_automaatika', 'energeetika_ja_automaatika') ;
INSERT INTO EstCoreTaxonMapping (id, taxon, name, nameLowercase) VALUES (57163, 57163, 'Laevandustehnika', 'laevandustehnika') ;
INSERT INTO EstCoreTaxonMapping (id, taxon, name, nameLowercase) VALUES (57162, 57162, 'Lennundustehnika', 'lennundustehnika') ;
INSERT INTO EstCoreTaxonMapping (id, taxon, name, nameLowercase) VALUES (50715, 50715, 'Mehaanika_ja_metallitöötlus', 'mehaanika_ja_metallitöötlus') ;
INSERT INTO EstCoreTaxonMapping (id, taxon, name, nameLowercase) VALUES (57161, 57161, 'Transporditehnika', 'transporditehnika') ;
INSERT INTO EstCoreTaxonMapping (id, taxon, name, nameLowercase) VALUES (50724, 50724, 'Kaevandamine', 'kaevandamine') ;
INSERT INTO EstCoreTaxonMapping (id, taxon, name, nameLowercase) VALUES (50711, 50711, 'Keemiline_töötlus', 'keemiline_töötlus') ;
INSERT INTO EstCoreTaxonMapping (id, taxon, name, nameLowercase) VALUES (50721, 50721, 'Puitmaterjalide_töötlus', 'puitmaterjalide_töötlus') ;
INSERT INTO EstCoreTaxonMapping (id, taxon, name, nameLowercase) VALUES (50723, 50723, 'Tekstiili-_ ja_nahatöötlus', 'tekstiili-_ja_nahatöötlus');
INSERT INTO EstCoreTaxonMapping (id, taxon, name, nameLowercase) VALUES (50999, 50999, 'Toiduainetöötlus', 'toiduainetöötlus') ;
INSERT INTO EstCoreTaxonMapping (id, taxon, name, nameLowercase) VALUES (55998, 55998, 'Ehitus', 'ehitus') ;
INSERT INTO EstCoreTaxonMapping (id, taxon, name, nameLowercase) VALUES (50812, 50812, 'Aiandus', 'aiandus') ;
INSERT INTO EstCoreTaxonMapping (id, taxon, name, nameLowercase) VALUES (50831, 50831, 'Kalandus', 'kalandus') ;
INSERT INTO EstCoreTaxonMapping (id, taxon, name, nameLowercase) VALUES (50821, 50821, 'Metsandus', 'metsandus') ;
INSERT INTO EstCoreTaxonMapping (id, taxon, name, nameLowercase) VALUES (50811, 50811, 'Põllumajandus', 'põllumajandus') ;
INSERT INTO EstCoreTaxonMapping (id, taxon, name, nameLowercase) VALUES (55084, 55084, 'Veterinaaria', 'veterinaaria') ;
INSERT INTO EstCoreTaxonMapping (id, taxon, name, nameLowercase) VALUES (50912, 50912, 'Tervishoid_ja_sotsiaalteenused', 'tervishoid_ja_sotsiaalteenused') ;
INSERT INTO EstCoreTaxonMapping (id, taxon, name, nameLowercase) VALUES (55001, 55001, 'Tervishoid_ja_sotsiaalteenused', 'tervishoid_ja_sotsiaalteenused') ;
INSERT INTO EstCoreTaxonMapping (id, taxon, name, nameLowercase) VALUES (51015, 51015, 'Turismi-,_toitlustus-_ja_majutusteenindus', 'turismi-,_toitlustus-_ja_majutusteenindus');
INSERT INTO EstCoreTaxonMapping (id, taxon, name, nameLowercase) VALUES (51041, 51041, 'Logistika', 'logistika') ;
INSERT INTO EstCoreTaxonMapping (id, taxon, name, nameLowercase) VALUES (51043, 51043, 'Merendus', 'merendus') ;
INSERT INTO EstCoreTaxonMapping (id, taxon, name, nameLowercase) VALUES (51042, 51042, 'Transpordivahendite_juhtimine', 'transpordivahendite_juhtimine') ;
INSERT INTO EstCoreTaxonMapping (id, taxon, name, nameLowercase) VALUES (51021, 51021, 'Keskkonnakaitse', 'keskkonnakaitse') ;
INSERT INTO EstCoreTaxonMapping (id, taxon, name, nameLowercase) VALUES (51031, 51031, 'Militaarõpe', 'militaarõpe') ;
INSERT INTO EstCoreTaxonMapping (id, taxon, name, nameLowercase) VALUES (51032, 51032, 'Vara-_ja_isikukaitse', 'vara-_ja_isikukaitse');

-- Translations
-- domain tõlked
INSERT INTO Translation (translationGroup, translationKey, translation) VALUES (1, 'DOMAIN_KUNSTID', 'Kunstid');
INSERT INTO Translation (translationGroup, translationKey, translation) VALUES (3, 'DOMAIN_KUNSTID', 'Arts');
INSERT INTO Translation (translationGroup, translationKey, translation) VALUES (2, 'DOMAIN_KUNSTID', 'Kunstid');
INSERT INTO Translation (translationGroup, translationKey, translation) VALUES (1, 'DOMAIN_HUMANITAARIA', 'Humanitaaria');
INSERT INTO Translation (translationGroup, translationKey, translation) VALUES (3, 'DOMAIN_HUMANITAARIA', 'Humanities');
INSERT INTO Translation (translationGroup, translationKey, translation) VALUES (2, 'DOMAIN_HUMANITAARIA', 'Humanitaaria');
INSERT INTO Translation (translationGroup, translationKey, translation) VALUES (1, 'DOMAIN_SOTSIAAL-_JA_KÄITUMISTEADUSED', 'Sotsiaal-ja käitumisteadused');
INSERT INTO Translation (translationGroup, translationKey, translation) VALUES (3, 'DOMAIN_SOTSIAAL-_JA_KÄITUMISTEADUSED', 'Social and behavioral science');
INSERT INTO Translation (translationGroup, translationKey, translation) VALUES (2, 'DOMAIN_SOTSIAAL-_JA_KÄITUMISTEADUSED', 'Sotsiaal- ja käitumisteadused');
INSERT INTO Translation (translationGroup, translationKey, translation) VALUES (1, 'DOMAIN_AJAKIRJANDUS_JA_INFOLEVI', 'Ajakirjandus ja infolevi');
INSERT INTO Translation (translationGroup, translationKey, translation) VALUES (3, 'DOMAIN_AJAKIRJANDUS_JA_INFOLEVI', 'Journalism and information');
INSERT INTO Translation (translationGroup, translationKey, translation) VALUES (2, 'DOMAIN_AJAKIRJANDUS_JA_INFOLEVI', 'Ajakirjandus ja infolevi');
INSERT INTO Translation (translationGroup, translationKey, translation) VALUES (1, 'DOMAIN_ÄRINDUS_JA_HALDUS', 'Ärindus ja haldus');
INSERT INTO Translation (translationGroup, translationKey, translation) VALUES (3, 'DOMAIN_ÄRINDUS_JA_HALDUS', 'Business and administration');
INSERT INTO Translation (translationGroup, translationKey, translation) VALUES (2, 'DOMAIN_ÄRINDUS_JA_HALDUS', 'Ärindus ja haldus');
INSERT INTO Translation (translationGroup, translationKey, translation) VALUES (1, 'DOMAIN_ÕIGUS', 'Õigus');
INSERT INTO Translation (translationGroup, translationKey, translation) VALUES (3, 'DOMAIN_ÕIGUS', 'Law');
INSERT INTO Translation (translationGroup, translationKey, translation) VALUES (2, 'DOMAIN_ÕIGUS', 'Õigus');
INSERT INTO Translation (translationGroup, translationKey, translation) VALUES (1, 'DOMAIN_BIOTEADUSED', 'Bioteadused');
INSERT INTO Translation (translationGroup, translationKey, translation) VALUES (3, 'DOMAIN_BIOTEADUSED', 'Biological and related sciences');
INSERT INTO Translation (translationGroup, translationKey, translation) VALUES (2, 'DOMAIN_BIOTEADUSED', 'Bioteadused');
INSERT INTO Translation (translationGroup, translationKey, translation) VALUES (1, 'DOMAIN_FÜÜSIKALISED_LOODUSTEADUSED', 'Füüsikalised loodusteadused');
INSERT INTO Translation (translationGroup, translationKey, translation) VALUES (3, 'DOMAIN_FÜÜSIKALISED_LOODUSTEADUSED', 'Physical sciences');
INSERT INTO Translation (translationGroup, translationKey, translation) VALUES (2, 'DOMAIN_FÜÜSIKALISED_LOODUSTEADUSED', 'Füüsikalised loodusteadused');
INSERT INTO Translation (translationGroup, translationKey, translation) VALUES (1, 'DOMAIN_MATEMAATIKA_JA_STATISTIKA', 'Matemaatika ja statistika');
INSERT INTO Translation (translationGroup, translationKey, translation) VALUES (3, 'DOMAIN_MATEMAATIKA_JA_STATISTIKA', 'Mathematics and statistics');
INSERT INTO Translation (translationGroup, translationKey, translation) VALUES (2, 'DOMAIN_MATEMAATIKA_JA_STATISTIKA', 'Matemaatika ja statistika');
INSERT INTO Translation (translationGroup, translationKey, translation) VALUES (1, 'DOMAIN_ARVUTITEADUSED', 'Arvutiteadused');
INSERT INTO Translation (translationGroup, translationKey, translation) VALUES (3, 'DOMAIN_ARVUTITEADUSED', 'Information and Communication Technologies');
INSERT INTO Translation (translationGroup, translationKey, translation) VALUES (2, 'DOMAIN_ARVUTITEADUSED', 'Arvutiteadused');
INSERT INTO Translation (translationGroup, translationKey, translation) VALUES (1, 'DOMAIN_TEHNIKAALAD', 'Tehnikaalad');
INSERT INTO Translation (translationGroup, translationKey, translation) VALUES (3, 'DOMAIN_TEHNIKAALAD', 'Engineering and engineering trades');
INSERT INTO Translation (translationGroup, translationKey, translation) VALUES (2, 'DOMAIN_TEHNIKAALAD', 'Tehnikaalad');
INSERT INTO Translation (translationGroup, translationKey, translation) VALUES (1, 'DOMAIN_TOOTMINE_JA_TÖÖTLEMINE', 'Tootmine ja töötlemine');
INSERT INTO Translation (translationGroup, translationKey, translation) VALUES (3, 'DOMAIN_TOOTMINE_JA_TÖÖTLEMINE', 'Manufacturing and processing');
INSERT INTO Translation (translationGroup, translationKey, translation) VALUES (2, 'DOMAIN_TOOTMINE_JA_TÖÖTLEMINE', 'Tootmine ja töötlemine');
INSERT INTO Translation (translationGroup, translationKey, translation) VALUES (1, 'DOMAIN_ARHITEKTUUR_JA_EHITUS', 'Arhitektuur ja ehitus');
INSERT INTO Translation (translationGroup, translationKey, translation) VALUES (3, 'DOMAIN_ARHITEKTUUR_JA_EHITUS', 'Architecture and construction');
INSERT INTO Translation (translationGroup, translationKey, translation) VALUES (2, 'DOMAIN_ARHITEKTUUR_JA_EHITUS', 'Arhitektuur ja ehitus');
INSERT INTO Translation (translationGroup, translationKey, translation) VALUES (1, 'DOMAIN_PÕLLUMAJANDUS', 'Põllumajandus');
INSERT INTO Translation (translationGroup, translationKey, translation) VALUES (3, 'DOMAIN_PÕLLUMAJANDUS', 'Agriculture');
INSERT INTO Translation (translationGroup, translationKey, translation) VALUES (2, 'DOMAIN_PÕLLUMAJANDUS', 'Põllumajandus');
INSERT INTO Translation (translationGroup, translationKey, translation) VALUES (1, 'DOMAIN_VETERINAARIA', 'Veterinaaria');
INSERT INTO Translation (translationGroup, translationKey, translation) VALUES (3, 'DOMAIN_VETERINAARIA', 'Veterinary');
INSERT INTO Translation (translationGroup, translationKey, translation) VALUES (2, 'DOMAIN_VETERINAARIA', 'Veterinaaria');
INSERT INTO Translation (translationGroup, translationKey, translation) VALUES (1, 'DOMAIN_TERVIS', 'Tervis');
INSERT INTO Translation (translationGroup, translationKey, translation) VALUES (3, 'DOMAIN_TERVIS', 'Health');
INSERT INTO Translation (translationGroup, translationKey, translation) VALUES (2, 'DOMAIN_TERVIS', 'Tervis');
INSERT INTO Translation (translationGroup, translationKey, translation) VALUES (1, 'DOMAIN_SOTSIAALTEENUSED', 'Sotsiaalteenused');
INSERT INTO Translation (translationGroup, translationKey, translation) VALUES (3, 'DOMAIN_SOTSIAALTEENUSED', 'Welfare');
INSERT INTO Translation (translationGroup, translationKey, translation) VALUES (2, 'DOMAIN_SOTSIAALTEENUSED', 'Sotsiaalteenused');
INSERT INTO Translation (translationGroup, translationKey, translation) VALUES (1, 'DOMAIN_ISIKUTEENINDUS', 'Isikuteenindus');
INSERT INTO Translation (translationGroup, translationKey, translation) VALUES (3, 'DOMAIN_ISIKUTEENINDUS', 'Personal services');
INSERT INTO Translation (translationGroup, translationKey, translation) VALUES (2, 'DOMAIN_ISIKUTEENINDUS', 'Isikuteenindus');
INSERT INTO Translation (translationGroup, translationKey, translation) VALUES (1, 'DOMAIN_TRANSPORDITEENUSED', 'Transporditeenused');
INSERT INTO Translation (translationGroup, translationKey, translation) VALUES (3, 'DOMAIN_TRANSPORDITEENUSED', 'Transport services');
INSERT INTO Translation (translationGroup, translationKey, translation) VALUES (2, 'DOMAIN_TRANSPORDITEENUSED', 'Transporditeenused');
INSERT INTO Translation (translationGroup, translationKey, translation) VALUES (1, 'DOMAIN_TURVAMINE', 'Turvamine');
INSERT INTO Translation (translationGroup, translationKey, translation) VALUES (3, 'DOMAIN_TURVAMINE', 'Security services');
INSERT INTO Translation (translationGroup, translationKey, translation) VALUES (2, 'DOMAIN_TURVAMINE', 'Turvamine');
INSERT INTO Translation (translationGroup, translationKey, translation) VALUES (1, 'DOMAIN_ÕPETAJAKOOLITUS_JA_KASVATUSTEADUSED', 'Õpetajakoolitus ja kasvatusteadused');
INSERT INTO Translation (translationGroup, translationKey, translation) VALUES (3, 'DOMAIN_ÕPETAJAKOOLITUS_JA_KASVATUSTEADUSED', 'Personal skills and development');
INSERT INTO Translation (translationGroup, translationKey, translation) VALUES (2, 'DOMAIN_ÕPETAJAKOOLITUS_JA_KASVATUSTEADUSED', 'Õpetajakoolitus ja kasvatusteadused');
INSERT IGNORE INTO Translation (translationGroup, translationKey, translation) VALUES (1, 'DOMAIN_KESKKONNAKAITSE', 'Keskkonnakaitse');
INSERT IGNORE INTO Translation (translationGroup, translationKey, translation) VALUES (3, 'DOMAIN_KESKKONNAKAITSE', 'Community sanitation');
INSERT IGNORE INTO Translation (translationGroup, translationKey, translation) VALUES (2, 'DOMAIN_KESKKONNAKAITSE', 'Keskkonnakaitse');


-- Topic tõlked
INSERT INTO Translation (translationGroup, translationKey, translation) VALUES (1, 'TOPIC_MUUSIKA_JA_ESITUSKUNSTID', 'Muusika ja esituskunstid');
INSERT INTO Translation (translationGroup, translationKey, translation) VALUES (3, 'TOPIC_MUUSIKA_JA_ESITUSKUNSTID', 'Music and performing arts');
INSERT INTO Translation (translationGroup, translationKey, translation) VALUES (2, 'TOPIC_MUUSIKA_JA_ESITUSKUNSTID', 'Muusika ja esituskunstid');
INSERT INTO Translation (translationGroup, translationKey, translation) VALUES (1, 'TOPIC_MEEDIATEHNOLOOGIAD', 'Meediatehnoloogiad');
INSERT INTO Translation (translationGroup, translationKey, translation) VALUES (3, 'TOPIC_MEEDIATEHNOLOOGIAD', ' Audio-visual techniques and media production');
INSERT INTO Translation (translationGroup, translationKey, translation) VALUES (2, 'TOPIC_MEEDIATEHNOLOOGIAD', 'Meediatehnoloogiad');
INSERT INTO Translation (translationGroup, translationKey, translation) VALUES (1, 'TOPIC_DISAIN_JA_KÄSITÖÖ', 'Disain ja käsitöö');
INSERT INTO Translation (translationGroup, translationKey, translation) VALUES (3, 'TOPIC_DISAIN_JA_KÄSITÖÖ', 'Fashion, interior and industrial design');
INSERT INTO Translation (translationGroup, translationKey, translation) VALUES (2, 'TOPIC_DISAIN_JA_KÄSITÖÖ', 'Disain ja käsitöö');
INSERT INTO Translation (translationGroup, translationKey, translation) VALUES (1, 'TOPIC_KAUBANDUS', 'Kaubandus');
INSERT INTO Translation (translationGroup, translationKey, translation) VALUES (3, 'TOPIC_KAUBANDUS', 'Marketing and advertising');
INSERT INTO Translation (translationGroup, translationKey, translation) VALUES (2, 'TOPIC_KAUBANDUS', 'Kaubandus');
INSERT INTO Translation (translationGroup, translationKey, translation) VALUES (1, 'TOPIC_ÄRITEENUSED', 'Äriteenused');
INSERT INTO Translation (translationGroup, translationKey, translation) VALUES (3, 'TOPIC_ÄRITEENUSED', 'Management and administration');
INSERT INTO Translation (translationGroup, translationKey, translation) VALUES (2, 'TOPIC_ÄRITEENUSED', 'Äriteenused');
INSERT INTO Translation (translationGroup, translationKey, translation) VALUES (1, 'TOPIC_ÕIGUSTEENUSED', 'Õigusteenused');
INSERT INTO Translation (translationGroup, translationKey, translation) VALUES (3, 'TOPIC_ÕIGUSTEENUSED', 'Law');
INSERT INTO Translation (translationGroup, translationKey, translation) VALUES (2, 'TOPIC_ÕIGUSTEENUSED', 'Õigusteenused');
INSERT INTO Translation (translationGroup, translationKey, translation) VALUES (1, 'TOPIC_INFO-_JA_KOMMUNIKATSIOONITEHNOLOOGIA', 'Info- ja kommunikatsioonitehnoloogia');
INSERT INTO Translation (translationGroup, translationKey, translation) VALUES (3, 'TOPIC_INFO-_JA_KOMMUNIKATSIOONITEHNOLOOGIA', 'Information and Communication Technologies');
INSERT INTO Translation (translationGroup, translationKey, translation) VALUES (2, 'TOPIC_INFO-_JA_KOMMUNIKATSIOONITEHNOLOOGIA', 'Info- ja kommunikatsioonitehnoloogia');
INSERT INTO Translation (translationGroup, translationKey, translation) VALUES (1, 'TOPIC_ENERGEETIKA_JA_AUTOMAATIKA', 'Energeetika ja automaatika');
INSERT INTO Translation (translationGroup, translationKey, translation) VALUES (3, 'TOPIC_ENERGEETIKA_JA_AUTOMAATIKA', 'Electronics and automation');
INSERT INTO Translation (translationGroup, translationKey, translation) VALUES (2, 'TOPIC_ENERGEETIKA_JA_AUTOMAATIKA', 'Energeetika ja automaatika');
INSERT INTO Translation (translationGroup, translationKey, translation) VALUES (1, 'TOPIC_LAEVANDUSTEHNIKA', 'Laevandustehnika');
INSERT INTO Translation (translationGroup, translationKey, translation) VALUES (3, 'TOPIC_LAEVANDUSTEHNIKA', 'Ships');
INSERT INTO Translation (translationGroup, translationKey, translation) VALUES (2, 'TOPIC_LAEVANDUSTEHNIKA', 'Laevandustehnika');
INSERT INTO Translation (translationGroup, translationKey, translation) VALUES (1, 'TOPIC_LENNUNDUSTEHNIKA', 'Lennundustehnika');
INSERT INTO Translation (translationGroup, translationKey, translation) VALUES (3, 'TOPIC_LENNUNDUSTEHNIKA', 'Aircraft');
INSERT INTO Translation (translationGroup, translationKey, translation) VALUES (2, 'TOPIC_LENNUNDUSTEHNIKA', 'Lennundustehnika');
INSERT INTO Translation (translationGroup, translationKey, translation) VALUES (1, 'TOPIC_MEHAANIKA_JA_METALLITÖÖTLUS', 'Mehaanika ja metallitööstus');
INSERT INTO Translation (translationGroup, translationKey, translation) VALUES (3, 'TOPIC_MEHAANIKA_JA_METALLITÖÖTLUS', 'Mechanics and metal trades');
INSERT INTO Translation (translationGroup, translationKey, translation) VALUES (2, 'TOPIC_MEHAANIKA_JA_METALLITÖÖTLUS', 'Mehaanika ja metallitööstus');
INSERT INTO Translation (translationGroup, translationKey, translation) VALUES (1, 'TOPIC_TRANSPORDITEHNIKA', 'Transporditehnika');
INSERT INTO Translation (translationGroup, translationKey, translation) VALUES (3, 'TOPIC_TRANSPORDITEHNIKA', 'Motor vehicles');
INSERT INTO Translation (translationGroup, translationKey, translation) VALUES (2, 'TOPIC_TRANSPORDITEHNIKA', 'Transporditehnika');
INSERT INTO Translation (translationGroup, translationKey, translation) VALUES (1, 'TOPIC_KAEVANDAMINE', 'Kaevandamine');
INSERT INTO Translation (translationGroup, translationKey, translation) VALUES (3, 'TOPIC_KAEVANDAMINE', 'Mining and extraction');
INSERT INTO Translation (translationGroup, translationKey, translation) VALUES (2, 'TOPIC_KAEVANDAMINE', 'Kaevandamine');
INSERT INTO Translation (translationGroup, translationKey, translation) VALUES (1, 'TOPIC_KEEMILINE_TÖÖTLUS', 'Keemiline töötlus');
INSERT INTO Translation (translationGroup, translationKey, translation) VALUES (3, 'TOPIC_KEEMILINE_TÖÖTLUS', 'Chemical engineering and processes');
INSERT INTO Translation (translationGroup, translationKey, translation) VALUES (2, 'TOPIC_KEEMILINE_TÖÖTLUS', 'Keemiline töötlus');
INSERT INTO Translation (translationGroup, translationKey, translation) VALUES (1, 'TOPIC_PUITMATERJALIDE_TÖÖTLUS', 'Puitmaterjalide töötlus');
INSERT INTO Translation (translationGroup, translationKey, translation) VALUES (3, 'TOPIC_PUITMATERJALIDE_TÖÖTLUS', 'Materials');
INSERT INTO Translation (translationGroup, translationKey, translation) VALUES (2, 'TOPIC_PUITMATERJALIDE_TÖÖTLUS', 'Puitmaterjalide töötlus');
INSERT INTO Translation (translationGroup, translationKey, translation) VALUES (1, 'TOPIC_TEKSTIILI-_JA_NAHATÖÖTLUS', 'Tekstiili- ja nahatöötlus');
INSERT INTO Translation (translationGroup, translationKey, translation) VALUES (3, 'TOPIC_TEKSTIILI-_JA_NAHATÖÖTLUS', 'Textiles');
INSERT INTO Translation (translationGroup, translationKey, translation) VALUES (2, 'TOPIC_TEKSTIILI-_JA_NAHATÖÖTLUS', 'Tekstiili- ja nahatöötlus');
INSERT INTO Translation (translationGroup, translationKey, translation) VALUES (1, 'TOPIC_TOIDUAINETÖÖTLUS', 'Toiduainetöötlus');
INSERT INTO Translation (translationGroup, translationKey, translation) VALUES (3, 'TOPIC_TOIDUAINETÖÖTLUS', 'Food processing');
INSERT INTO Translation (translationGroup, translationKey, translation) VALUES (2, 'TOPIC_TOIDUAINETÖÖTLUS', 'Toiduainetöötlus');
INSERT INTO Translation (translationGroup, translationKey, translation) VALUES (1, 'TOPIC_EHITUS', 'Ehitus');
INSERT INTO Translation (translationGroup, translationKey, translation) VALUES (3, 'TOPIC_EHITUS', 'Building and civil engineering');
INSERT INTO Translation (translationGroup, translationKey, translation) VALUES (2, 'TOPIC_EHITUS', 'Ehitus');
INSERT INTO Translation (translationGroup, translationKey, translation) VALUES (1, 'TOPIC_AIANDUS', 'Aiandus');
INSERT INTO Translation (translationGroup, translationKey, translation) VALUES (3, 'TOPIC_AIANDUS', 'Horticulture');
INSERT INTO Translation (translationGroup, translationKey, translation) VALUES (2, 'TOPIC_AIANDUS', 'Aiandus');
INSERT INTO Translation (translationGroup, translationKey, translation) VALUES (1, 'TOPIC_KALANDUS', 'Kalandus');
INSERT INTO Translation (translationGroup, translationKey, translation) VALUES (3, 'TOPIC_KALANDUS', 'Fisheries');
INSERT INTO Translation (translationGroup, translationKey, translation) VALUES (2, 'TOPIC_KALANDUS', 'Kalandus');
INSERT INTO Translation (translationGroup, translationKey, translation) VALUES (1, 'TOPIC_METSANDUS', 'Metsandus');
INSERT INTO Translation (translationGroup, translationKey, translation) VALUES (3, 'TOPIC_METSANDUS', 'Forestry');
INSERT INTO Translation (translationGroup, translationKey, translation) VALUES (2, 'TOPIC_METSANDUS', 'Metsandus');
INSERT INTO Translation (translationGroup, translationKey, translation) VALUES (1, 'TOPIC_PÕLLUMAJANDUS', 'Põllumajandus');
INSERT INTO Translation (translationGroup, translationKey, translation) VALUES (3, 'TOPIC_PÕLLUMAJANDUS', 'Crop and livestock production');
INSERT INTO Translation (translationGroup, translationKey, translation) VALUES (2, 'TOPIC_PÕLLUMAJANDUS', 'Põllumajandus');
INSERT INTO Translation (translationGroup, translationKey, translation) VALUES (1, 'TOPIC_VETERINAARIA', 'Veterinaaria');
INSERT INTO Translation (translationGroup, translationKey, translation) VALUES (3, 'TOPIC_VETERINAARIA', 'Veterinary');
INSERT INTO Translation (translationGroup, translationKey, translation) VALUES (2, 'TOPIC_VETERINAARIA', 'Veterinaaria');
INSERT INTO Translation (translationGroup, translationKey, translation) VALUES (1, 'TOPIC_TERVISHOID_JA_SOTSIAALTEENUSED', 'Tervishoid ja sotsiaalteenused');
INSERT INTO Translation (translationGroup, translationKey, translation) VALUES (3, 'TOPIC_TERVISHOID_JA_SOTSIAALTEENUSED', 'Medicine');
INSERT INTO Translation (translationGroup, translationKey, translation) VALUES (2, 'TOPIC_TERVISHOID_JA_SOTSIAALTEENUSED', 'Tervishoid ja sotsiaalteenused');
INSERT INTO Translation (translationGroup, translationKey, translation) VALUES (1, 'TOPIC_ILUTEENINDUS', 'Iluteenindus');
INSERT INTO Translation (translationGroup, translationKey, translation) VALUES (3, 'TOPIC_ILUTEENINDUS', 'Hair and beauty services');
INSERT INTO Translation (translationGroup, translationKey, translation) VALUES (2, 'TOPIC_ILUTEENINDUS', 'Iluteenindus');
INSERT INTO Translation (translationGroup, translationKey, translation) VALUES (1, 'TOPIC_TURISMI-,_TOITLUSTUS-_JA_MAJUTUSTEENINDUS', 'Turismi-, toitlustus- ja majutusteenindus');
INSERT INTO Translation (translationGroup, translationKey, translation) VALUES (3, 'TOPIC_TURISMI-,_TOITLUSTUS-_JA_MAJUTUSTEENINDUS', 'Travel, tourism and leisure');
INSERT INTO Translation (translationGroup, translationKey, translation) VALUES (2, 'TOPIC_TURISMI-,_TOITLUSTUS-_JA_MAJUTUSTEENINDUS', 'Turismi-, toitlustus- ja majutusteenindus');
INSERT INTO Translation (translationGroup, translationKey, translation) VALUES (1, 'TOPIC_LOGISTIKA', 'Logistika');
INSERT INTO Translation (translationGroup, translationKey, translation) VALUES (3, 'TOPIC_LOGISTIKA', 'Transport services');
INSERT INTO Translation (translationGroup, translationKey, translation) VALUES (2, 'TOPIC_LOGISTIKA', 'Logistika');
INSERT INTO Translation (translationGroup, translationKey, translation) VALUES (1, 'TOPIC_MERENDUS', 'Merendus');
INSERT INTO Translation (translationGroup, translationKey, translation) VALUES (3, 'TOPIC_MERENDUS', 'Maritime');
INSERT INTO Translation (translationGroup, translationKey, translation) VALUES (2, 'TOPIC_MERENDUS', 'Merendus');
INSERT INTO Translation (translationGroup, translationKey, translation) VALUES (1, 'TOPIC_TRANSPORDIVAHENDITE_JUHTIMINE', 'Transpordivahendite juhtimine');
INSERT INTO Translation (translationGroup, translationKey, translation) VALUES (3, 'TOPIC_TRANSPORDIVAHENDITE_JUHTIMINE', 'Transport means management');
INSERT INTO Translation (translationGroup, translationKey, translation) VALUES (2, 'TOPIC_TRANSPORDIVAHENDITE_JUHTIMINE', 'Transpordivahendite juhtimine');
INSERT IGNORE INTO Translation (translationGroup, translationKey, translation) VALUES (1, 'TOPIC_KESKKONNAKAITSE', 'Keskkonnakaitse');
INSERT IGNORE INTO Translation (translationGroup, translationKey, translation) VALUES (3, 'TOPIC_KESKKONNAKAITSE', 'Community sanitation');
INSERT IGNORE INTO Translation (translationGroup, translationKey, translation) VALUES (2, 'TOPIC_KESKKONNAKAITSE', 'Keskkonnakaitse');
INSERT INTO Translation (translationGroup, translationKey, translation) VALUES (1, 'TOPIC_MILITAARÕPE', 'Militaarõpe');
INSERT INTO Translation (translationGroup, translationKey, translation) VALUES (3, 'TOPIC_MILITAARÕPE', 'Military and defense');
INSERT INTO Translation (translationGroup, translationKey, translation) VALUES (2, 'TOPIC_MILITAARÕPE', 'Militaarõpe');
INSERT INTO Translation (translationGroup, translationKey, translation) VALUES (1, 'TOPIC_VARA-_JA_ISIKUKAITSE', 'Vara- ja isikukaitse');
INSERT INTO Translation (translationGroup, translationKey, translation) VALUES (3, 'TOPIC_VARA-_JA_ISIKUKAITSE', 'Protection of persons and property');
INSERT INTO Translation (translationGroup, translationKey, translation) VALUES (2, 'TOPIC_VARA-_JA_ISIKUKAITSE', 'Vara- ja isikukaitse');


-- Learning object update
UPDATE LearningObject_Taxon SET taxon = 169 where taxon = 128;
UPDATE LearningObject_Taxon SET taxon = 153 where taxon = 129;
UPDATE LearningObject_Taxon SET taxon = 170 where taxon = 130;
UPDATE LearningObject_Taxon SET taxon = 168 where taxon = 131;
UPDATE LearningObject_Taxon SET taxon = 156 where taxon = 132;
UPDATE LearningObject_Taxon SET taxon = 161 where taxon = 133;
UPDATE LearningObject_Taxon SET taxon = 161 where taxon = 134;
UPDATE LearningObject_Taxon SET taxon = 162 where taxon = 135;
UPDATE LearningObject_Taxon SET taxon = 154 where taxon = 136;
-- ühest taxonist 2
insert into LearningObject_Taxon (learningObject, taxon)
select learningObject, 155
from LearningObject_Taxon
where taxon = 154;
UPDATE LearningObject_Taxon SET taxon = 158 where taxon = 137;
UPDATE LearningObject_Taxon SET taxon = 171 where taxon = 138;
UPDATE LearningObject_Taxon SET taxon = 151 where taxon = 139;

UPDATE User_Taxon SET taxon = 169 where taxon = 128;
UPDATE User_Taxon SET taxon = 153 where taxon = 129;
UPDATE User_Taxon SET taxon = 170 where taxon = 130;
UPDATE User_Taxon SET taxon = 168 where taxon = 131;
UPDATE User_Taxon SET taxon = 156 where taxon = 132;
UPDATE User_Taxon SET taxon = 161 where taxon = 133;
UPDATE User_Taxon SET taxon = 161 where taxon = 134;
UPDATE User_Taxon SET taxon = 162 where taxon = 135;
UPDATE User_Taxon SET taxon = 154 where taxon = 136;
-- ühest taxonist 2
insert into User_Taxon (user, taxon)
select user, 155
from User_Taxon
where taxon = 154;
UPDATE User_Taxon SET taxon = 158 where taxon = 137;
UPDATE User_Taxon SET taxon = 171 where taxon = 138;
UPDATE User_Taxon SET taxon = 151 where taxon = 139;

-- disable old taxons
update Taxon set used = 0 where id in (128,129,130,131,132,133,134,135,136, 137, 138, 139);
update Domain set used = 0 where id in (128,129,130,131,132,133,134,135,136, 137, 138, 139);