USE dop;
update Taxon set used = 0 where id in (150, 152, 153, 158, 159, 160, 161, 162, 163, 164, 165, 166, 167, 55999, 55212, 50414, 50413, 50421, 50561, 50714, 57163, 57162, 50715, 57161, 50724, 50711, 50721, 50723, 50999, 55998, 50912, 55001, 50912, 55001, 55033, 51015, 51031, 51041, 51043, 51042, 51021, 50811);
update Domain set used = 0 where id in (150, 152, 153, 158, 159, 160, 161, 162, 163, 164, 165, 166, 167);
update Topic set used = 0 where id in (50811, 55999, 55212, 50414, 50413, 50421, 50561, 50714, 57163, 57162, 50715, 57161, 50724, 50711, 50721, 50723, 50999, 55998, 50912, 55001, 50912, 55001, 55033, 51015, 51031, 51041, 51043, 51042, 51021);

insert into Taxon(used, id, name, level, nameLowercase) values (0, 172, 'Keel', 'DOMAIN', 'keel');
insert into Domain(used, id, educationalContext) values (0, 172, 4);
insert into Taxon(used, id, name, level, nameLowercase) values (0, 173, 'Bioloogia_ja_sellega_seotud_teadused', 'DOMAIN', 'bioloogia_ja_sellega_seotud_teadused');
insert into Domain(used, id, educationalContext) values (0, 173, 4);
insert into Taxon(used, id, name, level, nameLowercase) values (1, 174, 'Keskkond', 'DOMAIN', 'keskkond');
insert into Domain(used, id, educationalContext) values (1, 174, 4);
insert into Taxon(used, id, name, level, nameLowercase) values (1, 175, 'Informatsiooni-_ja_kommunikatsioonitehnoloogiad', 'DOMAIN', 'informatsiooni-_ja_kommunikatsioonitehnoloogiad');
insert into Domain(used, id, educationalContext) values (1, 175, 4);
insert into Taxon(used, id, name, level, nameLowercase) values (1, 176, 'Metsandus', 'DOMAIN', 'metsandus');
insert into Domain(used, id, educationalContext) values (1, 176, 4);
insert into Taxon(used, id, name, level, nameLowercase) values (1, 177, 'Kalandus', 'DOMAIN', 'kalandus');
insert into Domain(used, id, educationalContext) values (1, 177, 4);
insert into Taxon(used, id, name, level, nameLowercase) values (1, 178, 'Heaolu', 'DOMAIN', 'heaolu');
insert into Domain(used, id, educationalContext) values (1, 178, 4);
insert into Taxon(used, id, name, level, nameLowercase) values (0, 179, 'Hügieen_ja_töötervishoid', 'DOMAIN', 'hügieen_ja_töötervishoid');
insert into Domain(used, id, educationalContext) values (0, 179, 4);
insert into Taxon(used, id, name, level, nameLowercase) values (1, 180, 'Turvateenused', 'DOMAIN', 'turvateenused');
insert into Domain(used, id, educationalContext) values (1, 180, 4);
insert into Taxon(used, id, name, level, nameLowercase) values (0, 181, 'Haridus', 'DOMAIN', 'haridus');
insert into Domain(used, id, educationalContext) values (0, 181, 4);

update Topic set domain = 176 where id = 50821;
update Topic set domain = 177 where id = 50831;
update Topic set domain = 180 where id = 51032;

INSERT INTO Taxon(used, id, name, level, nameLowercase) values (1, 59001, 'Käsitöö', 'TOPIC', 'Käsitöö');
INSERT INTO Topic(used, id, domain) VALUES (1, 59001, 168);
INSERT INTO Taxon(used, id, name, level, nameLowercase) values (1, 59002, 'Majandusarvestus_ja_maksundus', 'TOPIC', 'majandusarvestus_ja_maksundus');
INSERT INTO Topic(used, id, domain) VALUES (1, 59002, 151);
INSERT INTO Taxon(used, id, name, level, nameLowercase) values (1, 59003, 'Rahandus,_pangandus_ja_kindlustus', 'TOPIC', 'rahandus,_pangandus_ja_kindlustus');
INSERT INTO Topic(used, id, domain) VALUES (1, 59003, 151);
INSERT INTO Taxon(used, id, name, level, nameLowercase) values (1, 59004, 'Juhtimine_ja_haldus', 'TOPIC', 'juhtimine_ja_haldus');
INSERT INTO Topic(used, id, domain) VALUES (1, 59004, 151);
INSERT INTO Taxon(used, id, name, level, nameLowercase) values (1, 59005, 'Turundus_ja_reklaam', 'TOPIC', 'turundus_ja_reklaam');
INSERT INTO Topic(used, id, domain) VALUES (1, 59005, 151);
INSERT INTO Taxon(used, id, name, level, nameLowercase) values (1, 59006, 'Sekretäri-_ja_kontoritöö', 'TOPIC', 'sekretäri-_ja_kontoritöö');
INSERT INTO Topic(used, id, domain) VALUES (1, 59006, 151);
INSERT INTO Taxon(used, id, name, level, nameLowercase) values (1, 59007, 'Hulgi-_ja_jaekaubandus', 'TOPIC', 'hulgi-_ja_jaekaubandus');
INSERT INTO Topic(used, id, domain) VALUES (1, 59007, 151);
INSERT INTO Taxon(used, id, name, level, nameLowercase) values (1, 59008, 'Tööoskused', 'TOPIC', 'tööoskused');
INSERT INTO Topic(used, id, domain) VALUES (1, 59008, 151);
INSERT INTO Taxon(used, id, name, level, nameLowercase) values (1, 59009, 'Looduskeskkond_ja_elusloodus', 'TOPIC', 'looduskeskkond_ja_elusloodus');
INSERT INTO Topic(used, id, domain) VALUES (1, 59009, 174);
INSERT INTO Taxon(used, id, name, level, nameLowercase) values (1, 59010, 'Arvutikasutus', 'TOPIC', 'arvutikasutus');
INSERT INTO Topic(used, id, domain) VALUES (1, 59010, 175);
INSERT INTO Taxon(used, id, name, level, nameLowercase) values (1, 59011, 'Andmebaaside_ja_võrgu_disain_ning_haldus', 'TOPIC', 'andmebaaside_ja_võrgu_disain_ning_haldus');
INSERT INTO Topic(used, id, domain) VALUES (1, 59011, 175);
INSERT INTO Taxon(used, id, name, level, nameLowercase) values (1, 59012, 'Tarkvara_ja_rakenduste_arendus_ning_analüüs', 'TOPIC', 'tarkvara_ja_rakenduste_arendus_ning_analüüs');
INSERT INTO Topic(used, id, domain) VALUES (1, 59012, 175);
INSERT INTO Taxon(used, id, name, level, nameLowercase) values (1, 59013, 'Keemiatehnoloogia_ja-_protsessid', 'TOPIC', 'keemiatehnoloogia_ja-_protsessid');
INSERT INTO Topic(used, id, domain) VALUES (1, 59013, 154);
INSERT INTO Taxon(used, id, name, level, nameLowercase) values (1, 59014, 'Elektrienergia_ja_energeetika', 'TOPIC', 'elektrienergia_ja_energeetika');
INSERT INTO Topic(used, id, domain) VALUES (1, 59014, 154);
INSERT INTO Taxon(used, id, name, level, nameLowercase) values (1, 59015, 'Elektroonika_ja_automaatika', 'TOPIC', 'elektroonika_ja_automaatika');
INSERT INTO Topic(used, id, domain) VALUES (1, 59015, 154);
INSERT INTO Taxon(used, id, name, level, nameLowercase) values (1, 59016, 'Mehaanika_ja_metallitöötlus', 'TOPIC', 'mehaanika_ja_metallitöötlus');
INSERT INTO Topic(used, id, domain) VALUES (1, 59016, 154);
INSERT INTO Taxon(used, id, name, level, nameLowercase) values (1, 59017, 'Mootorliikurid,_laevandus-_ja_lennundustehnika', 'TOPIC', 'mootorliikurid,_laevandus-_ja_lennundustehnika');
INSERT INTO Topic(used, id, domain) VALUES (1, 59017, 154);
INSERT INTO Taxon(used, id, name, level, nameLowercase) values (1, 59018, 'Toiduainete_töötlemine', 'TOPIC', 'toiduainete_töötlemine');
INSERT INTO Topic(used, id, domain) VALUES (1, 59018, 155);
INSERT INTO Taxon(used, id, name, level, nameLowercase) values (1, 59019, 'Materjalide_töötlemine_(klaas,_paber,_plast,_puit)', 'TOPIC', 'materjalide_töötlemine_(klaas,_paber,_plast,_puit)');
INSERT INTO Topic(used, id, domain) VALUES (1, 59019, 155);
INSERT INTO Taxon(used, id, name, level, nameLowercase) values (1, 59020, 'Tekstiili,_rõivaste,_jalatsite_valmistamine_ning_naha_töötlemine', 'TOPIC', 'tekstiili,_rõivaste,_jalatsite_valmistamine_ning_naha_töötlemine');
INSERT INTO Topic(used, id, domain) VALUES (1, 59020, 155);
INSERT INTO Taxon(used, id, name, level, nameLowercase) values (1, 59021, 'Kaevandamine_ja_rikastamine', 'TOPIC', 'kaevandamine_ja_rikastamine');
INSERT INTO Topic(used, id, domain) VALUES (1, 59021, 155);
INSERT INTO Taxon(used, id, name, level, nameLowercase) values (1, 59022, 'Arhitektuur_ja_linnaplaneerimine', 'TOPIC', 'arhitektuur_ja_linnaplaneerimine');
INSERT INTO Topic(used, id, domain) VALUES (1, 59022, 169);
INSERT INTO Taxon(used, id, name, level, nameLowercase) values (1, 59023, 'Ehitus_ja_tsiviilrajatised', 'TOPIC', 'ehitus_ja_tsiviilrajatised');
INSERT INTO Topic(used, id, domain) VALUES (1, 59023, 169);
INSERT INTO Taxon(used, id, name, level, nameLowercase) values (1, 59024, 'Põllundus_ja_loomakasvatus', 'TOPIC', 'põllundus_ja_loomakasvatus');
INSERT INTO Topic(used, id, domain) VALUES (1, 59024, 156);
INSERT INTO Taxon(used, id, name, level, nameLowercase) values (1, 59025, 'Hambaravi', 'TOPIC', 'hambaravi');
INSERT INTO Topic(used, id, domain) VALUES (1, 59025, 158);
INSERT INTO Taxon(used, id, name, level, nameLowercase) values (1, 59026, 'Meditsiinidiagnostika-_ja_ravitehnoloogia', 'TOPIC', 'meditsiinidiagnostika-_ja_ravitehnoloogia');
INSERT INTO Topic(used, id, domain) VALUES (1, 59026, 158);
INSERT INTO Taxon(used, id, name, level, nameLowercase) values (1, 59027, 'Teraapia_ja_taastusravi', 'TOPIC', 'teraapia_ja_taastusravi');
INSERT INTO Topic(used, id, domain) VALUES (1, 59027, 158);
INSERT INTO Taxon(used, id, name, level, nameLowercase) values (1, 59028, 'Eakate_ja_puudega_täiskasvanute_hooldamine', 'TOPIC', 'eakate_ja_puudega_täiskasvanute_hooldamine');
INSERT INTO Topic(used, id, domain) VALUES (1, 59028, 178);
INSERT INTO Taxon(used, id, name, level, nameLowercase) values (1, 59029, 'Lastehoid_ja_teenused_noortele', 'TOPIC', 'lastehoid_ja_teenused_noortele');
INSERT INTO Topic(used, id, domain) VALUES (1, 59029, 178);
INSERT INTO Taxon(used, id, name, level, nameLowercase) values (1, 59030, 'Sotsiaaltöö_ja_nõustamine', 'TOPIC', 'sotsiaaltöö_ja_nõustamine');
INSERT INTO Topic(used, id, domain) VALUES (1, 59030, 178);
INSERT INTO Taxon(used, id, name, level, nameLowercase) values (1, 59031, 'Koduteenindus', 'TOPIC', 'koduteenindus');
INSERT INTO Topic(used, id, domain) VALUES (1, 59031, 170);
INSERT INTO Taxon(used, id, name, level, nameLowercase) values (1, 59032, 'Juuksuritöö_ja_iluteenindus', 'TOPIC', 'juuksuritöö_ja_iluteenindus');
INSERT INTO Topic(used, id, domain) VALUES (1, 59032, 170);
INSERT INTO Taxon(used, id, name, level, nameLowercase) values (1, 59033, 'Majutamine_ja_toitlustamine', 'TOPIC', 'majutamine_ja_toitlustamine');
INSERT INTO Topic(used, id, domain) VALUES (1, 59033, 170);
INSERT INTO Taxon(used, id, name, level, nameLowercase) values (1, 59034, 'Reisimine,_turism_ja_vaba_aja_veetmine', 'TOPIC', 'reisimine,_turism_ja_vaba_aja_veetmine');
INSERT INTO Topic(used, id, domain) VALUES (1, 59034, 170);
INSERT INTO Taxon(used, id, name, level, nameLowercase) values (1, 59035, 'Sõjandus_ja_riigikaitse', 'TOPIC', 'sõjandus_ja_riigikaitse');
INSERT INTO Topic(used, id, domain) VALUES (1, 59035, 180);
INSERT INTO Taxon(used, id, name, level, nameLowercase) values (1, 59036, 'Transporditeenused', 'TOPIC', 'transporditeenused');
INSERT INTO Topic(used, id, domain) VALUES (1, 59036, 171);
INSERT INTO Taxon(used, id, name, level, nameLowercase) values (1, 59037, 'Haridus', 'TOPIC', 'haridus');
INSERT INTO Topic(used, id, domain) VALUES (1, 59037, 181);
INSERT INTO Taxon(used, id, name, level, nameLowercase) values (1, 59038, 'Audiovisuaalsed_tehnikad_ja_meedia_tootmine', 'TOPIC', 'audiovisuaalsed_tehnikad_ja_meedia_tootmine');
INSERT INTO Topic(used, id, domain) VALUES (1, 59038, 168);

INSERT INTO EstCoreTaxonMapping (id, taxon, name, nameLowercase) VALUES (172, 172, 'Keel', 'keel');
INSERT INTO EstCoreTaxonMapping (id, taxon, name, nameLowercase) VALUES (173, 173, 'Bioloogia_ja_sellega_seotud_teadused', 'bioloogia_ja_sellega_seotud_teadused');
INSERT INTO EstCoreTaxonMapping (id, taxon, name, nameLowercase) VALUES (174, 174, 'Keskkond', 'keskkond');
INSERT INTO EstCoreTaxonMapping (id, taxon, name, nameLowercase) VALUES (175, 175, 'Informatsiooni-_ja_kommunikatsioonitehnoloogiad', 'informatsiooni-_ja_kommunikatsioonitehnoloogiad');
INSERT INTO EstCoreTaxonMapping (id, taxon, name, nameLowercase) VALUES (176, 176, 'Metsandus', 'metsandus');
INSERT INTO EstCoreTaxonMapping (id, taxon, name, nameLowercase) VALUES (177, 177, 'Kalandus', 'kalandus');
INSERT INTO EstCoreTaxonMapping (id, taxon, name, nameLowercase) VALUES (178, 178, 'Heaolu', 'Heaolu');
INSERT INTO EstCoreTaxonMapping (id, taxon, name, nameLowercase) VALUES (179, 179, 'Hügieen_ja_töötervishoid', 'hügieen_ja_töötervishoid');
INSERT INTO EstCoreTaxonMapping (id, taxon, name, nameLowercase) VALUES (180, 180, 'Turvateenused', 'turvateenused');
INSERT INTO EstCoreTaxonMapping (id, taxon, name, nameLowercase) VALUES (181, 181, 'Haridus', 'haridus');
INSERT INTO EstCoreTaxonMapping (id, taxon, name, nameLowercase) VALUES (59001, 59001, 'Käsitöö', 'käsitöö');
INSERT INTO EstCoreTaxonMapping (id, taxon, name, nameLowercase) VALUES (59002, 59002, 'Majandusarvestus_ja_maksundus', 'majandusarvestus_ja_maksundus');
INSERT INTO EstCoreTaxonMapping (id, taxon, name, nameLowercase) VALUES (59003, 59003, 'Rahandus,_pangandus_ja_kindlustus', 'rahandus,_pangandus_ja_kindlustus');
INSERT INTO EstCoreTaxonMapping (id, taxon, name, nameLowercase) VALUES (59004, 59004, 'Juhtimine_ja_haldus', 'juhtimine_ja_haldus');
INSERT INTO EstCoreTaxonMapping (id, taxon, name, nameLowercase) VALUES (59005, 59005, 'Turundus_ja_reklaam', 'turundus_ja_reklaam');
INSERT INTO EstCoreTaxonMapping (id, taxon, name, nameLowercase) VALUES (59006, 59006, 'Sekretäri-_ja_kontoritöö', 'sekretäri-_ja_kontoritöö');
INSERT INTO EstCoreTaxonMapping (id, taxon, name, nameLowercase) VALUES (59007, 59007, 'Hulgi-_ja_jaekaubandus', 'hulgi-_ja_jaekaubandus');
INSERT INTO EstCoreTaxonMapping (id, taxon, name, nameLowercase) VALUES (59008, 59008, 'Tööoskused', 'tööoskused');
INSERT INTO EstCoreTaxonMapping (id, taxon, name, nameLowercase) VALUES (59009, 59009, 'Looduskeskkond_ja_elusloodus', 'looduskeskkond_ja_elusloodus');
INSERT INTO EstCoreTaxonMapping (id, taxon, name, nameLowercase) VALUES (59010, 59010, 'Arvutikasutus', 'arvutikasutus');
INSERT INTO EstCoreTaxonMapping (id, taxon, name, nameLowercase) VALUES (59011, 59011, 'Andmebaaside_ja_võrgu_disain_ning_haldus', 'andmebaaside_ja_võrgu_disain_ning_haldus');
INSERT INTO EstCoreTaxonMapping (id, taxon, name, nameLowercase) VALUES (59012, 59012, 'Tarkvara_ja_rakenduste_arendus_ning_analüüs', 'tarkvara_ja_rakenduste_arendus_ning_analüüs');
INSERT INTO EstCoreTaxonMapping (id, taxon, name, nameLowercase) VALUES (59013, 59013, 'Keemiatehnoloogia_ja-_protsessid', 'keemiatehnoloogia_ja-_protsessid');
INSERT INTO EstCoreTaxonMapping (id, taxon, name, nameLowercase) VALUES (59014, 59014, 'Elektrienergia_ja_energeetika', 'elektrienergia_ja_energeetika');
INSERT INTO EstCoreTaxonMapping (id, taxon, name, nameLowercase) VALUES (59015, 59015, 'Elektroonika_ja_automaatika', 'elektroonika_ja_automaatika');
INSERT INTO EstCoreTaxonMapping (id, taxon, name, nameLowercase) VALUES (59016, 59016, 'Mehaanika_ja_metallitöötlus', 'mehaanika_ja_metallitöötlus');
INSERT INTO EstCoreTaxonMapping (id, taxon, name, nameLowercase) VALUES (59017, 59017, 'Mootorliikurid,_laevandus-_ja_lennundustehnika', 'mootorliikurid,_laevandus-_ja_lennundustehnika');
INSERT INTO EstCoreTaxonMapping (id, taxon, name, nameLowercase) VALUES (59018, 59018, 'Toiduainete_töötlemine', 'toiduainete_töötlemine');
INSERT INTO EstCoreTaxonMapping (id, taxon, name, nameLowercase) VALUES (59019, 59019, 'Materjalide_töötlemine_(klaas,_paber,_plast,_puit)', 'materjalide_töötlemine_(klaas,_paber,_plast,_puit)');
INSERT INTO EstCoreTaxonMapping (id, taxon, name, nameLowercase) VALUES (59020, 59020, 'Tekstiili,_rõivaste,_jalatsite_valmistamine_ning_naha_töötlemine', 'tekstiili,_rõivaste,_jalatsite_valmistamine_ning_naha_töötlemine');
INSERT INTO EstCoreTaxonMapping (id, taxon, name, nameLowercase) VALUES (59021, 59021, 'Kaevandamine_ja_rikastamine', 'kaevandamine_ja_rikastamine');
INSERT INTO EstCoreTaxonMapping (id, taxon, name, nameLowercase) VALUES (59022, 59022, 'Arhitektuur_ja_linnaplaneerimine', 'arhitektuur_ja_linnaplaneerimine');
INSERT INTO EstCoreTaxonMapping (id, taxon, name, nameLowercase) VALUES (59023, 59023, 'Ehitus_ja_tsiviilrajatised', 'ehitus_ja_tsiviilrajatised');
INSERT INTO EstCoreTaxonMapping (id, taxon, name, nameLowercase) VALUES (59024, 59024, 'Põllundus_ja_loomakasvatus', 'põllundus_ja_loomakasvatus');
INSERT INTO EstCoreTaxonMapping (id, taxon, name, nameLowercase) VALUES (59025, 59025, 'Hambaravi', 'hambaravi');
INSERT INTO EstCoreTaxonMapping (id, taxon, name, nameLowercase) VALUES (59026, 59026, 'Meditsiinidiagnostika-_ja_ravitehnoloogia', 'meditsiinidiagnostika-_ja_ravitehnoloogia');
INSERT INTO EstCoreTaxonMapping (id, taxon, name, nameLowercase) VALUES (59027, 59027, 'Teraapia_ja_taastusravi', 'teraapia_ja_taastusravi');
INSERT INTO EstCoreTaxonMapping (id, taxon, name, nameLowercase) VALUES (59028, 59028, 'Eakate_ja_puudega_täiskasvanute_hooldamine', 'eakate_ja_puudega_täiskasvanute_hooldamine');
INSERT INTO EstCoreTaxonMapping (id, taxon, name, nameLowercase) VALUES (59029, 59029, 'Lastehoid_ja_teenused_noortele', 'lastehoid_ja_teenused_noortele');
INSERT INTO EstCoreTaxonMapping (id, taxon, name, nameLowercase) VALUES (59030, 59030, 'Sotsiaaltöö_ja_nõustamine', 'sotsiaaltöö_ja_nõustamine');
INSERT INTO EstCoreTaxonMapping (id, taxon, name, nameLowercase) VALUES (59031, 59031, 'Koduteenindus', 'koduteenindus');
INSERT INTO EstCoreTaxonMapping (id, taxon, name, nameLowercase) VALUES (59032, 59032, 'Juuksuritöö_ja_iluteenindus', 'juuksuritöö_ja_iluteenindus');
INSERT INTO EstCoreTaxonMapping (id, taxon, name, nameLowercase) VALUES (59033, 59033, 'Majutamine_ja_toitlustamine', 'majutamine_ja_toitlustamine');
INSERT INTO EstCoreTaxonMapping (id, taxon, name, nameLowercase) VALUES (59034, 59034, 'Reisimine,_turism_ja_vaba_aja_veetmine', 'reisimine,_turism_ja_vaba_aja_veetmine');
INSERT INTO EstCoreTaxonMapping (id, taxon, name, nameLowercase) VALUES (59035, 59035, 'Sõjandus_ja_riigikaitse', 'sõjandus_ja_riigikaitse');
INSERT INTO EstCoreTaxonMapping (id, taxon, name, nameLowercase) VALUES (59036, 59036, 'Transporditeenused', 'transporditeenused');
INSERT INTO EstCoreTaxonMapping (id, taxon, name, nameLowercase) VALUES (59037, 59037, 'Haridus', 'haridus');
INSERT INTO EstCoreTaxonMapping (id, taxon, name, nameLowercase) VALUES (59038, 59038, 'Audiovisuaalsed_tehnikad_ja_meedia_tootmine', 'audiovisuaalsed_tehnikad_ja_meedia_tootmine');

INSERT IGNORE INTO Translation (translationGroup, translationKey, translation) VALUES (1, 'DOMAIN_KEEL', 'Keel');
INSERT IGNORE INTO Translation (translationGroup, translationKey, translation) VALUES (3, 'DOMAIN_KEEL', 'Language');
INSERT IGNORE INTO Translation (translationGroup, translationKey, translation) VALUES (2, 'DOMAIN_KEEL', 'Keel');
INSERT IGNORE INTO Translation (translationGroup, translationKey, translation) VALUES (1, 'DOMAIN_BIOLOOGIA_JA_SELLEGA_SEOTUD_TEADUSED', 'Bioloogia ja sellega seotud teadused');
INSERT IGNORE INTO Translation (translationGroup, translationKey, translation) VALUES (3, 'DOMAIN_BIOLOOGIA_JA_SELLEGA_SEOTUD_TEADUSED', 'Biology and related sciences');
INSERT IGNORE INTO Translation (translationGroup, translationKey, translation) VALUES (2, 'DOMAIN_BIOLOOGIA_JA_SELLEGA_SEOTUD_TEADUSED', 'Bioloogia ja sellega seotud teadused');
INSERT IGNORE INTO Translation (translationGroup, translationKey, translation) VALUES (1, 'DOMAIN_KESKKOND', 'Keskkond');
INSERT IGNORE INTO Translation (translationGroup, translationKey, translation) VALUES (3, 'DOMAIN_KESKKOND', 'Environment');
INSERT IGNORE INTO Translation (translationGroup, translationKey, translation) VALUES (2, 'DOMAIN_KESKKOND', 'Keskkond');
INSERT IGNORE INTO Translation (translationGroup, translationKey, translation) VALUES (1, 'DOMAIN_INFORMATSIOONI-_JA_KOMMUNIKATSIOONITEHNOLOOGIAD', 'Informatsiooni- ja kommunikatsioonitehnoloogiad');
INSERT IGNORE INTO Translation (translationGroup, translationKey, translation) VALUES (3, 'DOMAIN_INFORMATSIOONI-_JA_KOMMUNIKATSIOONITEHNOLOOGIAD', 'Information- and communication technologies');
INSERT IGNORE INTO Translation (translationGroup, translationKey, translation) VALUES (2, 'DOMAIN_INFORMATSIOONI-_JA_KOMMUNIKATSIOONITEHNOLOOGIAD', 'Informatsiooni- ja kommunikatsioonitehnoloogiad');
INSERT IGNORE INTO Translation (translationGroup, translationKey, translation) VALUES (1, 'DOMAIN_METSANDUS', 'Metsandus');
INSERT IGNORE INTO Translation (translationGroup, translationKey, translation) VALUES (3, 'DOMAIN_METSANDUS', 'Forestry');
INSERT IGNORE INTO Translation (translationGroup, translationKey, translation) VALUES (2, 'DOMAIN_METSANDUS', 'Metsandus');
INSERT IGNORE INTO Translation (translationGroup, translationKey, translation) VALUES (1, 'DOMAIN_KALANDUS', 'Kalandus');
INSERT IGNORE INTO Translation (translationGroup, translationKey, translation) VALUES (3, 'DOMAIN_KALANDUS', 'Fishing');
INSERT IGNORE INTO Translation (translationGroup, translationKey, translation) VALUES (2, 'DOMAIN_KALANDUS', 'Kalandus');
INSERT IGNORE INTO Translation (translationGroup, translationKey, translation) VALUES (1, 'DOMAIN_HEAOLU', 'Heaolu');
INSERT IGNORE INTO Translation (translationGroup, translationKey, translation) VALUES (3, 'DOMAIN_HEAOLU', 'Well-being');
INSERT IGNORE INTO Translation (translationGroup, translationKey, translation) VALUES (2, 'DOMAIN_HEAOLU', 'Heaolu');
INSERT IGNORE INTO Translation (translationGroup, translationKey, translation) VALUES (1, 'DOMAIN_HÜGIEEN_JA_TÖÖTERVISHOID', 'Hügieen ja töötervishoid');
INSERT IGNORE INTO Translation (translationGroup, translationKey, translation) VALUES (3, 'DOMAIN_HÜGIEEN_JA_TÖÖTERVISHOID', 'Hygiene and occupational health');
INSERT IGNORE INTO Translation (translationGroup, translationKey, translation) VALUES (2, 'DOMAIN_HÜGIEEN_JA_TÖÖTERVISHOID', 'Hügieen ja töötervishoid');
INSERT IGNORE INTO Translation (translationGroup, translationKey, translation) VALUES (1, 'DOMAIN_TURVATEENUSED', 'Turvateenused');
INSERT IGNORE INTO Translation (translationGroup, translationKey, translation) VALUES (3, 'DOMAIN_TURVATEENUSED', 'Security services');
INSERT IGNORE INTO Translation (translationGroup, translationKey, translation) VALUES (2, 'DOMAIN_TURVATEENUSED', 'Turvateenused');
INSERT IGNORE INTO Translation (translationGroup, translationKey, translation) VALUES (1, 'DOMAIN_HARIDUS', 'Haridus');
INSERT IGNORE INTO Translation (translationGroup, translationKey, translation) VALUES (3, 'DOMAIN_HARIDUS', 'Education');
INSERT IGNORE INTO Translation (translationGroup, translationKey, translation) VALUES (2, 'DOMAIN_HARIDUS', 'Haridus');
INSERT IGNORE INTO Translation (translationGroup, translationKey, translation) VALUES (1, 'TOPIC_KÄSITÖÖ', 'Käsitöö');
INSERT IGNORE INTO Translation (translationGroup, translationKey, translation) VALUES (3, 'TOPIC_KÄSITÖÖ', 'Handicraft');
INSERT IGNORE INTO Translation (translationGroup, translationKey, translation) VALUES (2, 'TOPIC_KÄSITÖÖ', 'Käsitöö');
INSERT IGNORE INTO Translation (translationGroup, translationKey, translation) VALUES (1, 'TOPIC_MAJANDUSARVESTUS_JA_MAKSUNDUS', 'Majandusarvestus ja maksundus');
INSERT IGNORE INTO Translation (translationGroup, translationKey, translation) VALUES (3, 'TOPIC_MAJANDUSARVESTUS_JA_MAKSUNDUS', 'Accounting and taxation');
INSERT IGNORE INTO Translation (translationGroup, translationKey, translation) VALUES (2, 'TOPIC_MAJANDUSARVESTUS_JA_MAKSUNDUS', 'Majandusarvestus ja maksundus');
INSERT IGNORE INTO Translation (translationGroup, translationKey, translation) VALUES (1, 'TOPIC_RAHANDUS,_PANGANDUS_JA_KINDLUSTUS', 'Rahandus, pangandus ja kindlustus');
INSERT IGNORE INTO Translation (translationGroup, translationKey, translation) VALUES (3, 'TOPIC_RAHANDUS,_PANGANDUS_JA_KINDLUSTUS', 'Finance, banking and insurance');
INSERT IGNORE INTO Translation (translationGroup, translationKey, translation) VALUES (2, 'TOPIC_RAHANDUS,_PANGANDUS_JA_KINDLUSTUS', 'Rahandus, pangandus ja kindlustus');
INSERT IGNORE INTO Translation (translationGroup, translationKey, translation) VALUES (1, 'TOPIC_JUHTIMINE_JA_HALDUS', 'Juhtimine ja haldus');
INSERT IGNORE INTO Translation (translationGroup, translationKey, translation) VALUES (3, 'TOPIC_JUHTIMINE_JA_HALDUS', 'Management and administration');
INSERT IGNORE INTO Translation (translationGroup, translationKey, translation) VALUES (2, 'TOPIC_JUHTIMINE_JA_HALDUS', 'Juhtimine ja haldus');
INSERT IGNORE INTO Translation (translationGroup, translationKey, translation) VALUES (1, 'TOPIC_TURUNDUS_JA_REKLAAM', 'Turundus ja reklaam');
INSERT IGNORE INTO Translation (translationGroup, translationKey, translation) VALUES (3, 'TOPIC_TURUNDUS_JA_REKLAAM', 'Marketing and advertising');
INSERT IGNORE INTO Translation (translationGroup, translationKey, translation) VALUES (2, 'TOPIC_TURUNDUS_JA_REKLAAM', 'Turundus ja reklaam');
INSERT IGNORE INTO Translation (translationGroup, translationKey, translation) VALUES (1, 'TOPIC_SEKRETÄRI-_JA_KONTORITÖÖ', 'Sekretäri- ja kontoritöö');
INSERT IGNORE INTO Translation (translationGroup, translationKey, translation) VALUES (3, 'TOPIC_SEKRETÄRI-_JA_KONTORITÖÖ', 'Secretary- and office work');
INSERT IGNORE INTO Translation (translationGroup, translationKey, translation) VALUES (2, 'TOPIC_SEKRETÄRI-_JA_KONTORITÖÖ', 'Sekretäri- ja kontoritöö');
INSERT IGNORE INTO Translation (translationGroup, translationKey, translation) VALUES (1, 'TOPIC_HULGI-_JA_JAEKAUBANDUS', 'Hulgi- ja jaekaubandus');
INSERT IGNORE INTO Translation (translationGroup, translationKey, translation) VALUES (3, 'TOPIC_HULGI-_JA_JAEKAUBANDUS', 'Wholesale and retail');
INSERT IGNORE INTO Translation (translationGroup, translationKey, translation) VALUES (2, 'TOPIC_HULGI-_JA_JAEKAUBANDUS', 'Hulgi- ja jaekaubandus');
INSERT IGNORE INTO Translation (translationGroup, translationKey, translation) VALUES (1, 'TOPIC_TÖÖOSKUSED', 'Tööoskused');
INSERT IGNORE INTO Translation (translationGroup, translationKey, translation) VALUES (3, 'TOPIC_TÖÖOSKUSED', 'Work skills');
INSERT IGNORE INTO Translation (translationGroup, translationKey, translation) VALUES (2, 'TOPIC_TÖÖOSKUSED', 'Tööoskused');
INSERT IGNORE INTO Translation (translationGroup, translationKey, translation) VALUES (1, 'TOPIC_LOODUSKESKKOND_JA_ELUSLOODUS', 'Looduskeskkond ja elusloodus');
INSERT IGNORE INTO Translation (translationGroup, translationKey, translation) VALUES (3, 'TOPIC_LOODUSKESKKOND_JA_ELUSLOODUS', 'Natural environment and wildlife');
INSERT IGNORE INTO Translation (translationGroup, translationKey, translation) VALUES (2, 'TOPIC_LOODUSKESKKOND_JA_ELUSLOODUS', 'Looduskeskkond ja elusloodus');
INSERT IGNORE INTO Translation (translationGroup, translationKey, translation) VALUES (1, 'TOPIC_ARVUTIKASUTUS', 'Arvutikasutus');
INSERT IGNORE INTO Translation (translationGroup, translationKey, translation) VALUES (3, 'TOPIC_ARVUTIKASUTUS', 'Computer use');
INSERT IGNORE INTO Translation (translationGroup, translationKey, translation) VALUES (2, 'TOPIC_ARVUTIKASUTUS', 'Arvutikasutus');
INSERT IGNORE INTO Translation (translationGroup, translationKey, translation) VALUES (1, 'TOPIC_ANDMEBAASIDE_JA_VÕRGU_DISAIN_NING_HALDUS', 'Andmebaaside ja võrgu disain ning haldus');
INSERT IGNORE INTO Translation (translationGroup, translationKey, translation) VALUES (3, 'TOPIC_ANDMEBAASIDE_JA_VÕRGU_DISAIN_NING_HALDUS', 'Database and network design and management');
INSERT IGNORE INTO Translation (translationGroup, translationKey, translation) VALUES (2, 'TOPIC_ANDMEBAASIDE_JA_VÕRGU_DISAIN_NING_HALDUS', 'Andmebaaside ja võrgu disain ning haldus');
INSERT IGNORE INTO Translation (translationGroup, translationKey, translation) VALUES (1, 'TOPIC_TARKVARA_JA_RAKENDUSTE_ARENDUS_NING_ANALÜÜS', 'Tarkvara ja rakenduste arendus ning analüüs');
INSERT IGNORE INTO Translation (translationGroup, translationKey, translation) VALUES (3, 'TOPIC_TARKVARA_JA_RAKENDUSTE_ARENDUS_NING_ANALÜÜS', 'Software and app development and analysis');
INSERT IGNORE INTO Translation (translationGroup, translationKey, translation) VALUES (2, 'TOPIC_TARKVARA_JA_RAKENDUSTE_ARENDUS_NING_ANALÜÜS', 'Tarkvara ja rakenduste arendus ning analüüs');
INSERT IGNORE INTO Translation (translationGroup, translationKey, translation) VALUES (1, 'TOPIC_KEEMIATEHNOLOOGIA_JA-_PROTSESSID', 'Keemiatehnoloogia ja- protsessid');
INSERT IGNORE INTO Translation (translationGroup, translationKey, translation) VALUES (3, 'TOPIC_KEEMIATEHNOLOOGIA_JA-_PROTSESSID', 'Chemical technology and processes');
INSERT IGNORE INTO Translation (translationGroup, translationKey, translation) VALUES (2, 'TOPIC_KEEMIATEHNOLOOGIA_JA-_PROTSESSID', 'Keemiatehnoloogia ja- protsessid');
INSERT IGNORE INTO Translation (translationGroup, translationKey, translation) VALUES (1, 'TOPIC_ELEKTRIENERGIA_JA_ENERGEETIKA', 'Elektrienergia ja energeetika');
INSERT IGNORE INTO Translation (translationGroup, translationKey, translation) VALUES (3, 'TOPIC_ELEKTRIENERGIA_JA_ENERGEETIKA', 'Electricity and energy');
INSERT IGNORE INTO Translation (translationGroup, translationKey, translation) VALUES (2, 'TOPIC_ELEKTRIENERGIA_JA_ENERGEETIKA', 'Elektrienergia ja energeetika');
INSERT IGNORE INTO Translation (translationGroup, translationKey, translation) VALUES (1, 'TOPIC_ELEKTROONIKA_JA_AUTOMAATIKA', 'Elektroonika ja automaatika');
INSERT IGNORE INTO Translation (translationGroup, translationKey, translation) VALUES (3, 'TOPIC_ELEKTROONIKA_JA_AUTOMAATIKA', 'Electronics and automation');
INSERT IGNORE INTO Translation (translationGroup, translationKey, translation) VALUES (2, 'TOPIC_ELEKTROONIKA_JA_AUTOMAATIKA', 'Elektroonika ja automaatika');
INSERT IGNORE INTO Translation (translationGroup, translationKey, translation) VALUES (1, 'TOPIC_MEHAANIKA_JA_METALLITÖÖTLUS', 'Mehaanika ja metallitöötlus');
INSERT IGNORE INTO Translation (translationGroup, translationKey, translation) VALUES (3, 'TOPIC_MEHAANIKA_JA_METALLITÖÖTLUS', 'Mechanics and metal processing');
INSERT IGNORE INTO Translation (translationGroup, translationKey, translation) VALUES (2, 'TOPIC_MEHAANIKA_JA_METALLITÖÖTLUS', 'Mehaanika ja metallitöötlus');
INSERT IGNORE INTO Translation (translationGroup, translationKey, translation) VALUES (1, 'TOPIC_MOOTORLIIKURID,_LAEVANDUS-_JA_LENNUNDUSTEHNIKA', 'Mootorliikurid, laevandus- ja lennundustehnika');
INSERT IGNORE INTO Translation (translationGroup, translationKey, translation) VALUES (3, 'TOPIC_MOOTORLIIKURID,_LAEVANDUS-_JA_LENNUNDUSTEHNIKA', 'Motor locomotives, shipping and aviation equipment');
INSERT IGNORE INTO Translation (translationGroup, translationKey, translation) VALUES (2, 'TOPIC_MOOTORLIIKURID,_LAEVANDUS-_JA_LENNUNDUSTEHNIKA', 'Mootorliikurid, laevandus- ja lennundustehnika');
INSERT IGNORE INTO Translation (translationGroup, translationKey, translation) VALUES (1, 'TOPIC_TOIDUAINETE_TÖÖTLEMINE', 'Toiduainete töötlemine');
INSERT IGNORE INTO Translation (translationGroup, translationKey, translation) VALUES (3, 'TOPIC_TOIDUAINETE_TÖÖTLEMINE', 'Food processing');
INSERT IGNORE INTO Translation (translationGroup, translationKey, translation) VALUES (2, 'TOPIC_TOIDUAINETE_TÖÖTLEMINE', 'Toiduainete töötlemine');
INSERT IGNORE INTO Translation (translationGroup, translationKey, translation) VALUES (1, 'TOPIC_MATERJALIDE_TÖÖTLEMINE_(KLAAS,_PABER,_PLAST,_PUIT)', 'Materjalide töötlemine (klaas, paber, plast, puit)');
INSERT IGNORE INTO Translation (translationGroup, translationKey, translation) VALUES (3, 'TOPIC_MATERJALIDE_TÖÖTLEMINE_(KLAAS,_PABER,_PLAST,_PUIT)', 'Materials processing (glass, paper, plastic, wood)');
INSERT IGNORE INTO Translation (translationGroup, translationKey, translation) VALUES (2, 'TOPIC_MATERJALIDE_TÖÖTLEMINE_(KLAAS,_PABER,_PLAST,_PUIT)', 'Materjalide töötlemine (klaas, paber, plast, puit)');
INSERT IGNORE INTO Translation (translationGroup, translationKey, translation) VALUES (1, 'TOPIC_TEKSTIILI,_RÕIVASTE,_JALATSITE_VALMISTAMINE_NING_NAHA_TÖÖTLEMINE', 'Tekstiili, rõivaste, jalatsite valmistamine ning naha töötlemine');
INSERT IGNORE INTO Translation (translationGroup, translationKey, translation) VALUES (3, 'TOPIC_TEKSTIILI,_RÕIVASTE,_JALATSITE_VALMISTAMINE_NING_NAHA_TÖÖTLEMINE', 'Textile, clothing, footwear and leather processing');
INSERT IGNORE INTO Translation (translationGroup, translationKey, translation) VALUES (2, 'TOPIC_TEKSTIILI,_RÕIVASTE,_JALATSITE_VALMISTAMINE_NING_NAHA_TÖÖTLEMINE', 'Tekstiili, rõivaste, jalatsite valmistamine ning naha töötlemine');
INSERT IGNORE INTO Translation (translationGroup, translationKey, translation) VALUES (1, 'TOPIC_KAEVANDAMINE_JA_RIKASTAMINE', 'Kaevandamine ja rikastamine');
INSERT IGNORE INTO Translation (translationGroup, translationKey, translation) VALUES (3, 'TOPIC_KAEVANDAMINE_JA_RIKASTAMINE', 'Mining and enrichment');
INSERT IGNORE INTO Translation (translationGroup, translationKey, translation) VALUES (2, 'TOPIC_KAEVANDAMINE_JA_RIKASTAMINE', 'Kaevandamine ja rikastamine');
INSERT IGNORE INTO Translation (translationGroup, translationKey, translation) VALUES (1, 'TOPIC_ARHITEKTUUR_JA_LINNAPLANEERIMINE', 'Arhitektuur ja linnaplaneerimine');
INSERT IGNORE INTO Translation (translationGroup, translationKey, translation) VALUES (3, 'TOPIC_ARHITEKTUUR_JA_LINNAPLANEERIMINE', 'Architecture and city planning');
INSERT IGNORE INTO Translation (translationGroup, translationKey, translation) VALUES (2, 'TOPIC_ARHITEKTUUR_JA_LINNAPLANEERIMINE', 'Arhitektuur ja linnaplaneerimine');
INSERT IGNORE INTO Translation (translationGroup, translationKey, translation) VALUES (1, 'TOPIC_EHITUS_JA_TSIVIILRAJATISED', 'Ehitus ja tsiviilrajatised');
INSERT IGNORE INTO Translation (translationGroup, translationKey, translation) VALUES (3, 'TOPIC_EHITUS_JA_TSIVIILRAJATISED', 'Construction and civil engineering');
INSERT IGNORE INTO Translation (translationGroup, translationKey, translation) VALUES (2, 'TOPIC_EHITUS_JA_TSIVIILRAJATISED', 'Ehitus ja tsiviilrajatised');
INSERT IGNORE INTO Translation (translationGroup, translationKey, translation) VALUES (1, 'TOPIC_PÕLLUNDUS_JA_LOOMAKASVATUS', 'Põllundus ja loomakasvatus');
INSERT IGNORE INTO Translation (translationGroup, translationKey, translation) VALUES (3, 'TOPIC_PÕLLUNDUS_JA_LOOMAKASVATUS', 'Agriculture and livestock farming');
INSERT IGNORE INTO Translation (translationGroup, translationKey, translation) VALUES (2, 'TOPIC_PÕLLUNDUS_JA_LOOMAKASVATUS', 'Põllundus ja loomakasvatus');
INSERT IGNORE INTO Translation (translationGroup, translationKey, translation) VALUES (1, 'TOPIC_HAMBARAVI', 'Hambaravi');
INSERT IGNORE INTO Translation (translationGroup, translationKey, translation) VALUES (3, 'TOPIC_HAMBARAVI', 'Dentistry');
INSERT IGNORE INTO Translation (translationGroup, translationKey, translation) VALUES (2, 'TOPIC_HAMBARAVI', 'Hambaravi');
INSERT IGNORE INTO Translation (translationGroup, translationKey, translation) VALUES (1, 'TOPIC_MEDITSIINIDIAGNOSTIKA-_JA_RAVITEHNOLOOGIA', 'Meditsiinidiagnostika- ja ravitehnoloogia');
INSERT IGNORE INTO Translation (translationGroup, translationKey, translation) VALUES (3, 'TOPIC_MEDITSIINIDIAGNOSTIKA-_JA_RAVITEHNOLOOGIA', 'Medical diagnostics and treatment technology');
INSERT IGNORE INTO Translation (translationGroup, translationKey, translation) VALUES (2, 'TOPIC_MEDITSIINIDIAGNOSTIKA-_JA_RAVITEHNOLOOGIA', 'Meditsiinidiagnostika- ja ravitehnoloogia');
INSERT IGNORE INTO Translation (translationGroup, translationKey, translation) VALUES (1, 'TOPIC_TERAAPIA_JA_TAASTUSRAVI', 'Teraapia ja taastusravi');
INSERT IGNORE INTO Translation (translationGroup, translationKey, translation) VALUES (3, 'TOPIC_TERAAPIA_JA_TAASTUSRAVI', 'Therapy and rehabilitation');
INSERT IGNORE INTO Translation (translationGroup, translationKey, translation) VALUES (2, 'TOPIC_TERAAPIA_JA_TAASTUSRAVI', 'Teraapia ja taastusravi');
INSERT IGNORE INTO Translation (translationGroup, translationKey, translation) VALUES (1, 'TOPIC_EAKATE_JA_PUUDEGA_TÄISKASVANUTE_HOOLDAMINE', 'Eakate ja puudega täiskasvanute hooldamine');
INSERT IGNORE INTO Translation (translationGroup, translationKey, translation) VALUES (3, 'TOPIC_EAKATE_JA_PUUDEGA_TÄISKASVANUTE_HOOLDAMINE', 'Elderly and disabled adults care');
INSERT IGNORE INTO Translation (translationGroup, translationKey, translation) VALUES (2, 'TOPIC_EAKATE_JA_PUUDEGA_TÄISKASVANUTE_HOOLDAMINE', 'Eakate ja puudega täiskasvanute hooldamine');
INSERT IGNORE INTO Translation (translationGroup, translationKey, translation) VALUES (1, 'TOPIC_LASTEHOID_JA_TEENUSED_NOORTELE', 'Lastehoid ja teenused noortele');
INSERT IGNORE INTO Translation (translationGroup, translationKey, translation) VALUES (3, 'TOPIC_LASTEHOID_JA_TEENUSED_NOORTELE', 'Child care and services for young people');
INSERT IGNORE INTO Translation (translationGroup, translationKey, translation) VALUES (2, 'TOPIC_LASTEHOID_JA_TEENUSED_NOORTELE', 'Lastehoid ja teenused noortele');
INSERT IGNORE INTO Translation (translationGroup, translationKey, translation) VALUES (1, 'TOPIC_SOTSIAALTÖÖ_JA_NÕUSTAMINE', 'Sotsiaaltöö ja nõustamine');
INSERT IGNORE INTO Translation (translationGroup, translationKey, translation) VALUES (3, 'TOPIC_SOTSIAALTÖÖ_JA_NÕUSTAMINE', 'Social work and counseling');
INSERT IGNORE INTO Translation (translationGroup, translationKey, translation) VALUES (2, 'TOPIC_SOTSIAALTÖÖ_JA_NÕUSTAMINE', 'Sotsiaaltöö ja nõustamine');
INSERT IGNORE INTO Translation (translationGroup, translationKey, translation) VALUES (1, 'TOPIC_KODUTEENINDUS', 'Koduteenindus');
INSERT IGNORE INTO Translation (translationGroup, translationKey, translation) VALUES (3, 'TOPIC_KODUTEENINDUS', 'Home services');
INSERT IGNORE INTO Translation (translationGroup, translationKey, translation) VALUES (2, 'TOPIC_KODUTEENINDUS', 'Koduteenindus');
INSERT IGNORE INTO Translation (translationGroup, translationKey, translation) VALUES (1, 'TOPIC_JUUKSURITÖÖ_JA_ILUTEENINDUS', 'Juuksuritöö ja iluteenindus');
INSERT IGNORE INTO Translation (translationGroup, translationKey, translation) VALUES (3, 'TOPIC_JUUKSURITÖÖ_JA_ILUTEENINDUS', 'Hairdressing and beauty services');
INSERT IGNORE INTO Translation (translationGroup, translationKey, translation) VALUES (2, 'TOPIC_JUUKSURITÖÖ_JA_ILUTEENINDUS', 'Juuksuritöö ja iluteenindus');
INSERT IGNORE INTO Translation (translationGroup, translationKey, translation) VALUES (1, 'TOPIC_MAJUTAMINE_JA_TOITLUSTAMINE', 'Majutamine ja toitlustamine');
INSERT IGNORE INTO Translation (translationGroup, translationKey, translation) VALUES (3, 'TOPIC_MAJUTAMINE_JA_TOITLUSTAMINE', 'Accommodation and catering');
INSERT IGNORE INTO Translation (translationGroup, translationKey, translation) VALUES (2, 'TOPIC_MAJUTAMINE_JA_TOITLUSTAMINE', 'Majutamine ja toitlustamine');
INSERT IGNORE INTO Translation (translationGroup, translationKey, translation) VALUES (1, 'TOPIC_REISIMINE,_TURISM_JA_VABA_AJA_VEETMINE', 'Reisimine, turism ja vaba aja veetmine');
INSERT IGNORE INTO Translation (translationGroup, translationKey, translation) VALUES (3, 'TOPIC_REISIMINE,_TURISM_JA_VABA_AJA_VEETMINE', 'Travel, tourism and leisure');
INSERT IGNORE INTO Translation (translationGroup, translationKey, translation) VALUES (2, 'TOPIC_REISIMINE,_TURISM_JA_VABA_AJA_VEETMINE', 'Reisimine, turism ja vaba aja veetmine');
INSERT IGNORE INTO Translation (translationGroup, translationKey, translation) VALUES (1, 'TOPIC_SÕJANDUS_JA_RIIGIKAITSE', 'Sõjandus ja riigikaitse');
INSERT IGNORE INTO Translation (translationGroup, translationKey, translation) VALUES (3, 'TOPIC_SÕJANDUS_JA_RIIGIKAITSE', 'Military and national defense');
INSERT IGNORE INTO Translation (translationGroup, translationKey, translation) VALUES (2, 'TOPIC_SÕJANDUS_JA_RIIGIKAITSE', 'Sõjandus ja riigikaitse');
INSERT IGNORE INTO Translation (translationGroup, translationKey, translation) VALUES (1, 'TOPIC_TRANSPORDITEENUSED', 'Transporditeenused');
INSERT IGNORE INTO Translation (translationGroup, translationKey, translation) VALUES (3, 'TOPIC_TRANSPORDITEENUSED', 'Transportation services');
INSERT IGNORE INTO Translation (translationGroup, translationKey, translation) VALUES (2, 'TOPIC_TRANSPORDITEENUSED', 'Transporditeenused');
INSERT IGNORE INTO Translation (translationGroup, translationKey, translation) VALUES (1, 'TOPIC_HARIDUS', 'Haridus');
INSERT IGNORE INTO Translation (translationGroup, translationKey, translation) VALUES (3, 'TOPIC_HARIDUS', 'Education');
INSERT IGNORE INTO Translation (translationGroup, translationKey, translation) VALUES (2, 'TOPIC_HARIDUS', 'Haridus');
INSERT IGNORE INTO Translation (translationGroup, translationKey, translation) VALUES (1, 'TOPIC_AUDIOVISUAALSED_TEHNIKAD_JA_MEEDIA_TOOTMINE', 'Audiovisuaalsed tehnikad ja meedia tootmine');
INSERT IGNORE INTO Translation (translationGroup, translationKey, translation) VALUES (3, 'TOPIC_AUDIOVISUAALSED_TEHNIKAD_JA_MEEDIA_TOOTMINE', 'Audio-visual techniques and media production');
INSERT IGNORE INTO Translation (translationGroup, translationKey, translation) VALUES (2, 'TOPIC_AUDIOVISUAALSED_TEHNIKAD_JA_MEEDIA_TOOTMINE', 'Audiovisuaalsed tehnikad ja meedia tootmine');


UPDATE LearningObject_Taxon SET taxon = 168 where taxon = 55999;
UPDATE User_Taxon SET taxon = 168 where taxon = 55999;
UPDATE LearningObject_Taxon SET taxon = 4 where taxon in (50212, 150, 152, 50421);
UPDATE User_Taxon SET taxon = 4 where taxon in (50212, 150, 152, 50421);
UPDATE LearningObject_Taxon SET taxon = 151 where taxon in (50413, 50414);
UPDATE User_Taxon SET taxon = 151 where taxon in (50413, 50414);
UPDATE LearningObject_Taxon SET taxon = 175 where taxon in (153, 50561);
UPDATE User_Taxon SET taxon = 175 where taxon in (153, 50561);
UPDATE LearningObject_Taxon SET taxon = 154 where taxon in (50714, 57163, 57162, 50715, 57161);
UPDATE User_Taxon SET taxon = 154 where taxon in (50714, 57163, 57162, 50715, 57161);
UPDATE LearningObject_Taxon SET taxon = 155 where taxon in (50724, 50711, 50721, 50723, 50999);
UPDATE User_Taxon SET taxon = 155 where taxon in (50724, 50711, 50721, 50723, 50999);
UPDATE LearningObject_Taxon SET taxon = 169 where taxon = 55998;
UPDATE User_Taxon SET taxon = 169 where taxon = 55998;
UPDATE LearningObject_Taxon SET taxon = 156 where taxon = 50811;
UPDATE User_Taxon SET taxon = 156 where taxon = 50811;
UPDATE LearningObject_Taxon SET taxon = 158 where taxon in (50912, 159);
UPDATE User_Taxon SET taxon = 158 where taxon in (50912, 159);
UPDATE LearningObject_Taxon SET taxon = 170 where taxon in (55033, 51015);
UPDATE User_Taxon SET taxon = 170 where taxon in (55033, 51015);
UPDATE LearningObject_Taxon SET taxon = 180 where taxon in (161, 51031);
UPDATE User_Taxon SET taxon = 180 where taxon in (161, 51031);
UPDATE LearningObject_Taxon SET taxon = 171 where taxon in (51041, 51043, 51042);
UPDATE User_Taxon SET taxon = 171 where taxon in (51041, 51043, 51042);

update ReviewableChange set taxon = 168 where taxon = 55999;
update ReviewableChange set taxon = 4 where taxon in (50212, 150, 152, 50421);
update ReviewableChange set taxon = 151 where taxon in (50413, 50414);
update ReviewableChange set taxon = 175 where taxon in (153, 50561);
update ReviewableChange set taxon = 154 where taxon in (50714, 57163, 57162, 50715, 57161);
update ReviewableChange set taxon = 155 where taxon in (50724, 50711, 50721, 50723, 50999);
update ReviewableChange set taxon = 169 where taxon = 55998;
update ReviewableChange set taxon = 156 where taxon = 50811;
update ReviewableChange set taxon = 158 where taxon in (50912, 159);
update ReviewableChange set taxon = 170 where taxon in (55033, 51015);
update ReviewableChange set taxon = 180 where taxon in (161, 51031);
update ReviewableChange set taxon = 171 where taxon in (51041, 51043, 51042);